Store,Date,Weekly_Sales,Holiday_Flag,Temperature,Fuel_Price,CPI,Unemployment,DiscountApplied
1,05-02-2010,1479321.81,0,42.31,2.572,211.0963582,8.106,True
1,12-02-2010,1477761.696,1,38.51,2.548,211.2421698,8.106,True
1,19-02-2010,1450771.353,0,39.93,2.514,211.2891429,8.106,True
1,26-02-2010,1268754.831,0,46.63,2.561,211.3196429,8.106,True
1,05-03-2010,1399326.0119999999,0,46.5,2.625,211.3501429,8.106,True
1,12-03-2010,1295587.431,0,57.79,2.667,211.3806429,8.106,True
1,19-03-2010,1325264.2110000001,0,54.58,2.72,211.215635,8.106,True
1,26-03-2010,1263986.928,0,51.45,2.732,211.0180424,8.106,True
1,02-04-2010,1435471.452,0,62.27,2.719,210.8204499,7.808,True
1,09-04-2010,1390876.6770000001,0,65.86,2.77,210.6228574,7.808,True
1,16-04-2010,1319452.452,0,66.32,2.808,210.4887,7.808,True
1,23-04-2010,1252130.5080000001,0,64.84,2.795,210.4391228,7.808,True
1,30-04-2010,1282590.639,0,67.41,2.78,210.3895456,7.808,True
1,07-05-2010,1443559.6080000002,0,72.55,2.835,210.3399684,7.808,True
1,14-05-2010,1344826.35,0,74.78,2.854,210.3374261,7.808,True
1,21-05-2010,1259695.8630000001,0,76.44,2.826,210.6170934,7.808,True
1,28-05-2010,1288862.955,0,80.44,2.759,210.8967606,7.808,True
1,04-06-2010,1453972.239,0,80.69,2.705,211.1764278,7.808,True
1,11-06-2010,1388304.9810000001,0,80.43,2.668,211.4560951,7.808,True
1,18-06-2010,1352955.654,0,84.11,2.637,211.4537719,7.808,True
1,25-06-2010,1280440.4400000002,0,84.34,2.653,211.3386526,7.808,True
1,02-07-2010,1343176.326,0,80.91,2.669,211.2235333,7.787,True
1,09-07-2010,1391466.7619999999,0,80.48,2.642,211.108414,7.787,True
1,16-07-2010,1304045.028,0,83.15,2.623,211.1003854,7.787,True
1,23-07-2010,1246558.68,0,83.36,2.608,211.2351443,7.787,True
1,30-07-2010,1234787.9400000002,0,81.84,2.64,211.3699032,7.787,True
1,06-08-2010,1444942.602,0,87.16,2.627,211.5046621,7.787,True
1,13-08-2010,1357413.984,0,87.0,2.692,211.6394211,7.787,True
1,20-08-2010,1361772.441,0,86.65,2.664,211.6033633,7.787,True
1,27-08-2010,1304228.628,0,85.22,2.619,211.5673056,7.787,True
1,03-09-2010,1386147.1770000001,0,81.21,2.577,211.5312479,7.787,True
1,10-09-2010,1356714.621,1,78.69,2.565,211.4951902,7.787,True
1,17-09-2010,1287340.803,0,82.11,2.582,211.5224596,7.787,True
1,24-09-2010,1216611.9270000001,0,80.94,2.624,211.5972246,7.787,True
1,01-10-2010,1307996.55,0,71.89,2.603,211.6719895,7.838,True
1,08-10-2010,1357415.937,0,63.93,2.633,211.7467544,7.838,True
1,15-10-2010,1313468.1900000002,0,67.18,2.72,211.8137436,7.838,True
1,22-10-2010,1210908.6,0,69.86,2.725,211.8612937,7.838,True
1,29-10-2010,1245788.298,0,69.64,2.716,211.9088438,7.838,True
1,05-11-2010,1396493.352,0,58.74,2.689,211.9563939,7.838,True
1,12-11-2010,1345031.541,0,59.61,2.728,212.003944,7.838,True
1,19-11-2010,1335405.7619999999,0,51.41,2.771,211.8896737,7.838,True
1,26-11-2010,1760061.699,1,64.52,2.735,211.7484333,7.838,True
1,03-12-2010,1393230.402,0,49.27,2.708,211.607193,7.838,True
1,10-12-2010,1514352.834,0,46.33,2.843,211.4659526,7.838,True
1,17-12-2010,1701931.437,0,49.84,2.869,211.4053124,7.838,True
1,24-12-2010,2149155.18,0,52.33,2.886,211.4051222,7.838,True
1,31-12-2010,1230588.009,1,48.43,2.943,211.4049321,7.838,True
1,07-01-2011,1300259.0520000001,0,48.27,2.976,211.4047419,7.742,True
1,14-01-2011,1251912.564,0,35.4,2.983,211.4574109,7.742,True
1,21-01-2011,1194664.878,0,44.04,3.016,211.8272343,7.742,True
1,28-01-2011,1185209.3790000002,0,43.83,3.01,212.1970577,7.742,True
1,04-02-2011,1445966.6220000002,0,42.27,2.989,212.5668812,7.742,True
1,11-02-2011,1484653.437,1,36.39,3.022,212.9367046,7.742,True
1,18-02-2011,1518158.502,0,57.36,3.045,213.2478853,7.742,True
1,25-02-2011,1311120.252,0,62.9,3.065,213.535609,7.742,True
1,04-03-2011,1472637.069,0,59.58,3.288,213.8233327,7.742,True
1,11-03-2011,1397872.467,0,53.56,3.459,214.1110564,7.742,True
1,18-03-2011,1419136.2540000002,0,62.76,3.488,214.3627114,7.742,True
1,25-03-2011,1386992.142,0,69.97,3.473,214.5999389,7.742,True
1,01-04-2011,1345558.2750000001,0,59.17,3.524,214.8371664,7.682,True
1,08-04-2011,1452833.415,0,67.84,3.622,215.0743939,7.682,True
1,15-04-2011,1403900.1,0,71.27,3.743,215.2918561,7.682,True
1,22-04-2011,1408337.8290000001,0,72.99,3.807,215.4599053,7.682,True
1,29-04-2011,1309581.621,0,72.03,3.81,215.6279544,7.682,True
1,06-05-2011,1466452.152,0,64.61,3.906,215.7960035,7.682,True
1,13-05-2011,1444298.022,0,75.64,3.899,215.9640526,7.682,True
1,20-05-2011,1285396.443,0,67.63,3.907,215.7339202,7.682,True
1,27-05-2011,1319442.003,0,77.72,3.786,215.5037878,7.682,True
1,03-06-2011,1471570.569,0,83.0,3.699,215.2736553,7.682,True
1,10-06-2011,1430053.4880000001,0,83.13,3.648,215.0435229,7.682,True
1,17-06-2011,1378903.374,0,86.41,3.637,214.9980596,7.682,True
1,24-06-2011,1294947.135,0,83.58,3.594,215.0910982,7.682,True
1,01-07-2011,1339684.2810000002,0,85.55,3.524,215.1841368,7.962,True
1,08-07-2011,1381364.676,0,85.83,3.48,215.2771754,7.962,True
1,15-07-2011,1309607.973,0,88.54,3.575,215.3611087,7.962,True
1,22-07-2011,1257234.138,0,85.77,3.651,215.4222784,7.962,True
1,29-07-2011,1216997.811,0,86.83,3.682,215.4834482,7.962,True
1,05-08-2011,1461945.375,0,91.65,3.684,215.544618,7.962,True
1,12-08-2011,1372632.381,0,90.76,3.638,215.6057878,7.962,True
1,19-08-2011,1377685.287,0,89.94,3.554,215.6693107,7.962,True
1,26-08-2011,1318224.114,0,87.96,3.523,215.7332258,7.962,True
1,02-09-2011,1395206.298,0,87.83,3.533,215.7971409,7.962,True
1,09-09-2011,1386424.116,1,76.0,3.546,215.861056,7.962,True
1,16-09-2011,1362833.8020000001,0,79.94,3.526,216.0410526,7.962,True
1,23-09-2011,1242018.243,0,75.8,3.467,216.3758246,7.962,True
1,30-09-2011,1255105.647,0,79.69,3.355,216.7105965,7.962,True
1,07-10-2011,1467890.955,0,69.31,3.285,217.0453684,7.866,True
1,14-10-2011,1344173.337,0,71.74,3.274,217.3552733,7.866,True
1,21-10-2011,1352306.502,0,63.71,3.353,217.5159762,7.866,True
1,28-10-2011,1300724.181,0,66.57,3.372,217.6766791,7.866,True
1,04-11-2011,1527506.6220000002,0,54.98,3.332,217.837382,7.866,True
1,11-11-2011,1435445.001,0,59.11,3.297,217.9980849,7.866,True
1,18-11-2011,1385535.33,0,62.25,3.308,218.2205088,7.866,True
1,25-11-2011,1829988.594,1,60.14,3.236,218.4676211,7.866,True
1,02-12-2011,1425675.555,0,48.91,3.172,218.7147333,7.866,True
1,09-12-2011,1619714.142,0,43.93,3.158,218.9618456,7.866,True
1,16-12-2011,1693059.003,0,51.63,3.159,219.1794533,7.866,True
1,23-12-2011,2043170.0910000002,0,47.96,3.112,219.3577216,7.866,True
1,30-12-2011,1347716.448,1,44.55,3.129,219.5359898,7.866,True
1,06-01-2012,1395332.928,0,49.01,3.157,219.7142581,7.348,True
1,13-01-2012,1313641.053,0,48.53,3.261,219.8925263,7.348,True
1,20-01-2012,1254954.456,0,54.11,3.268,219.9856893,7.348,True
1,27-01-2012,1187393.0310000002,0,54.26,3.29,220.0788523,7.348,True
1,03-02-2012,1472705.685,0,56.55,3.36,220.1720153,7.348,True
1,10-02-2012,1622229.687,1,48.02,3.409,220.2651783,7.348,True
1,17-02-2012,1637883.0,0,45.32,3.51,220.4257586,7.348,True
1,24-02-2012,1385449.047,0,57.25,3.555,220.636902,7.348,True
1,02-03-2012,1519578.6840000001,0,60.96,3.63,220.8480454,7.348,True
1,09-03-2012,1507888.044,0,58.76,3.669,221.0591887,7.348,True
1,16-03-2012,1509725.502,0,64.74,3.734,221.2118132,7.348,True
1,23-03-2012,1359961.263,0,65.93,3.787,221.2864126,7.348,True
1,30-03-2012,1484644.167,0,67.61,3.845,221.3610119,7.348,True
1,06-04-2012,1709709.192,0,70.43,3.891,221.4356112,7.143,True
1,13-04-2012,1458928.53,0,69.07,3.891,221.5102105,7.143,True
1,20-04-2012,1369420.083,0,66.76,3.877,221.5640737,7.143,True
1,27-04-2012,1322035.533,0,67.23,3.814,221.6179368,7.143,True
1,04-05-2012,1516067.991,0,75.55,3.749,221.6718,7.143,True
1,11-05-2012,1449986.445,0,73.77,3.688,221.7256632,7.143,True
1,18-05-2012,1436311.6830000002,0,70.33,3.63,221.742674,7.143,True
1,25-05-2012,1399900.095,0,77.22,3.561,221.744944,7.143,True
1,01-06-2012,1462029.8220000002,0,77.95,3.501,221.7472139,7.143,True
1,08-06-2012,1527507.864,0,78.3,3.452,221.7494839,7.143,True
1,15-06-2012,1467546.3,0,79.35,3.393,221.7626421,7.143,True
1,22-06-2012,1375061.229,0,78.39,3.346,221.8030211,7.143,True
1,29-06-2012,1386379.341,0,84.88,3.286,221.8434,7.143,True
1,06-07-2012,1592868.744,0,81.57,3.227,221.8837789,6.908,True
1,13-07-2012,1374312.6360000002,0,77.12,3.256,221.9241579,6.908,True
1,20-07-2012,1348159.284,0,80.42,3.311,221.9327267,6.908,True
1,27-07-2012,1295211.339,0,82.66,3.407,221.9412954,6.908,True
1,03-08-2012,1468022.2110000001,0,86.11,3.417,221.9498642,6.908,True
1,10-08-2012,1433168.973,0,85.05,3.494,221.9584329,6.908,True
1,17-08-2012,1438081.245,0,84.85,3.571,222.0384109,6.908,True
1,24-08-2012,1344710.142,0,77.66,3.62,222.1719457,6.908,True
1,31-08-2012,1423875.06,0,80.49,3.638,222.3054805,6.908,True
1,07-09-2012,1495590.597,1,83.96,3.73,222.4390153,6.908,True
1,14-09-2012,1365685.9830000002,0,74.97,3.717,222.5820193,6.908,True
1,21-09-2012,1355513.4540000001,0,69.87,3.721,222.7818386,6.908,True
1,28-09-2012,1293353.334,0,76.08,3.666,222.9816579,6.908,True
1,05-10-2012,1503707.373,0,68.55,3.617,223.1814772,6.573,True
1,12-10-2012,1415765.529,0,62.99,3.601,223.3812965,6.573,True
1,19-10-2012,1357261.8930000002,0,67.97,3.594,223.4257233,6.573,True
1,26-10-2012,1344293.766,0,69.16,3.506,223.4442513,6.573,True
2,05-02-2010,1923290.514,0,40.19,2.572,210.7526053,8.324,True
2,12-02-2010,1924028.55,1,38.49,2.548,210.8979935,8.324,True
2,19-02-2010,1912006.3860000002,0,39.69,2.514,210.9451605,8.324,True
2,26-02-2010,1678587.543,0,46.1,2.561,210.9759573,8.324,True
2,05-03-2010,1791911.817,0,47.17,2.625,211.0067542,8.324,True
2,12-03-2010,1791435.402,0,57.56,2.667,211.037551,8.324,True
2,19-03-2010,1751463.792,0,54.52,2.72,210.8733316,8.324,True
2,26-03-2010,1575178.029,0,51.26,2.732,210.6766095,8.324,True
2,02-04-2010,1859568.948,0,63.27,2.719,210.4798874,8.2,True
2,09-04-2010,1759220.289,0,65.41,2.77,210.2831653,8.2,True
2,16-04-2010,1687462.146,0,68.07,2.808,210.1495463,8.2,True
2,23-04-2010,1639791.837,0,65.11,2.795,210.1000648,8.2,True
2,30-04-2010,1622205.2610000002,0,66.98,2.78,210.0505833,8.2,True
2,07-05-2010,1838323.539,0,71.28,2.835,210.0011018,8.2,True
2,14-05-2010,1692677.124,0,73.31,2.854,209.9984585,8.2,True
2,21-05-2010,1707243.3900000001,0,74.83,2.826,210.2768443,8.2,True
2,28-05-2010,1761402.501,0,81.13,2.759,210.5552301,8.2,True
2,04-06-2010,1892285.9370000002,0,81.81,2.705,210.833616,8.2,True
2,11-06-2010,1822984.884,0,83.4,2.668,211.1120018,8.2,True
2,18-06-2010,1801473.264,0,85.81,2.637,211.1096543,8.2,True
2,25-06-2010,1745934.381,0,86.26,2.653,210.9950134,8.2,True
2,02-07-2010,1803546.576,0,82.74,2.669,210.8803726,8.099,True
2,09-07-2010,1692812.3580000002,0,82.59,2.642,210.7657317,8.099,True
2,16-07-2010,1661291.811,0,85.32,2.623,210.7577954,8.099,True
2,23-07-2010,1603545.939,0,87.66,2.608,210.8921319,8.099,True
2,30-07-2010,1623821.544,0,83.49,2.64,211.0264684,8.099,True
2,06-08-2010,1792718.982,0,89.53,2.627,211.1608049,8.099,True
2,13-08-2010,1706040.945,0,89.05,2.692,211.2951413,8.099,True
2,20-08-2010,1767901.707,0,88.7,2.664,211.2596586,8.099,True
2,27-08-2010,1677456.441,0,87.12,2.619,211.2241759,8.099,True
2,03-09-2010,1714147.2810000002,0,81.83,2.577,211.1886931,8.099,True
2,10-09-2010,1655215.9470000002,1,79.09,2.565,211.1532104,8.099,True
2,17-09-2010,1614513.2400000002,0,82.05,2.582,211.1806415,8.099,True
2,24-09-2010,1552101.498,0,81.79,2.624,211.2552578,8.099,True
2,01-10-2010,1644696.3869999999,0,69.24,2.603,211.3298742,8.163,True
2,08-10-2010,1664929.296,0,63.19,2.633,211.4044906,8.163,True
2,15-10-2010,1614919.941,0,65.8,2.72,211.4713286,8.163,True
2,22-10-2010,1564152.876,0,68.5,2.725,211.5187208,8.163,True
2,29-10-2010,1622479.5990000002,0,66.24,2.716,211.5661131,8.163,True
2,05-11-2010,1745155.2689999999,0,57.85,2.689,211.6135053,8.163,True
2,12-11-2010,1725131.466,0,59.69,2.728,211.6608975,8.163,True
2,19-11-2010,1761065.253,0,50.81,2.771,211.5470304,8.163,True
2,26-11-2010,2392852.761,1,62.98,2.735,211.4062867,8.163,True
2,03-12-2010,1814203.1430000002,0,49.33,2.708,211.265543,8.163,True
2,10-12-2010,2140853.895,0,45.5,2.843,211.1247993,8.163,True
2,17-12-2010,2348250.075,0,47.55,2.869,211.0645458,8.163,True
2,24-12-2010,3092406.912,0,49.97,2.886,211.0646599,8.163,True
2,31-12-2010,1575391.095,1,47.3,2.943,211.064774,8.163,True
2,07-01-2011,1582245.7110000001,0,44.69,2.976,211.0648881,8.028,True
2,14-01-2011,1569774.222,0,33.02,2.983,211.1176713,8.028,True
2,21-01-2011,1576246.41,0,41.4,3.016,211.4864691,8.028,True
2,28-01-2011,1525834.5119999999,0,42.83,3.01,211.8552668,8.028,True
2,04-02-2011,1736411.607,0,38.25,2.989,212.2240646,8.028,True
2,11-02-2011,1951237.449,1,33.19,3.022,212.5928624,8.028,True
2,18-02-2011,1872796.338,0,57.83,3.045,212.9033115,8.028,True
2,25-02-2011,1650159.972,0,60.8,3.065,213.190421,8.028,True
2,04-03-2011,1783447.002,0,57.77,3.288,213.4775305,8.028,True
2,11-03-2011,1691196.5790000001,0,52.7,3.459,213.7646401,8.028,True
2,18-03-2011,1712301.8939999999,0,62.32,3.488,214.0156238,8.028,True
2,25-03-2011,1589545.845,0,69.42,3.473,214.2521573,8.028,True
2,01-04-2011,1620154.2240000002,0,55.43,3.524,214.4886908,7.931,True
2,08-04-2011,1662797.3490000002,0,67.0,3.622,214.7252242,7.931,True
2,15-04-2011,1670821.056,0,69.48,3.743,214.9420631,7.931,True
2,22-04-2011,1697705.6400000001,0,69.39,3.807,215.1096657,7.931,True
2,29-04-2011,1570990.752,0,69.21,3.81,215.2772683,7.931,True
2,06-05-2011,1653969.2400000002,0,61.48,3.906,215.4448709,7.931,True
2,13-05-2011,1654661.763,0,74.61,3.899,215.6124735,7.931,True
2,20-05-2011,1519453.674,0,67.14,3.907,215.3834778,7.931,True
2,27-05-2011,1617959.304,0,76.42,3.786,215.1544822,7.931,True
2,03-06-2011,1740380.589,0,83.07,3.699,214.9254865,7.931,True
2,10-06-2011,1736237.844,0,83.4,3.648,214.6964908,7.931,True
2,17-06-2011,1758394.791,0,86.53,3.637,214.6513538,7.931,True
2,24-06-2011,1611833.22,0,85.17,3.594,214.7441108,7.931,True
2,01-07-2011,1679618.7,0,85.69,3.524,214.8368678,7.852,True
2,08-07-2011,1667845.791,0,87.7,3.48,214.9296249,7.852,True
2,15-07-2011,1606668.561,0,89.83,3.575,215.0134426,7.852,True
2,22-07-2011,1569434.7689999999,0,89.34,3.651,215.0749122,7.852,True
2,29-07-2011,1512623.7540000002,0,90.07,3.682,215.1363819,7.852,True
2,05-08-2011,1689033.834,0,93.34,3.684,215.1978515,7.852,True
2,12-08-2011,1631491.4340000001,0,91.58,3.638,215.2593211,7.852,True
2,19-08-2011,1659685.131,0,89.86,3.554,215.3229307,7.852,True
2,26-08-2011,1639025.919,0,90.45,3.523,215.386897,7.852,True
2,02-09-2011,1628207.73,0,89.64,3.533,215.4508632,7.852,True
2,09-09-2011,1573200.585,1,77.97,3.546,215.5148295,7.852,True
2,16-09-2011,1522295.568,0,78.85,3.526,215.6944378,7.852,True
2,23-09-2011,1502369.8020000001,0,75.58,3.467,216.0282356,7.852,True
2,30-09-2011,1485354.996,0,78.14,3.355,216.3620333,7.852,True
2,07-10-2011,1653798.087,0,69.92,3.285,216.6958311,7.441,True
2,14-10-2011,1569493.971,0,71.67,3.274,217.0048261,7.441,True
2,21-10-2011,1651212.225,0,64.53,3.353,217.1650042,7.441,True
2,28-10-2011,1592366.625,0,65.87,3.372,217.3251824,7.441,True
2,04-11-2011,1763737.1099999999,0,55.53,3.332,217.4853605,7.441,True
2,11-11-2011,1728652.635,0,59.33,3.297,217.6455387,7.441,True
2,18-11-2011,1712486.25,0,62.01,3.308,217.8670218,7.441,True
2,25-11-2011,2352782.07,1,56.36,3.236,218.1130269,7.441,True
2,02-12-2011,1759456.8,0,48.74,3.172,218.3590319,7.441,True
2,09-12-2011,2061494.3879999998,0,41.76,3.158,218.605037,7.441,True
2,16-12-2011,2189462.8680000002,0,50.13,3.159,218.8217928,7.441,True
2,23-12-2011,2901932.82,0,46.66,3.112,218.9995495,7.441,True
2,30-12-2011,1686803.868,1,44.57,3.129,219.1773063,7.441,True
2,06-01-2012,1619568.126,0,46.75,3.157,219.355063,7.057,True
2,13-01-2012,1570252.932,0,45.99,3.261,219.5328198,7.057,True
2,20-01-2012,1540592.199,0,51.7,3.268,219.6258417,7.057,True
2,27-01-2012,1494815.5259999998,0,50.5,3.29,219.7188636,7.057,True
2,03-02-2012,1741769.946,0,55.21,3.36,219.8118854,7.057,True
2,10-02-2012,1892990.4120000002,1,46.98,3.409,219.9049073,7.057,True
2,17-02-2012,1977019.614,0,43.82,3.51,220.0651993,7.057,True
2,24-02-2012,1675622.43,0,54.63,3.555,220.275944,7.057,True
2,02-03-2012,1757300.094,0,58.79,3.63,220.4866886,7.057,True
2,09-03-2012,1743865.4340000001,0,57.11,3.669,220.6974332,7.057,True
2,16-03-2012,1778473.917,0,63.68,3.734,220.8498468,7.057,True
2,23-03-2012,1611395.244,0,64.01,3.787,220.9244858,7.057,True
2,30-03-2012,1671732.756,0,66.83,3.845,220.9991248,7.057,True
2,06-04-2012,1916132.3190000001,0,68.43,3.891,221.0737638,6.891,True
2,13-04-2012,1742282.1900000002,0,68.08,3.891,221.1484028,6.891,True
2,20-04-2012,1662610.005,0,65.69,3.877,221.2021074,6.891,True
2,27-04-2012,1587719.7810000002,0,67.2,3.814,221.255812,6.891,True
2,04-05-2012,1731561.381,0,76.73,3.749,221.3095166,6.891,True
2,11-05-2012,1725768.891,0,73.87,3.688,221.3632212,6.891,True
2,18-05-2012,1800846.603,0,71.27,3.63,221.380331,6.891,True
2,25-05-2012,1721511.9810000001,0,78.19,3.561,221.3828029,6.891,True
2,01-06-2012,1719083.1330000001,0,78.38,3.501,221.3852748,6.891,True
2,08-06-2012,1809194.841,0,78.69,3.452,221.3877467,6.891,True
2,15-06-2012,1766631.87,0,80.56,3.393,221.4009901,6.891,True
2,22-06-2012,1698959.889,0,81.04,3.346,221.4411622,6.891,True
2,29-06-2012,1692941.5080000001,0,86.32,3.286,221.4813343,6.891,True
2,06-07-2012,1837356.66,0,84.2,3.227,221.5215064,6.565,True
2,13-07-2012,1647067.6169999999,0,80.17,3.256,221.5616784,6.565,True
2,20-07-2012,1637699.814,0,83.23,3.311,221.5701123,6.565,True
2,27-07-2012,1582131.4919999999,0,86.37,3.407,221.5785461,6.565,True
2,03-08-2012,1751494.176,0,90.22,3.417,221.5869799,6.565,True
2,10-08-2012,1680047.964,0,88.55,3.494,221.5954138,6.565,True
2,17-08-2012,1735214.409,0,84.79,3.571,221.6751459,6.565,True
2,24-08-2012,1689109.335,0,76.91,3.62,221.8083518,6.565,True
2,31-08-2012,1752374.97,0,82.64,3.638,221.9415576,6.565,True
2,07-09-2012,1708899.3630000001,1,87.65,3.73,222.0747635,6.565,True
2,14-09-2012,1633325.967,0,75.88,3.717,222.2174395,6.565,True
2,21-09-2012,1646474.103,0,71.09,3.721,222.4169362,6.565,True
2,28-09-2012,1571823.5040000002,0,79.45,3.666,222.6164329,6.565,True
2,05-10-2012,1798488.936,0,70.27,3.617,222.8159296,6.17,True
2,12-10-2012,1710670.6169999999,0,60.97,3.601,223.0154263,6.17,True
2,19-10-2012,1663191.369,0,68.08,3.594,223.0598077,6.17,True
2,26-10-2012,1651012.5150000001,0,69.79,3.506,223.0783366,6.17,True
3,05-02-2010,415459.99799999996,0,45.71,2.572,214.4248812,7.368,True
3,12-02-2010,378656.064,1,47.93,2.548,214.5747916,7.368,True
3,19-02-2010,379477.971,0,47.07,2.514,214.6198868,7.368,True
3,26-02-2010,366484.374,0,52.05,2.561,214.6475127,7.368,True
3,05-03-2010,373681.836,0,53.04,2.625,214.6751386,7.368,True
3,12-03-2010,345780.621,0,63.08,2.667,214.7027646,7.368,True
3,19-03-2010,337795.731,0,60.42,2.72,214.5301219,7.368,True
3,26-03-2010,323954.34300000005,0,57.06,2.732,214.3241011,7.368,True
3,02-04-2010,380964.96,0,65.56,2.719,214.1180803,7.343,True
3,09-04-2010,374283.25200000004,0,68.0,2.77,213.9120595,7.343,True
3,16-04-2010,319493.934,0,66.98,2.808,213.7726889,7.343,True
3,23-04-2010,305978.98500000004,0,67.87,2.795,213.7221852,7.343,True
3,30-04-2010,325123.55100000004,0,70.24,2.78,213.6716815,7.343,True
3,07-05-2010,359391.474,0,73.47,2.835,213.6211778,7.343,True
3,14-05-2010,345922.146,0,77.18,2.854,213.6196139,7.343,True
3,21-05-2010,309386.853,0,75.81,2.826,213.9116886,7.343,True
3,28-05-2010,315080.307,0,78.6,2.759,214.2037634,7.343,True
3,04-06-2010,357271.92,0,78.53,2.705,214.4958382,7.343,True
3,11-06-2010,319515.38100000005,0,82.1,2.668,214.787913,7.343,True
3,18-06-2010,327669.165,0,83.52,2.637,214.7858259,7.343,True
3,25-06-2010,321611.832,0,83.79,2.653,214.6660741,7.343,True
3,02-07-2010,343036.548,0,82.2,2.669,214.5463222,7.346,True
3,09-07-2010,314292.762,0,81.75,2.642,214.4265704,7.346,True
3,16-07-2010,317455.90200000006,0,84.32,2.623,214.4176476,7.346,True
3,23-07-2010,317578.041,0,83.32,2.608,214.5564968,7.346,True
3,30-07-2010,313159.545,0,82.04,2.64,214.695346,7.346,True
3,06-08-2010,362372.184,0,85.13,2.627,214.8341952,7.346,True
3,13-08-2010,305637.642,0,86.74,2.692,214.9730444,7.346,True
3,20-08-2010,316555.389,0,88.02,2.664,214.9314191,7.346,True
3,27-08-2010,325920.68100000004,0,86.15,2.619,214.8897938,7.346,True
3,03-09-2010,329826.573,0,84.16,2.577,214.8481685,7.346,True
3,10-09-2010,317034.87299999996,1,80.84,2.565,214.8065431,7.346,True
3,17-09-2010,326758.17600000004,0,82.36,2.582,214.8322484,7.346,True
3,24-09-2010,320064.183,0,76.9,2.624,214.9084516,7.346,True
3,01-10-2010,322905.69,0,73.6,2.603,214.9846548,7.564,True
3,08-10-2010,355596.615,0,66.99,2.633,215.060858,7.564,True
3,15-10-2010,311025.951,0,69.71,2.72,215.1293114,7.564,True
3,22-10-2010,314006.382,0,71.64,2.725,215.17839,7.564,True
3,29-10-2010,313732.566,0,72.04,2.716,215.2274686,7.564,True
3,05-11-2010,380858.004,0,62.94,2.689,215.2765472,7.564,True
3,12-11-2010,347971.52700000006,0,62.79,2.728,215.3256258,7.564,True
3,19-11-2010,335290.788,0,57.72,2.771,215.2074519,7.564,True
3,26-11-2010,509011.056,1,68.71,2.735,215.0614025,7.564,True
3,03-12-2010,428778.693,0,53.76,2.708,214.9153531,7.564,True
3,10-12-2010,420877.82700000005,0,51.13,2.843,214.7693037,7.564,True
3,17-12-2010,448343.451,0,52.2,2.869,214.704919,7.564,True
3,24-12-2010,545391.3690000001,0,57.16,2.886,214.7017828,7.564,True
3,31-12-2010,344409.984,1,53.2,2.943,214.6986466,7.564,True
3,07-01-2011,340417.206,0,53.35,2.976,214.6955104,7.551,True
3,14-01-2011,342954.99,0,44.76,2.983,214.7470729,7.551,True
3,21-01-2011,315789.03,0,50.74,3.016,215.1268275,7.551,True
3,28-01-2011,328379.616,0,48.71,3.01,215.5065821,7.551,True
3,04-02-2011,394664.87700000004,0,45.95,2.989,215.8863367,7.551,True
3,11-02-2011,387473.58900000004,1,43.57,3.022,216.2660913,7.551,True
3,18-02-2011,389503.89,0,61.58,3.045,216.5843571,7.551,True
3,25-02-2011,357490.071,0,67.4,3.065,216.8780275,7.551,True
3,04-03-2011,393376.059,0,65.11,3.288,217.1716979,7.551,True
3,11-03-2011,364277.97,0,61.29,3.459,217.4653683,7.551,True
3,18-03-2011,352898.559,0,69.47,3.488,217.7235226,7.551,True
3,25-03-2011,342615.303,0,72.94,3.473,217.9674705,7.551,True
3,01-04-2011,337100.472,0,68.76,3.524,218.2114184,7.574,True
3,08-04-2011,345667.779,0,72.55,3.622,218.4553663,7.574,True
3,15-04-2011,329625.621,0,75.88,3.743,218.6788642,7.574,True
3,22-04-2011,352674.03599999996,0,76.91,3.807,218.851237,7.574,True
3,29-04-2011,330664.86000000004,0,78.69,3.81,219.0236099,7.574,True
3,06-05-2011,371737.908,0,69.45,3.906,219.1959827,7.574,True
3,13-05-2011,347681.412,0,79.87,3.899,219.3683556,7.574,True
3,20-05-2011,328142.81700000004,0,75.79,3.907,219.127216,7.574,True
3,27-05-2011,332415.54,0,84.41,3.786,218.8860765,7.574,True
3,03-06-2011,355057.05600000004,0,84.29,3.699,218.6449369,7.574,True
3,10-06-2011,352474.875,0,84.84,3.648,218.4037974,7.574,True
3,17-06-2011,363081.00600000005,0,86.96,3.637,218.3551748,7.574,True
3,24-06-2011,346968.639,0,84.94,3.594,218.45094,7.574,True
3,01-07-2011,332066.448,0,85.1,3.524,218.5467052,7.567,True
3,08-07-2011,355631.616,0,85.38,3.48,218.6424704,7.567,True
3,15-07-2011,336108.897,0,87.14,3.575,218.7275216,7.567,True
3,22-07-2011,324555.63300000003,0,86.19,3.651,218.7857881,7.567,True
3,29-07-2011,310843.16099999996,0,88.07,3.682,218.8440545,7.567,True
3,05-08-2011,368983.125,0,88.45,3.684,218.9023209,7.567,True
3,12-08-2011,342339.165,0,88.88,3.638,218.9605873,7.567,True
3,19-08-2011,341745.219,0,88.44,3.554,219.023271,7.567,True
3,26-08-2011,329730.795,0,87.67,3.523,219.0866908,7.567,True
3,02-09-2011,338389.821,0,89.12,3.533,219.1501106,7.567,True
3,09-09-2011,339612.741,1,81.72,3.546,219.2135305,7.567,True
3,16-09-2011,338066.559,0,83.63,3.526,219.3972867,7.567,True
3,23-09-2011,328724.04600000003,0,80.19,3.467,219.7414914,7.567,True
3,30-09-2011,331630.137,0,82.58,3.355,220.085696,7.567,True
3,07-10-2011,363008.16000000003,0,75.54,3.285,220.4299007,7.197,True
3,14-10-2011,331454.313,0,73.75,3.274,220.7486167,7.197,True
3,21-10-2011,355478.724,0,69.03,3.353,220.9144005,7.197,True
3,28-10-2011,350586.558,0,71.04,3.372,221.0801842,7.197,True
3,04-11-2011,413498.898,0,59.31,3.332,221.245968,7.197,True
3,11-11-2011,366987.825,0,61.7,3.297,221.4117517,7.197,True
3,18-11-2011,358955.073,0,63.91,3.308,221.6432852,7.197,True
3,25-11-2011,501232.671,1,68.0,3.236,221.9011185,7.197,True
3,02-12-2011,425260.188,0,54.97,3.172,222.1589519,7.197,True
3,09-12-2011,421895.52,0,49.26,3.158,222.4167852,7.197,True
3,16-12-2011,459672.858,0,57.95,3.159,222.6426418,7.197,True
3,23-12-2011,496099.089,0,53.41,3.112,222.8258628,7.197,True
3,30-12-2011,369498.492,1,48.29,3.129,223.0090839,7.197,True
3,06-01-2012,358360.389,0,52.42,3.157,223.1923049,6.833,True
3,13-01-2012,330694.75800000003,0,51.86,3.261,223.3755259,6.833,True
3,20-01-2012,329236.749,0,56.2,3.268,223.4700552,6.833,True
3,27-01-2012,314566.29,0,58.06,3.29,223.5645845,6.833,True
3,03-02-2012,382464.594,0,59.33,3.36,223.6591137,6.833,True
3,10-02-2012,425963.223,1,51.65,3.409,223.753643,6.833,True
3,17-02-2012,428031.972,0,52.39,3.51,223.9170153,6.833,True
3,24-02-2012,377032.923,0,60.12,3.555,224.1320199,6.833,True
3,02-03-2012,422777.304,0,61.65,3.63,224.3470245,6.833,True
3,09-03-2012,400645.845,0,60.71,3.669,224.5620291,6.833,True
3,16-03-2012,370598.22,0,64.0,3.734,224.7166953,6.833,True
3,23-03-2012,372516.525,0,66.53,3.787,224.7909104,6.833,True
3,30-03-2012,366739.956,0,69.36,3.845,224.8651254,6.833,True
3,06-04-2012,452908.917,0,73.01,3.891,224.9393405,6.664,True
3,13-04-2012,378710.766,0,72.83,3.891,225.0135556,6.664,True
3,20-04-2012,391339.917,0,72.05,3.877,225.0689541,6.664,True
3,27-04-2012,355154.499,0,73.39,3.814,225.1243526,6.664,True
3,04-05-2012,395922.213,0,79.51,3.749,225.1797511,6.664,True
3,11-05-2012,388786.824,0,75.19,3.688,225.2351496,6.664,True
3,18-05-2012,376301.484,0,72.38,3.63,225.2512024,6.664,True
3,25-05-2012,372331.16099999996,0,78.58,3.561,225.2515168,6.664,True
3,01-06-2012,389041.677,0,81.55,3.501,225.2518313,6.664,True
3,08-06-2012,401703.12,0,81.65,3.452,225.2521458,6.664,True
3,15-06-2012,397867.311,0,84.66,3.393,225.2644795,6.664,True
3,22-06-2012,377548.155,0,82.7,3.346,225.3068615,6.664,True
3,29-06-2012,380668.797,0,86.42,3.286,225.3492435,6.664,True
3,06-07-2012,370085.85000000003,0,83.14,3.227,225.3916254,6.334,True
3,13-07-2012,375221.79,0,82.28,3.256,225.4340074,6.334,True
3,20-07-2012,389182.365,0,81.38,3.311,225.4438827,6.334,True
3,27-07-2012,350485.11000000004,0,84.94,3.407,225.4537579,6.334,True
3,03-08-2012,377991.261,0,86.55,3.417,225.4636332,6.334,True
3,10-08-2012,352630.44,0,85.85,3.494,225.4735085,6.334,True
3,17-08-2012,355426.94700000004,0,87.36,3.571,225.5558664,6.334,True
3,24-08-2012,371204.703,0,83.01,3.62,225.6925864,6.334,True
3,31-08-2012,367954.857,0,85.18,3.638,225.8293063,6.334,True
3,07-09-2012,367406.757,1,84.99,3.73,225.9660263,6.334,True
3,14-09-2012,366830.244,0,78.36,3.717,226.1122067,6.334,True
3,21-09-2012,372952.88100000005,0,72.78,3.721,226.3151496,6.334,True
3,28-09-2012,350831.71800000005,0,77.46,3.666,226.5180926,6.334,True
3,05-10-2012,399201.885,0,72.74,3.617,226.7210356,6.034,True
3,12-10-2012,369723.951,0,70.31,3.601,226.9239785,6.034,True
3,19-10-2012,382061.772,0,73.44,3.594,226.9688442,6.034,True
3,26-10-2012,364889.43,0,74.66,3.506,226.9873637,6.034,True
4,05-02-2010,1921629.4830000002,0,43.76,2.598,126.4420645,8.623,True
4,12-02-2010,1969476.651,1,28.84,2.573,126.4962581,8.623,True
4,19-02-2010,1844874.234,0,36.45,2.54,126.5262857,8.623,True
4,26-02-2010,1733155.956,0,41.36,2.59,126.5522857,8.623,True
4,05-03-2010,1773951.696,0,43.49,2.654,126.5782857,8.623,True
4,12-03-2010,1704891.681,0,49.63,2.704,126.6042857,8.623,True
4,19-03-2010,1707686.424,0,55.19,2.743,126.6066452,8.623,True
4,26-03-2010,1586285.37,0,39.91,2.752,126.6050645,8.623,True
4,02-04-2010,1781322.408,0,48.77,2.74,126.6034839,7.896,True
4,09-04-2010,1636607.448,0,54.16,2.773,126.6019032,7.896,True
4,16-04-2010,1666367.721,0,56.23,2.81,126.5621,7.896,True
4,23-04-2010,1622410.1099999999,0,56.87,2.805,126.4713333,7.896,True
4,30-04-2010,1635545.952,0,53.04,2.787,126.3805667,7.896,True
4,07-05-2010,1800563.5259999998,0,56.77,2.836,126.2898,7.896,True
4,14-05-2010,1688037.5520000001,0,62.35,2.845,126.2085484,7.896,True
4,21-05-2010,1713377.34,0,67.4,2.82,126.1843871,7.896,True
4,28-05-2010,1671780.33,0,67.73,2.756,126.1602258,7.896,True
4,04-06-2010,1712961.522,0,70.83,2.701,126.1360645,7.896,True
4,11-06-2010,1683557.307,0,78.45,2.668,126.1119032,7.896,True
4,18-06-2010,1736762.715,0,81.53,2.635,126.114,7.896,True
4,25-06-2010,1661986.755,0,81.1,2.654,126.1266,7.896,True
4,02-07-2010,1693203.489,0,73.66,2.668,126.1392,7.372,True
4,09-07-2010,1630987.398,0,80.35,2.637,126.1518,7.372,True
4,16-07-2010,1708584.8939999999,0,78.53,2.621,126.1498065,7.372,True
4,23-07-2010,1663584.102,0,79.78,2.612,126.1283548,7.372,True
4,30-07-2010,1616973.8490000002,0,80.7,2.65,126.1069032,7.372,True
4,06-08-2010,1716874.722,0,76.53,2.64,126.0854516,7.372,True
4,13-08-2010,1806345.675,0,78.08,2.698,126.064,7.372,True
4,20-08-2010,1797462.9810000001,0,78.83,2.671,126.0766452,7.372,True
4,27-08-2010,1663563.528,0,74.44,2.621,126.0892903,7.372,True
4,03-09-2010,1742271.8220000002,0,76.8,2.584,126.1019355,7.372,True
4,10-09-2010,1679238.729,1,73.54,2.574,126.1145806,7.372,True
4,17-09-2010,1709963.6490000002,0,64.91,2.594,126.1454667,7.372,True
4,24-09-2010,1629616.212,0,60.96,2.642,126.1900333,7.372,True
4,01-10-2010,1658538.918,0,63.96,2.619,126.2346,7.127,True
4,08-10-2010,1756345.3650000002,0,67.73,2.645,126.2791667,7.127,True
4,15-10-2010,1680610.581,0,62.03,2.732,126.3266774,7.127,True
4,22-10-2010,1734849.054,0,64.17,2.736,126.3815484,7.127,True
4,29-10-2010,1739999.7,0,56.94,2.718,126.4364194,7.127,True
4,05-11-2010,1811804.2110000001,0,51.6,2.699,126.4912903,7.127,True
4,12-11-2010,1799814.834,0,52.65,2.741,126.5461613,7.127,True
4,19-11-2010,1888028.46,0,48.05,2.78,126.6072,7.127,True
4,26-11-2010,2510522.5050000004,1,48.08,2.752,126.6692667,7.127,True
4,03-12-2010,1892277.153,0,46.4,2.727,126.7313333,7.127,True
4,10-12-2010,2072254.3739999998,0,42.4,2.86,126.7934,7.127,True
4,17-12-2010,2466051.426,0,46.57,2.884,126.8794839,7.127,True
4,24-12-2010,3174042.051,0,43.21,2.887,126.9835806,7.127,True
4,31-12-2010,1615381.866,1,38.09,2.955,127.0876774,7.127,True
4,07-01-2011,1676228.6430000002,0,39.34,2.98,127.1917742,6.51,True
4,14-01-2011,1678952.214,0,31.6,2.992,127.3009355,6.51,True
4,21-01-2011,1697754.546,0,38.34,3.017,127.4404839,6.51,True
4,28-01-2011,1632816.7650000001,0,40.6,3.022,127.5800323,6.51,True
4,04-02-2011,1907177.436,0,34.61,2.996,127.7195806,6.51,True
4,11-02-2011,1969062.561,1,33.29,3.033,127.859129,6.51,True
4,18-02-2011,2084846.0040000002,0,48.17,3.058,127.99525,6.51,True
4,25-02-2011,1870285.221,0,49.0,3.087,128.13,6.51,True
4,04-03-2011,1893110.175,0,46.56,3.305,128.26475,6.51,True
4,11-03-2011,1835836.569,0,50.93,3.461,128.3995,6.51,True
4,18-03-2011,1904827.842,0,51.86,3.495,128.5121935,6.51,True
4,25-03-2011,1749747.888,0,59.1,3.48,128.6160645,6.51,True
4,01-04-2011,1710221.823,0,56.99,3.521,128.7199355,5.946,True
4,08-04-2011,1867458.114,0,62.61,3.605,128.8238065,5.946,True
4,15-04-2011,1764528.984,0,62.34,3.724,128.9107333,5.946,True
4,22-04-2011,1998540.684,0,68.8,3.781,128.9553,5.946,True
4,29-04-2011,1690350.696,0,64.22,3.781,128.9998667,5.946,True
4,06-05-2011,1857314.484,0,63.41,3.866,129.0444333,5.946,True
4,13-05-2011,1802126.1330000001,0,70.65,3.872,129.089,5.946,True
4,20-05-2011,1814007.132,0,70.49,3.881,129.0756774,5.946,True
4,27-05-2011,1787938.155,0,73.65,3.771,129.0623548,5.946,True
4,03-06-2011,1858839.435,0,78.26,3.683,129.0490323,5.946,True
4,10-06-2011,1866556.2419999999,0,80.05,3.64,129.0357097,5.946,True
4,17-06-2011,1927089.5580000002,0,83.51,3.618,129.0432,5.946,True
4,24-06-2011,1807510.428,0,81.85,3.57,129.0663,5.946,True
4,01-07-2011,1846380.1770000001,0,84.54,3.504,129.0894,5.644,True
4,08-07-2011,1859887.674,0,84.59,3.469,129.1125,5.644,True
4,15-07-2011,1844142.255,0,83.27,3.563,129.1338387,5.644,True
4,22-07-2011,1832608.251,0,82.84,3.627,129.1507742,5.644,True
4,29-07-2011,1790706.6630000002,0,84.36,3.659,129.1677097,5.644,True
4,05-08-2011,1944051.651,0,86.09,3.662,129.1846452,5.644,True
4,12-08-2011,1895101.8660000002,0,82.98,3.617,129.2015806,5.644,True
4,19-08-2011,2009602.8900000001,0,82.77,3.55,129.2405806,5.644,True
4,26-08-2011,1789641.189,0,81.47,3.523,129.2832581,5.644,True
4,02-09-2011,1870578.279,0,77.99,3.533,129.3259355,5.644,True
4,09-09-2011,1883825.109,1,73.34,3.554,129.3686129,5.644,True
4,16-09-2011,1868019.597,0,72.76,3.532,129.4306,5.644,True
4,23-09-2011,1828265.7689999999,0,69.23,3.473,129.5183333,5.644,True
4,30-09-2011,1736537.967,0,72.15,3.371,129.6060667,5.644,True
4,07-10-2011,1950063.885,0,65.79,3.299,129.6938,5.143,True
4,14-10-2011,1867093.965,0,63.75,3.283,129.7706452,5.143,True
4,21-10-2011,1986967.917,0,64.79,3.361,129.7821613,5.143,True
4,28-10-2011,1936493.6309999998,0,55.31,3.362,129.7936774,5.143,True
4,04-11-2011,2053095.5790000001,0,49.86,3.322,129.8051935,5.143,True
4,11-11-2011,1982726.064,0,47.12,3.286,129.8167097,5.143,True
4,18-11-2011,2019551.9309999999,0,50.44,3.294,129.8268333,5.143,True
4,25-11-2011,2704232.097,1,47.96,3.225,129.8364,5.143,True
4,02-12-2011,1962899.3339999998,0,38.71,3.176,129.8459667,5.143,True
4,09-12-2011,2258059.7160000005,0,31.64,3.153,129.8555333,5.143,True
4,16-12-2011,2494257.453,0,36.44,3.149,129.8980645,5.143,True
4,23-12-2011,3308750.082,0,35.92,3.103,129.9845484,5.143,True
4,30-12-2011,1806395.2740000002,1,36.89,3.119,130.0710323,5.143,True
4,06-01-2012,1842989.463,0,38.64,3.158,130.1575161,4.607,True
4,13-01-2012,1747508.949,0,34.41,3.263,130.244,4.607,True
4,20-01-2012,1804587.984,0,42.09,3.273,130.2792258,4.607,True
4,27-01-2012,1735848.459,0,40.31,3.29,130.3144516,4.607,True
4,03-02-2012,1956036.519,0,41.81,3.354,130.3496774,4.607,True
4,10-02-2012,2137194.5760000004,1,33.0,3.411,130.3849032,4.607,True
4,17-02-2012,2184876.153,0,34.19,3.493,130.4546207,4.607,True
4,24-02-2012,2003995.953,0,41.31,3.541,130.5502069,4.607,True
4,02-03-2012,1985687.91,0,50.38,3.619,130.6457931,4.607,True
4,09-03-2012,1982205.729,0,53.63,3.667,130.7413793,4.607,True
4,16-03-2012,1993470.696,0,59.81,3.707,130.8261935,4.607,True
4,23-03-2012,1882433.286,0,59.07,3.759,130.8966452,4.607,True
4,30-03-2012,1880443.593,0,72.63,3.82,130.9670968,4.607,True
4,06-04-2012,2223185.517,0,67.69,3.864,131.0375484,4.308,True
4,13-04-2012,1894771.2510000002,0,68.69,3.881,131.108,4.308,True
4,20-04-2012,1929903.2010000001,0,68.6,3.864,131.1173333,4.308,True
4,27-04-2012,1857659.094,0,76.47,3.81,131.1266667,4.308,True
4,04-05-2012,1977271.4970000002,0,80.14,3.747,131.136,4.308,True
4,11-05-2012,1914895.053,0,67.64,3.685,131.1453333,4.308,True
4,18-05-2012,1986493.3290000001,0,68.43,3.62,131.0983226,4.308,True
4,25-05-2012,1938723.903,0,77.47,3.551,131.0287742,4.308,True
4,01-06-2012,1961424.846,0,77.41,3.483,130.9592258,4.308,True
4,08-06-2012,2020731.4620000003,0,78.11,3.433,130.8896774,4.308,True
4,15-06-2012,2010771.8370000003,0,80.94,3.372,130.8295333,4.308,True
4,22-06-2012,1977569.685,0,81.63,3.329,130.7929,4.308,True
4,29-06-2012,1915526.628,0,84.23,3.257,130.7562667,4.308,True
4,06-07-2012,2002049.352,0,80.37,3.187,130.7196333,4.077,True
4,13-07-2012,1890227.349,0,76.86,3.224,130.683,4.077,True
4,20-07-2012,1958007.321,0,79.14,3.263,130.7012903,4.077,True
4,27-07-2012,1843752.285,0,81.06,3.356,130.7195806,4.077,True
4,03-08-2012,1957062.717,0,83.86,3.374,130.737871,4.077,True
4,10-08-2012,1974030.921,0,83.21,3.476,130.7561613,4.077,True
4,17-08-2012,2055186.2699999998,0,81.41,3.552,130.7909677,4.077,True
4,24-08-2012,1912717.512,0,75.76,3.61,130.8381613,4.077,True
4,31-08-2012,1873063.215,0,76.47,3.646,130.8853548,4.077,True
4,07-09-2012,1912594.2480000001,1,82.09,3.709,130.9325484,4.077,True
4,14-09-2012,1906069.1400000001,0,68.2,3.706,130.9776667,4.077,True
4,21-09-2012,1907494.677,0,68.97,3.721,131.0103333,4.077,True
4,28-09-2012,1824858.207,0,71.74,3.666,131.043,4.077,True
4,05-10-2012,1988851.887,0,63.07,3.62,131.0756667,3.879,True
4,12-10-2012,1919723.463,0,57.11,3.603,131.1083333,3.879,True
4,19-10-2012,1887540.165,0,64.46,3.61,131.1499677,3.879,True
4,26-10-2012,1934635.014,0,63.64,3.514,131.1930968,3.879,True
5,05-02-2010,285455.79,0,39.7,2.572,211.6539716,6.566,True
5,12-02-2010,280643.13,1,39.81,2.548,211.8004698,6.566,True
5,19-02-2010,273102.813,0,41.14,2.514,211.8471283,6.566,True
5,26-02-2010,243253.467,0,46.7,2.561,211.8771468,6.566,True
5,05-03-2010,259970.13900000002,0,48.89,2.625,211.9071653,6.566,True
5,12-03-2010,267564.231,0,58.5,2.667,211.9371839,6.566,True
5,19-03-2010,253535.76899999997,0,55.46,2.72,211.770897,6.566,True
5,26-03-2010,245954.67299999998,0,52.47,2.732,211.5718925,6.566,True
5,02-04-2010,298265.4,0,63.18,2.719,211.372888,6.465,True
5,09-04-2010,295218.441,0,65.19,2.77,211.1738835,6.465,True
5,16-04-2010,276172.821,0,65.3,2.808,211.0388528,6.465,True
5,23-04-2010,259955.75699999998,0,65.13,2.795,210.9891204,6.465,True
5,30-04-2010,268828.05600000004,0,67.53,2.78,210.939388,6.465,True
5,07-05-2010,300170.33999999997,0,71.53,2.835,210.8896556,6.465,True
5,14-05-2010,267006.39300000004,0,74.79,2.854,210.8872772,6.465,True
5,21-05-2010,271453.941,0,75.2,2.826,211.169023,6.465,True
5,28-05-2010,279011.799,0,79.81,2.759,211.4507688,6.465,True
5,04-06-2010,304043.30100000004,0,79.54,2.705,211.7325146,6.465,True
5,11-06-2010,266977.719,0,80.7,2.668,212.0142605,6.465,True
5,18-06-2010,282416.04,0,83.91,2.637,212.0119769,6.465,True
5,25-06-2010,265731.57,0,83.72,2.653,211.8960815,6.465,True
5,02-07-2010,275393.943,0,81.25,2.669,211.7801861,6.496,True
5,09-07-2010,262627.983,0,81.14,2.642,211.6642907,6.496,True
5,16-07-2010,252631.53000000003,0,83.98,2.623,211.6561123,6.496,True
5,23-07-2010,247268.367,0,83.66,2.608,211.7915565,6.496,True
5,30-07-2010,242036.12700000004,0,82.46,2.64,211.9270006,6.496,True
5,06-08-2010,272738.71800000005,0,86.1,2.627,212.0624447,6.496,True
5,13-08-2010,257829.615,0,87.41,2.692,212.1978889,6.496,True
5,20-08-2010,258484.842,0,87.71,2.664,212.1608984,6.496,True
5,27-08-2010,259667.775,0,87.05,2.619,212.123908,6.496,True
5,03-09-2010,291418.2,0,84.06,2.577,212.0869176,6.496,True
5,10-09-2010,275879.772,1,79.86,2.565,212.0499271,6.496,True
5,17-09-2010,254302.78500000003,0,82.28,2.582,212.0769346,6.496,True
5,24-09-2010,263818.422,0,78.53,2.624,212.1519404,6.496,True
5,01-10-2010,254860.308,0,71.1,2.603,212.2269463,6.768,True
5,08-10-2010,261445.365,0,64.99,2.633,212.3019522,6.768,True
5,15-10-2010,252613.08000000002,0,68.11,2.72,212.3691867,6.768,True
5,22-10-2010,256489.44300000003,0,70.96,2.725,212.4169928,6.768,True
5,29-10-2010,250228.62900000002,0,70.58,2.716,212.464799,6.768,True
5,05-11-2010,292779.27,0,58.88,2.689,212.5126051,6.768,True
5,12-11-2010,271644.624,0,62.37,2.728,212.5604113,6.768,True
5,19-11-2010,267646.329,0,52.52,2.771,212.445487,6.768,True
5,26-11-2010,439526.349,1,66.15,2.735,212.303441,6.768,True
5,03-12-2010,310041.792,0,51.31,2.708,212.1613951,6.768,True
5,10-12-2010,317530.37700000004,0,48.27,2.843,212.0193491,6.768,True
5,17-12-2010,331021.071,0,51.61,2.869,211.9580815,6.768,True
5,24-12-2010,419409.22500000003,0,55.01,2.886,211.9573978,6.768,True
5,31-12-2010,268362.162,1,49.79,2.943,211.9567142,6.768,True
5,07-01-2011,257712.534,0,48.3,2.976,211.9560305,6.634,True
5,14-01-2011,234573.039,0,37.74,2.983,212.008514,6.634,True
5,21-01-2011,247782.00600000002,0,45.41,3.016,212.3800012,6.634,True
5,28-01-2011,251179.551,0,44.5,3.01,212.7514884,6.634,True
5,04-02-2011,296651.88,0,41.67,2.989,213.1229755,6.634,True
5,11-02-2011,280431.486,1,38.25,3.022,213.4944627,6.634,True
5,18-02-2011,320960.349,0,58.83,3.045,213.8068304,6.634,True
5,25-02-2011,265193.55,0,63.35,3.065,214.0955503,6.634,True
5,04-03-2011,296130.294,0,60.35,3.288,214.3842702,6.634,True
5,11-03-2011,263788.29,0,55.74,3.459,214.6729901,6.634,True
5,18-03-2011,280959.903,0,64.31,3.488,214.9257339,6.634,True
5,25-03-2011,265259.25,0,70.71,3.473,215.1640872,6.634,True
5,01-04-2011,282884.895,0,61.5,3.524,215.4024406,6.489,True
5,08-04-2011,276600.25800000003,0,69.64,3.622,215.6407939,6.489,True
5,15-04-2011,277122.222,0,72.02,3.743,215.8592673,6.489,True
5,22-04-2011,295573.896,0,74.34,3.807,216.0280407,6.489,True
5,29-04-2011,276562.404,0,74.75,3.81,216.1968142,6.489,True
5,06-05-2011,290614.212,0,66.27,3.906,216.3655877,6.489,True
5,13-05-2011,261837.00900000002,0,77.38,3.899,216.5343611,6.489,True
5,20-05-2011,269652.897,0,71.37,3.907,216.3023847,6.489,True
5,27-05-2011,267434.721,0,80.14,3.786,216.0704083,6.489,True
5,03-06-2011,296265.528,0,83.81,3.699,215.8384319,6.489,True
5,10-06-2011,274485.726,0,83.61,3.648,215.6064555,6.489,True
5,17-06-2011,274330.63800000004,0,86.84,3.637,215.560463,6.489,True
5,24-06-2011,272593.476,0,84.76,3.594,215.6539583,6.489,True
5,01-07-2011,294384.50100000005,0,85.81,3.524,215.7474537,6.529,True
5,08-07-2011,279724.437,0,86.64,3.48,215.8409491,6.529,True
5,15-07-2011,254923.758,0,88.64,3.575,215.9250696,6.529,True
5,22-07-2011,263285.757,0,86.97,3.651,215.985753,6.529,True
5,29-07-2011,247627.95299999998,0,89.42,3.682,216.0464364,6.529,True
5,05-08-2011,285964.704,0,91.07,3.684,216.1071198,6.529,True
5,12-08-2011,260897.544,0,90.16,3.638,216.1678032,6.529,True
5,19-08-2011,273279.456,0,89.35,3.554,216.2311855,6.529,True
5,26-08-2011,279304.353,0,89.18,3.523,216.2950176,6.529,True
5,02-09-2011,284080.977,0,90.38,3.533,216.3588498,6.529,True
5,09-09-2011,288999.198,1,79.04,3.546,216.4226819,6.529,True
5,16-09-2011,250676.73900000003,0,83.55,3.526,216.6033083,6.529,True
5,23-09-2011,261922.482,0,78.01,3.467,216.9396605,6.529,True
5,30-09-2011,263083.842,0,81.16,3.355,217.2760127,6.529,True
5,07-10-2011,278200.323,0,71.64,3.285,217.6123648,6.3,True
5,14-10-2011,257505.94799999997,0,72.36,3.274,217.9237458,6.3,True
5,21-10-2011,275462.262,0,66.9,3.353,218.0852999,6.3,True
5,28-10-2011,276331.599,0,69.27,3.372,218.2468539,6.3,True
5,04-11-2011,318287.007,0,56.71,3.332,218.408408,6.3,True
5,11-11-2011,280716.03,0,60.71,3.297,218.5699621,6.3,True
5,18-11-2011,277149.933,0,64.33,3.308,218.793912,6.3,True
5,25-11-2011,457110.063,1,61.93,3.236,219.0428204,6.3,True
5,02-12-2011,338603.049,0,51.14,3.172,219.2917287,6.3,True
5,09-12-2011,330690.39300000004,0,44.12,3.158,219.540637,6.3,True
5,16-12-2011,341577.27,0,54.42,3.159,219.7596266,6.3,True
5,23-12-2011,412706.016,0,50.33,3.112,219.9387246,6.3,True
5,30-12-2011,314662.392,1,45.62,3.129,220.1178226,6.3,True
5,06-01-2012,280870.83900000004,0,50.21,3.157,220.2969205,5.943,True
5,13-01-2012,262309.068,0,48.86,3.261,220.4760185,5.943,True
5,20-01-2012,258771.582,0,54.65,3.268,220.5694104,5.943,True
5,27-01-2012,266376.798,0,54.63,3.29,220.6628023,5.943,True
5,03-02-2012,300553.2,0,57.35,3.36,220.7561941,5.943,True
5,10-02-2012,314315.892,1,48.57,3.409,220.849586,5.943,True
5,17-02-2012,320785.182,0,48.25,3.51,221.0106341,5.943,True
5,24-02-2012,280998.423,0,57.75,3.555,221.2224243,5.943,True
5,02-03-2012,323285.58900000004,0,60.66,3.63,221.4342146,5.943,True
5,09-03-2012,312566.04,0,57.69,3.669,221.6460048,5.943,True
5,16-03-2012,305453.28599999996,0,63.55,3.734,221.7989713,5.943,True
5,23-03-2012,289169.991,0,64.44,3.787,221.8735063,5.943,True
5,30-03-2012,298186.857,0,67.76,3.845,221.9480412,5.943,True
5,06-04-2012,362687.13,0,70.4,3.891,222.0225762,5.801,True
5,13-04-2012,316648.82700000005,0,70.56,3.891,222.0971111,5.801,True
5,20-04-2012,297056.754,0,67.33,3.877,222.1512315,5.801,True
5,27-04-2012,292355.766,0,68.96,3.814,222.2053519,5.801,True
5,04-05-2012,324839.42100000003,0,77.1,3.749,222.2594722,5.801,True
5,11-05-2012,300483.46800000005,0,73.45,3.688,222.3135926,5.801,True
5,18-05-2012,302570.69399999996,0,70.45,3.63,222.330443,5.801,True
5,25-05-2012,307795.032,0,78.23,3.561,222.3323853,5.801,True
5,01-06-2012,323881.02,0,79.72,3.501,222.3343277,5.801,True
5,08-06-2012,307534.13100000005,0,81.02,3.452,222.33627,5.801,True
5,15-06-2012,294645.276,0,81.64,3.393,222.3492901,5.801,True
5,22-06-2012,292537.512,0,80.57,3.346,222.3900046,5.801,True
5,29-06-2012,296692.29,0,87.08,3.286,222.4307191,5.801,True
5,06-07-2012,307092.987,0,82.35,3.227,222.4714336,5.603,True
5,13-07-2012,284583.276,0,80.78,3.256,222.5121481,5.603,True
5,20-07-2012,289084.608,0,81.05,3.311,222.5209358,5.603,True
5,27-07-2012,276144.624,0,85.06,3.407,222.5297234,5.603,True
5,03-08-2012,291775.653,0,86.91,3.417,222.5385111,5.603,True
5,10-08-2012,276083.73000000004,0,86.96,3.494,222.5472987,5.603,True
5,17-08-2012,282612.762,0,87.52,3.571,222.6276753,5.603,True
5,24-08-2012,288748.224,0,79.45,3.62,222.7617437,5.603,True
5,31-08-2012,310177.809,0,84.25,3.638,222.8958121,5.603,True
5,07-09-2012,315584.019,1,86.3,3.73,223.0298805,5.603,True
5,14-09-2012,269820.603,0,76.65,3.717,223.1734167,5.603,True
5,21-09-2012,276576.08400000003,0,71.09,3.721,223.3737593,5.603,True
5,28-09-2012,279127.512,0,78.33,3.666,223.5741019,5.603,True
5,05-10-2012,308743.461,0,71.17,3.617,223.7744444,5.422,True
5,12-10-2012,292810.869,0,66.24,3.601,223.974787,5.422,True
5,19-10-2012,282022.335,0,69.17,3.594,224.0192873,5.422,True
5,26-10-2012,287595.693,0,71.7,3.506,224.0378139,5.422,True
6,05-02-2010,1487371.59,0,40.43,2.572,212.6223518,7.259,True
6,12-02-2010,1445655.4740000002,1,40.57,2.548,212.7700425,7.259,True
6,19-02-2010,1410424.263,0,43.58,2.514,212.8161546,7.259,True
6,26-02-2010,1289657.889,0,47.1,2.561,212.845337,7.259,True
6,05-03-2010,1441213.938,0,49.63,2.625,212.8745193,7.259,True
6,12-03-2010,1402759.2240000002,0,58.82,2.667,212.9037017,7.259,True
6,19-03-2010,1523753.0189999999,0,56.55,2.72,212.7351935,7.259,True
6,26-03-2010,1324830.042,0,53.74,2.732,212.533737,7.259,True
6,02-04-2010,1593300.51,0,64.94,2.719,212.3322805,7.092,True
6,09-04-2010,1500463.638,0,66.15,2.77,212.1308239,7.092,True
6,16-04-2010,1367861.7240000002,0,65.68,2.808,211.9942765,7.092,True
6,23-04-2010,1386392.391,0,64.11,2.795,211.9442745,7.092,True
6,30-04-2010,1348272.1439999999,0,68.91,2.78,211.8942725,7.092,True
6,07-05-2010,1457928.036,0,73.68,2.835,211.8442706,7.092,True
6,14-05-2010,1371653.46,0,74.95,2.854,211.8421769,7.092,True
6,21-05-2010,1378744.596,0,74.8,2.826,212.1275324,7.092,True
6,28-05-2010,1480023.594,0,78.89,2.759,212.412888,7.092,True
6,04-06-2010,1671642.081,0,79.44,2.705,212.6982436,7.092,True
6,11-06-2010,1517087.1150000002,0,81.81,2.668,212.9835992,7.092,True
6,18-06-2010,1509523.416,0,83.89,2.637,212.9813843,7.092,True
6,25-06-2010,1476613.692,0,84.2,2.653,212.8641412,7.092,True
6,02-07-2010,1583799.5250000001,0,80.34,2.669,212.746898,6.973,True
6,09-07-2010,1521286.191,0,80.93,2.642,212.6296549,6.973,True
6,16-07-2010,1404108.72,0,83.75,2.623,212.6212163,6.973,True
6,23-07-2010,1426716.828,0,83.9,2.608,212.7578505,6.973,True
6,30-07-2010,1379077.902,0,81.37,2.64,212.8944846,6.973,True
6,06-08-2010,1469917.431,0,86.61,2.627,213.0311188,6.973,True
6,13-08-2010,1392889.482,0,86.83,2.692,213.1677529,6.973,True
6,20-08-2010,1385937.45,0,87.36,2.664,213.1291427,6.973,True
6,27-08-2010,1305689.5080000001,0,85.71,2.619,213.0905324,6.973,True
6,03-09-2010,1359832.7880000002,0,82.15,2.577,213.0519222,6.973,True
6,10-09-2010,1281802.896,1,78.78,2.565,213.013312,6.973,True
6,17-09-2010,1177683.975,0,81.78,2.582,213.0398643,6.973,True
6,24-09-2010,1148032.6560000002,0,76.49,2.624,213.1152886,6.973,True
6,01-10-2010,1195622.001,0,70.69,2.603,213.1907129,7.007,True
6,08-10-2010,1224286.1099999999,0,65.21,2.633,213.2661373,7.007,True
6,15-10-2010,1210122.828,0,68.93,2.72,213.3337977,7.007,True
6,22-10-2010,1199444.877,0,70.97,2.725,213.3820486,7.007,True
6,29-10-2010,1246791.33,0,70.39,2.716,213.4302994,7.007,True
6,05-11-2010,1354897.935,0,59.9,2.689,213.4785503,7.007,True
6,12-11-2010,1345982.814,0,62.11,2.728,213.5268011,7.007,True
6,19-11-2010,1366957.305,0,52.99,2.771,213.4107412,7.007,True
6,26-11-2010,2040707.16,1,65.79,2.735,213.2672961,7.007,True
6,03-12-2010,1509360.516,0,52.3,2.708,213.123851,7.007,True
6,10-12-2010,1651263.8220000002,0,48.46,2.843,212.9804059,7.007,True
6,17-12-2010,1881242.055,0,52.24,2.869,212.918049,7.007,True
6,24-12-2010,2454817.662,0,55.07,2.886,212.9165082,7.007,True
6,31-12-2010,1317645.0180000002,1,49.14,2.943,212.9149674,7.007,True
6,07-01-2011,1215397.5119999999,0,47.78,2.976,212.9134266,6.858,True
6,14-01-2011,1175575.095,0,38.37,2.983,212.9655882,6.858,True
6,21-01-2011,1135127.862,0,46.2,3.016,213.3399647,6.858,True
6,28-01-2011,1158331.23,0,44.98,3.01,213.7143412,6.858,True
6,04-02-2011,1363499.253,0,40.59,2.989,214.0887176,6.858,True
6,11-02-2011,1338228.153,1,39.38,3.022,214.4630941,6.858,True
6,18-02-2011,1414905.786,0,59.61,3.045,214.7775231,6.858,True
6,25-02-2011,1280340.3869999999,0,62.86,3.065,215.0679731,6.858,True
6,04-03-2011,1352356.191,0,60.45,3.288,215.3584231,6.858,True
6,11-03-2011,1345047.6509999998,0,57.71,3.459,215.6488731,6.858,True
6,18-03-2011,1516837.923,0,65.07,3.488,215.9035078,6.858,True
6,25-03-2011,1294619.229,0,70.83,3.473,216.1438163,6.858,True
6,01-04-2011,1313349.093,0,62.25,3.524,216.3841249,6.855,True
6,08-04-2011,1381134.6,0,70.35,3.622,216.6244334,6.855,True
6,15-04-2011,1303917.318,0,73.17,3.743,216.8446627,6.855,True
6,22-04-2011,1475423.037,0,74.24,3.807,217.0146941,6.855,True
6,29-04-2011,1331324.91,0,75.27,3.81,217.1847255,6.855,True
6,06-05-2011,1354186.4130000002,0,65.42,3.906,217.3547569,6.855,True
6,13-05-2011,1307867.085,0,76.95,3.899,217.5247882,6.855,True
6,20-05-2011,1244505.4470000002,0,72.01,3.907,217.2896095,6.855,True
6,27-05-2011,1371581.199,0,80.83,3.786,217.0544307,6.855,True
6,03-06-2011,1534955.661,0,84.01,3.699,216.819252,6.855,True
6,10-06-2011,1438779.285,0,84.49,3.648,216.5840732,6.855,True
6,17-06-2011,1459935.297,0,87.08,3.637,216.5371616,6.855,True
6,24-06-2011,1389029.31,0,85.51,3.594,216.6314502,6.855,True
6,01-07-2011,1525096.035,0,87.0,3.524,216.7257388,6.925,True
6,08-07-2011,1538436.2580000001,0,88.36,3.48,216.8200275,6.925,True
6,15-07-2011,1374121.116,0,88.93,3.575,216.9044732,6.925,True
6,22-07-2011,1373855.472,0,88.06,3.651,216.964312,6.925,True
6,29-07-2011,1335591.945,0,90.22,3.682,217.0241507,6.925,True
6,05-08-2011,1441426.1130000001,0,91.46,3.684,217.0839894,6.925,True
6,12-08-2011,1336495.842,0,90.49,3.638,217.1438281,6.925,True
6,19-08-2011,1344189.6360000002,0,89.26,3.554,217.2069662,6.925,True
6,26-08-2011,1278364.869,0,90.07,3.523,217.2706543,6.925,True
6,02-09-2011,1333456.866,0,91.22,3.533,217.3343423,6.925,True
6,09-09-2011,1335216.942,1,80.21,3.546,217.3980304,6.925,True
6,16-09-2011,1216267.0110000002,0,84.94,3.526,217.5797506,6.925,True
6,23-09-2011,1202440.2750000001,0,78.49,3.467,217.9188471,6.925,True
6,30-09-2011,1176796.728,0,82.51,3.355,218.2579435,6.925,True
6,07-10-2011,1333565.28,0,74.1,3.285,218.59704,6.551,True
6,14-10-2011,1247868.891,0,71.24,3.274,218.9109844,6.551,True
6,21-10-2011,1276130.1330000001,0,68.53,3.353,219.0740167,6.551,True
6,28-10-2011,1277500.6080000002,0,69.51,3.372,219.237049,6.551,True
6,04-11-2011,1371078.342,0,58.54,3.332,219.4000812,6.551,True
6,11-11-2011,1382558.8860000002,0,61.33,3.297,219.5631135,6.551,True
6,18-11-2011,1371951.063,0,63.89,3.308,219.7897137,6.551,True
6,25-11-2011,2024830.3949999998,1,62.78,3.236,220.0417412,6.551,True
6,02-12-2011,1519678.206,0,51.18,3.172,220.2937686,6.551,True
6,09-12-2011,1713046.626,0,43.64,3.158,220.5457961,6.551,True
6,16-12-2011,1831226.0040000002,0,53.27,3.159,220.7671856,6.551,True
6,23-12-2011,2380169.718,0,49.45,3.112,220.9477245,6.551,True
6,30-12-2011,1438272.468,1,46.8,3.129,221.1282634,6.551,True
6,06-01-2012,1255805.739,0,50.82,3.157,221.3088023,6.132,True
6,13-01-2012,1209818.853,0,48.33,3.261,221.4893412,6.132,True
6,20-01-2012,1193630.13,0,55.37,3.268,221.5831306,6.132,True
6,27-01-2012,1184049.594,0,53.95,3.29,221.6769199,6.132,True
6,03-02-2012,1346675.202,0,57.45,3.36,221.7707093,6.132,True
6,10-02-2012,1458543.528,1,48.58,3.409,221.8644987,6.132,True
6,17-02-2012,1469354.4810000001,0,49.03,3.51,222.026359,6.132,True
6,24-02-2012,1318668.939,0,59.17,3.555,222.2392726,6.132,True
6,02-03-2012,1395347.085,0,60.32,3.63,222.4521862,6.132,True
6,09-03-2012,1412373.96,0,57.89,3.669,222.6650998,6.132,True
6,16-03-2012,1573209.2610000002,0,62.8,3.734,222.8186603,6.132,True
6,23-03-2012,1345629.2580000001,0,63.71,3.787,222.8930835,6.132,True
6,30-03-2012,1358039.9340000001,0,67.91,3.845,222.9675066,6.132,True
6,06-04-2012,1656118.071,0,71.6,3.891,223.0419298,5.964,True
6,13-04-2012,1454755.005,0,71.29,3.891,223.1163529,5.964,True
6,20-04-2012,1310465.916,0,68.64,3.877,223.17092,5.964,True
6,27-04-2012,1310598.9900000002,0,71.5,3.814,223.2254871,5.964,True
6,04-05-2012,1389115.0080000001,0,77.66,3.749,223.2800541,5.964,True
6,11-05-2012,1365368.103,0,72.66,3.688,223.3346212,5.964,True
6,18-05-2012,1362272.076,0,70.5,3.63,223.3511928,5.964,True
6,25-05-2012,1443414.078,0,78.47,3.561,223.3525662,5.964,True
6,01-06-2012,1513009.2419999999,0,80.39,3.501,223.3539397,5.964,True
6,08-06-2012,1526957.568,0,80.5,3.452,223.3553131,5.964,True
6,15-06-2012,1478022.732,0,82.1,3.393,223.3680933,5.964,True
6,22-06-2012,1456445.0250000001,0,81.2,3.346,223.4093906,5.964,True
6,29-06-2012,1483977.114,0,87.35,3.286,223.4506878,5.964,True
6,06-07-2012,1688723.451,0,82.95,3.227,223.4919851,5.668,True
6,13-07-2012,1429328.034,0,80.27,3.256,223.5332824,5.668,True
6,20-07-2012,1416925.773,0,81.57,3.311,223.5424501,5.668,True
6,27-07-2012,1361906.244,0,85.78,3.407,223.5516178,5.668,True
6,03-08-2012,1464547.437,0,87.55,3.417,223.5607856,5.668,True
6,10-08-2012,1429542.6570000001,0,87.04,3.494,223.5699533,5.668,True
6,17-08-2012,1388744.568,0,87.53,3.571,223.6510224,5.668,True
6,24-08-2012,1350985.941,0,79.03,3.62,223.7860175,5.668,True
6,31-08-2012,1419695.8290000001,0,83.58,3.638,223.9210125,5.668,True
6,07-09-2012,1447269.3090000001,1,86.33,3.73,224.0560076,5.668,True
6,14-09-2012,1237650.174,0,76.41,3.717,224.2004678,5.668,True
6,21-09-2012,1283043.285,0,70.81,3.721,224.4017192,5.668,True
6,28-09-2012,1232218.314,0,77.82,3.666,224.6029706,5.668,True
6,05-10-2012,1366359.939,0,70.84,3.617,224.804222,5.329,True
6,12-10-2012,1313457.1560000002,0,65.43,3.601,225.0054733,5.329,True
6,19-10-2012,1293195.591,0,69.68,3.594,225.0501013,5.329,True
6,26-10-2012,1288283.706,0,72.34,3.506,225.0686254,5.329,True
7,05-02-2010,447052.896,0,10.53,2.58,189.3816974,9.014,True
7,12-02-2010,471694.428,1,25.9,2.572,189.4642725,9.014,True
7,19-02-2010,456084.486,0,27.28,2.55,189.5340998,9.014,True
7,26-02-2010,446474.916,0,24.91,2.586,189.6018023,9.014,True
7,05-03-2010,442277.595,0,35.86,2.62,189.6695049,9.014,True
7,12-03-2010,432406.89,0,27.25,2.684,189.7372075,9.014,True
7,19-03-2010,517005.207,0,29.04,2.692,189.734262,9.014,True
7,26-03-2010,463258.44,0,23.33,2.717,189.7195417,9.014,True
7,02-04-2010,505030.62600000005,0,38.26,2.725,189.7048215,8.963,True
7,09-04-2010,435836.925,0,33.79,2.75,189.6901012,8.963,True
7,16-04-2010,365605.371,0,41.89,2.765,189.6628845,8.963,True
7,23-04-2010,364276.125,0,43.07,2.776,189.6190057,8.963,True
7,30-04-2010,336290.049,0,38.99,2.766,189.575127,8.963,True
7,07-05-2010,355908.44700000004,0,40.07,2.771,189.5312483,8.963,True
7,14-05-2010,335406.249,0,41.41,2.788,189.4904116,8.963,True
7,21-05-2010,355676.085,0,46.6,2.776,189.467827,8.963,True
7,28-05-2010,398461.095,0,54.24,2.737,189.4452425,8.963,True
7,04-06-2010,458264.898,0,53.63,2.7,189.422658,8.963,True
7,11-06-2010,448722.783,0,63.59,2.684,189.4000734,8.963,True
7,18-06-2010,433029.68100000004,0,52.7,2.674,189.4185259,8.963,True
7,25-06-2010,498343.38300000003,0,59.94,2.715,189.4533931,8.963,True
7,02-07-2010,518013.693,0,61.31,2.728,189.4882603,9.017,True
7,09-07-2010,534116.106,0,58.0,2.711,189.5231276,9.017,True
7,16-07-2010,501449.71499999997,0,62.19,2.699,189.6125456,9.017,True
7,23-07-2010,513208.089,0,64.64,2.691,189.774698,9.017,True
7,30-07-2010,543192.444,0,66.07,2.69,189.9368504,9.017,True
7,06-08-2010,579468.753,0,61.7,2.69,190.0990028,9.017,True
7,13-08-2010,538366.86,0,60.13,2.723,190.2611552,9.017,True
7,20-08-2010,524117.85300000006,0,59.59,2.732,190.2948237,9.017,True
7,27-08-2010,498878.316,0,57.57,2.731,190.3284922,9.017,True
7,03-09-2010,479488.54500000004,0,49.84,2.773,190.3621607,9.017,True
7,10-09-2010,482192.388,1,48.5,2.78,190.3958293,9.017,True
7,17-09-2010,440467.677,0,48.56,2.8,190.4688287,9.017,True
7,24-09-2010,439207.94700000004,0,47.55,2.793,190.5713264,9.017,True
7,01-10-2010,404098.857,0,49.99,2.759,190.6738241,9.137,True
7,08-10-2010,432215.892,0,44.13,2.745,190.7763218,9.137,True
7,15-10-2010,417033.432,0,35.86,2.762,190.8623087,9.137,True
7,22-10-2010,425205.729,0,36.84,2.762,190.9070184,9.137,True
7,29-10-2010,418943.835,0,34.78,2.748,190.951728,9.137,True
7,05-11-2010,432461.196,0,49.44,2.729,190.9964377,9.137,True
7,12-11-2010,456825.861,0,22.12,2.737,191.0411474,9.137,True
7,19-11-2010,434275.524,0,25.56,2.758,191.0312172,9.137,True
7,26-11-2010,751670.334,1,17.95,2.742,191.0121805,9.137,True
7,03-12-2010,497530.458,0,21.88,2.712,190.9931437,9.137,True
7,10-12-2010,539757.063,0,24.24,2.728,190.9741069,9.137,True
7,17-12-2010,644749.9290000001,0,20.74,2.778,191.0303376,9.137,True
7,24-12-2010,940612.392,0,26.04,2.781,191.1430189,9.137,True
7,31-12-2010,656614.872,1,13.76,2.829,191.2557002,9.137,True
7,07-01-2011,595047.546,0,10.09,2.882,191.3683815,8.818,True
7,14-01-2011,492646.41000000003,0,11.32,2.911,191.4784939,8.818,True
7,21-01-2011,469385.514,0,25.4,2.973,191.5731924,8.818,True
7,28-01-2011,462034.953,0,10.11,3.008,191.667891,8.818,True
7,04-02-2011,502224.993,0,-2.06,3.011,191.7625895,8.818,True
7,11-02-2011,503912.81700000004,1,10.24,3.037,191.8572881,8.818,True
7,18-02-2011,515148.723,0,17.3,3.051,191.9178331,8.818,True
7,25-02-2011,492021.756,0,17.46,3.101,191.9647167,8.818,True
7,04-03-2011,496240.55100000004,0,21.84,3.232,192.0116004,8.818,True
7,11-03-2011,503067.447,0,20.7,3.372,192.058484,8.818,True
7,18-03-2011,571513.221,0,27.69,3.406,192.1237981,8.818,True
7,25-03-2011,503155.42199999996,0,25.69,3.414,192.1964844,8.818,True
7,01-04-2011,462068.703,0,24.83,3.461,192.2691707,8.595,True
7,08-04-2011,450496.94399999996,0,30.64,3.532,192.3418571,8.595,True
7,15-04-2011,381042.12600000005,0,27.79,3.611,192.4225954,8.595,True
7,22-04-2011,419935.401,0,31.84,3.636,192.5234638,8.595,True
7,29-04-2011,369386.757,0,26.79,3.663,192.6243322,8.595,True
7,06-05-2011,366311.223,0,26.54,3.735,192.7252006,8.595,True
7,13-05-2011,372684.645,0,36.61,3.767,192.826069,8.595,True
7,20-05-2011,382203.882,0,36.16,3.828,192.831317,8.595,True
7,27-05-2011,411495.183,0,37.51,3.795,192.8365651,8.595,True
7,03-06-2011,488065.833,0,45.77,3.763,192.8418131,8.595,True
7,10-06-2011,558989.955,0,53.3,3.735,192.8470612,8.595,True
7,17-06-2011,549892.215,0,48.79,3.697,192.9034759,8.595,True
7,24-06-2011,576039.573,0,46.85,3.661,192.9982655,8.595,True
7,01-07-2011,633909.789,0,58.54,3.597,193.0930552,8.622,True
7,08-07-2011,685614.546,0,59.08,3.54,193.1878448,8.622,True
7,15-07-2011,578473.389,0,54.37,3.532,193.3125484,8.622,True
7,22-07-2011,619239.564,0,56.22,3.545,193.5120367,8.622,True
7,29-07-2011,588044.358,0,56.66,3.547,193.711525,8.622,True
7,05-08-2011,625853.556,0,55.91,3.554,193.9110133,8.622,True
7,12-08-2011,603603.414,0,54.56,3.542,194.1105017,8.622,True
7,19-08-2011,580640.589,0,56.06,3.499,194.2500634,8.622,True
7,26-08-2011,566995.023,0,57.6,3.485,194.3796374,8.622,True
7,02-09-2011,533119.716,0,53.4,3.511,194.5092113,8.622,True
7,09-09-2011,551821.707,1,45.61,3.566,194.6387853,8.622,True
7,16-09-2011,503083.305,0,43.67,3.596,194.7419707,8.622,True
7,23-09-2011,482530.3290000001,0,43.67,3.581,194.8099713,8.622,True
7,30-09-2011,439992.234,0,47.34,3.538,194.8779718,8.622,True
7,07-10-2011,473279.724,0,40.65,3.498,194.9459724,8.513,True
7,14-10-2011,451763.271,0,32.65,3.491,195.0261012,8.513,True
7,21-10-2011,502822.28700000007,0,37.49,3.548,195.1789994,8.513,True
7,28-10-2011,474605.568,0,28.82,3.55,195.3318977,8.513,True
7,04-11-2011,508082.40900000004,0,23.41,3.527,195.4847959,8.513,True
7,11-11-2011,500414.03099999996,0,19.53,3.505,195.6376941,8.513,True
7,18-11-2011,485843.90400000004,0,29.53,3.479,195.7184713,8.513,True
7,25-11-2011,854168.283,1,27.6,3.424,195.7704,8.513,True
7,02-12-2011,532717.0920000001,0,20.38,3.378,195.8223287,8.513,True
7,09-12-2011,588460.905,0,11.17,3.331,195.8742575,8.513,True
7,16-12-2011,648217.971,0,15.2,3.266,195.9841685,8.513,True
7,23-12-2011,953743.743,0,12.19,3.173,196.1713893,8.513,True
7,30-12-2011,734323.968,1,15.56,3.119,196.3586101,8.513,True
7,06-01-2012,641805.8940000001,0,18.67,3.095,196.5458309,8.256,True
7,13-01-2012,534487.914,0,7.46,3.077,196.7330517,8.256,True
7,20-01-2012,520202.565,0,27.41,3.055,196.7796652,8.256,True
7,27-01-2012,486934.182,0,26.9,3.038,196.8262786,8.256,True
7,03-02-2012,522407.98799999995,0,22.2,3.031,196.8728921,8.256,True
7,10-02-2012,507114.693,1,18.79,3.103,196.9195056,8.256,True
7,17-02-2012,558817.3620000001,0,27.03,3.113,196.9432711,8.256,True
7,24-02-2012,542737.0260000001,0,24.41,3.129,196.9499007,8.256,True
7,02-03-2012,495952.31700000004,0,21.64,3.191,196.9565303,8.256,True
7,09-03-2012,521249.85000000003,0,30.1,3.286,196.9631599,8.256,True
7,16-03-2012,602285.157,0,37.29,3.486,197.0457208,8.256,True
7,23-03-2012,554397.5610000001,0,35.06,3.664,197.2295234,8.256,True
7,30-03-2012,524989.98,0,44.99,3.75,197.4133259,8.256,True
7,06-04-2012,559283.382,0,44.29,3.854,197.5971285,8.09,True
7,13-04-2012,465678.207,0,41.43,3.901,197.780931,8.09,True
7,20-04-2012,411606.054,0,39.3,3.936,197.7227385,8.09,True
7,27-04-2012,421044.97500000003,0,51.49,3.927,197.664546,8.09,True
7,04-05-2012,418679.00100000005,0,45.38,3.903,197.6063534,8.09,True
7,11-05-2012,414357.669,0,48.54,3.87,197.5481609,8.09,True
7,18-05-2012,421585.47,0,49.41,3.837,197.5553137,8.09,True
7,25-05-2012,479465.793,0,50.6,3.804,197.5886046,8.09,True
7,01-06-2012,538645.518,0,55.06,3.764,197.6218954,8.09,True
7,08-06-2012,578667.375,0,63.07,3.741,197.6551863,8.09,True
7,15-06-2012,600247.8180000001,0,59.33,3.723,197.692292,8.09,True
7,22-06-2012,618610.212,0,63.69,3.735,197.7389345,8.09,True
7,29-06-2012,633901.8690000001,0,68.84,3.693,197.785577,8.09,True
7,06-07-2012,725078.349,0,64.67,3.646,197.8322195,7.872,True
7,13-07-2012,624735.801,0,64.21,3.613,197.8788621,7.872,True
7,20-07-2012,617711.1209999999,0,62.87,3.585,197.9290378,7.872,True
7,27-07-2012,617728.86,0,64.6,3.57,197.9792136,7.872,True
7,03-08-2012,612859.329,0,61.83,3.528,198.0293893,7.872,True
7,10-08-2012,608333.67,0,63.41,3.509,198.0795651,7.872,True
7,17-08-2012,578205.36,0,59.66,3.545,198.1001057,7.872,True
7,24-08-2012,548189.433,0,59.27,3.558,198.0984199,7.872,True
7,31-08-2012,527820.444,0,60.46,3.556,198.0967341,7.872,True
7,07-09-2012,538088.895,1,57.84,3.596,198.0950484,7.872,True
7,14-09-2012,487008.18,0,53.66,3.659,198.1267184,7.872,True
7,21-09-2012,477758.025,0,51.77,3.765,198.358523,7.872,True
7,28-09-2012,472991.184,0,50.64,3.789,198.5903276,7.872,True
7,05-10-2012,455247.504,0,48.43,3.779,198.8221322,7.557,True
7,12-10-2012,453117.537,0,41.43,3.76,199.0539368,7.557,True
7,19-10-2012,464782.347,0,43.01,3.75,199.1481963,7.557,True
7,26-10-2012,445988.95200000005,0,42.53,3.686,199.2195317,7.557,True
8,05-02-2010,903723.3809999999,0,34.14,2.572,214.4714512,6.299,True
8,12-02-2010,895321.26,1,33.34,2.548,214.6214189,6.299,True
8,19-02-2010,867564.333,0,39.1,2.514,214.6664878,6.299,True
8,26-02-2010,762832.899,0,37.91,2.561,214.6940735,6.299,True
8,05-03-2010,793353.5549999999,0,45.64,2.625,214.7216592,6.299,True
8,12-03-2010,774302.544,0,49.76,2.667,214.7492449,6.299,True
8,19-03-2010,755919.9,0,47.26,2.72,214.5764954,6.299,True
8,26-03-2010,695285.208,0,46.51,2.732,214.3703567,6.299,True
8,02-04-2010,823050.819,0,60.18,2.719,214.164218,6.29,True
8,09-04-2010,824430.528,0,59.25,2.77,213.9580793,6.29,True
8,16-04-2010,794625.408,0,62.66,2.808,213.8186357,6.29,True
8,23-04-2010,765396.234,0,56.1,2.795,213.768119,6.29,True
8,30-04-2010,700805.376,0,61.01,2.78,213.7176024,6.29,True
8,07-05-2010,825138.864,0,62.68,2.835,213.6670857,6.29,True
8,14-05-2010,786004.056,0,61.35,2.854,213.6655355,6.29,True
8,21-05-2010,736499.889,0,66.03,2.826,213.9577839,6.29,True
8,28-05-2010,781237.4040000001,0,74.71,2.759,214.2500323,6.29,True
8,04-06-2010,862402.8690000001,0,75.71,2.705,214.5422806,6.29,True
8,11-06-2010,823352.274,0,82.21,2.668,214.834529,6.29,True
8,18-06-2010,782930.3040000001,0,78.79,2.637,214.8324452,6.29,True
8,25-06-2010,733427.199,0,81.78,2.653,214.7126286,6.29,True
8,02-07-2010,767100.375,0,74.78,2.669,214.5928119,6.315,True
8,09-07-2010,760760.7930000001,0,72.49,2.642,214.4729952,6.315,True
8,16-07-2010,763767.5129999999,0,77.49,2.623,214.4640599,6.315,True
8,23-07-2010,706964.292,0,78.29,2.608,214.6029664,6.315,True
8,30-07-2010,708565.581,0,76.02,2.64,214.7418728,6.315,True
8,06-08-2010,804059.7930000001,0,80.37,2.627,214.8807793,6.315,True
8,13-08-2010,781127.289,0,80.11,2.692,215.0196857,6.315,True
8,20-08-2010,783608.796,0,79.36,2.664,214.9779825,6.315,True
8,27-08-2010,799935.1020000001,0,74.92,2.619,214.9362793,6.315,True
8,03-09-2010,809132.823,0,76.14,2.577,214.894576,6.315,True
8,10-09-2010,748282.6799999999,1,74.34,2.565,214.8528728,6.315,True
8,17-09-2010,753037.065,0,75.32,2.582,214.8785562,6.315,True
8,24-09-2010,696352.5719999999,0,72.21,2.624,214.9547795,6.315,True
8,01-10-2010,723694.941,0,68.7,2.603,215.0310029,6.433,True
8,08-10-2010,783314.874,0,62.94,2.633,215.1072262,6.433,True
8,15-10-2010,743892.264,0,62.59,2.72,215.1757,6.433,True
8,22-10-2010,752777.226,0,62.86,2.725,215.2248,6.433,True
8,29-10-2010,747681.084,0,57.93,2.716,215.2739,6.433,True
8,05-11-2010,834539.706,0,55.76,2.689,215.323,6.433,True
8,12-11-2010,820385.082,0,54.89,2.728,215.3721,6.433,True
8,19-11-2010,797047.236,0,43.86,2.771,215.2538714,6.433,True
8,26-11-2010,1135523.844,1,51.07,2.735,215.1077548,6.433,True
8,03-12-2010,857490.2370000001,0,42.85,2.708,214.9616381,6.433,True
8,10-12-2010,962155.467,0,42.47,2.843,214.8155214,6.433,True
8,17-12-2010,1098521.595,0,45.03,2.869,214.7510843,6.433,True
8,24-12-2010,1360476.9810000001,0,45.67,2.886,214.7479069,6.433,True
8,31-12-2010,696227.841,1,41.47,2.943,214.7447295,6.433,True
8,07-01-2011,785758.707,0,35.77,2.976,214.7415521,6.262,True
8,14-01-2011,728681.9940000001,0,31.62,2.983,214.7930991,6.262,True
8,21-01-2011,740401.407,0,42.06,3.016,215.1729926,6.262,True
8,28-01-2011,704030.9940000001,0,39.26,3.01,215.5528862,6.262,True
8,04-02-2011,850135.302,0,24.48,2.989,215.9327797,6.262,True
8,11-02-2011,896532.6510000001,1,28.26,3.022,216.3126733,6.262,True
8,18-02-2011,958597.776,0,50.64,3.045,216.6310383,6.262,True
8,25-02-2011,825585.435,0,51.29,3.065,216.9247918,6.262,True
8,04-03-2011,841739.787,0,53.18,3.288,217.2185454,6.262,True
8,11-03-2011,810348.5610000001,0,49.14,3.459,217.512299,6.262,True
8,18-03-2011,808460.226,0,56.68,3.488,217.7705442,6.262,True
8,25-03-2011,745171.524,0,59.74,3.473,218.0145862,6.262,True
8,01-04-2011,790886.0700000001,0,49.86,3.524,218.2586281,6.297,True
8,08-04-2011,854843.247,0,65.62,3.622,218.50267,6.297,True
8,15-04-2011,817450.866,0,63.55,3.743,218.7262524,6.297,True
8,22-04-2011,843725.817,0,65.11,3.807,218.8986857,6.297,True
8,29-04-2011,769513.2930000001,0,62.29,3.81,219.071119,6.297,True
8,06-05-2011,847311.606,0,58.92,3.906,219.2435524,6.297,True
8,13-05-2011,806187.069,0,72.96,3.899,219.4159857,6.297,True
8,20-05-2011,752444.9010000001,0,65.54,3.907,219.1746922,6.297,True
8,27-05-2011,772145.469,0,73.14,3.786,218.9333986,6.297,True
8,03-06-2011,836299.944,0,82.05,3.699,218.6921051,6.297,True
8,10-06-2011,807578.469,0,82.21,3.648,218.4508115,6.297,True
8,17-06-2011,829843.569,0,84.73,3.637,218.4021448,6.297,True
8,24-06-2011,778393.116,0,83.94,3.594,218.4979481,6.297,True
8,01-07-2011,795315.015,0,87.26,3.524,218.5937514,6.425,True
8,08-07-2011,775768.608,0,83.57,3.48,218.6895548,6.425,True
8,15-07-2011,764932.833,0,84.26,3.575,218.7746217,6.425,True
8,22-07-2011,746912.1780000001,0,85.46,3.651,218.8328475,6.425,True
8,29-07-2011,726373.971,0,86.46,3.682,218.8910733,6.425,True
8,05-08-2011,803154.393,0,85.15,3.684,218.9492991,6.425,True
8,12-08-2011,771116.49,0,86.05,3.638,219.0075249,6.425,True
8,19-08-2011,805559.85,0,82.92,3.554,219.0701968,6.425,True
8,26-08-2011,821288.538,0,84.69,3.523,219.1336097,6.425,True
8,02-09-2011,802248.426,0,84.77,3.533,219.1970226,6.425,True
8,09-09-2011,763522.281,1,69.01,3.546,219.2604355,6.425,True
8,16-09-2011,783874.6379999999,0,69.09,3.526,219.4442443,6.425,True
8,23-09-2011,725799.861,0,68.72,3.467,219.788581,6.425,True
8,30-09-2011,728144.433,0,72.2,3.355,220.1329176,6.425,True
8,07-10-2011,836978.895,0,67.61,3.285,220.4772543,6.123,True
8,14-10-2011,776869.434,0,61.74,3.274,220.7960935,6.123,True
8,21-10-2011,815386.041,0,59.97,3.353,220.9619484,6.123,True
8,28-10-2011,789041.079,0,56.86,3.372,221.1278032,6.123,True
8,04-11-2011,853033.545,0,49.68,3.332,221.2936581,6.123,True
8,11-11-2011,825379.632,0,50.56,3.297,221.4595129,6.123,True
8,18-11-2011,807328.971,0,51.72,3.308,221.6911738,6.123,True
8,25-11-2011,1111647.4740000002,1,49.61,3.236,221.9491571,6.123,True
8,02-12-2011,887941.314,0,40.82,3.172,222.2071405,6.123,True
8,09-12-2011,946730.655,0,30.51,3.158,222.4651238,6.123,True
8,16-12-2011,1006347.546,0,39.79,3.159,222.6910959,6.123,True
8,23-12-2011,1316028.645,0,38.16,3.112,222.8743862,6.123,True
8,30-12-2011,772714.998,1,36.33,3.129,223.0576765,6.123,True
8,06-01-2012,784901.907,0,43.47,3.157,223.2409668,5.825,True
8,13-01-2012,735895.584,0,36.46,3.261,223.4242571,5.825,True
8,20-01-2012,732559.338,0,46.81,3.268,223.5188055,5.825,True
8,27-01-2012,700360.677,0,45.52,3.29,223.6133539,5.825,True
8,03-02-2012,834849.6209999999,0,45.56,3.36,223.7079023,5.825,True
8,10-02-2012,919260.378,1,35.71,3.409,223.8024507,5.825,True
8,17-02-2012,986609.6009999999,0,37.51,3.51,223.9658621,5.825,True
8,24-02-2012,835683.7860000001,0,46.33,3.555,224.1809207,5.825,True
8,02-03-2012,857038.419,0,50.95,3.63,224.3959793,5.825,True
8,09-03-2012,864104.0040000001,0,49.59,3.669,224.6110379,5.825,True
8,16-03-2012,829060.551,0,56.63,3.734,224.7657327,5.825,True
8,23-03-2012,786800.925,0,52.9,3.787,224.8399424,5.825,True
8,30-03-2012,815341.761,0,66.69,3.845,224.9141521,5.825,True
8,06-04-2012,942134.931,0,62.18,3.891,224.9883618,5.679,True
8,13-04-2012,818990.505,0,65.19,3.891,225.0625714,5.679,True
8,20-04-2012,785059.614,0,63.59,3.877,225.1179914,5.679,True
8,27-04-2012,791503.425,0,70.34,3.814,225.1734114,5.679,True
8,04-05-2012,843508.8809999999,0,73.96,3.749,225.2288314,5.679,True
8,11-05-2012,828116.001,0,64.96,3.688,225.2842514,5.679,True
8,18-05-2012,822529.809,0,64.16,3.63,225.3002908,5.679,True
8,25-05-2012,805641.696,0,76.11,3.561,225.3005779,5.679,True
8,01-06-2012,829045.08,0,78.31,3.501,225.300865,5.679,True
8,08-06-2012,835938.0,0,74.28,3.452,225.3011521,5.679,True
8,15-06-2012,825226.83,0,77.14,3.393,225.3134743,5.679,True
8,22-06-2012,809504.685,0,78.85,3.346,225.3558843,5.679,True
8,29-06-2012,790468.398,0,84.47,3.286,225.3982943,5.679,True
8,06-07-2012,842584.9500000001,0,81.24,3.227,225.4407043,5.401,True
8,13-07-2012,801439.209,0,78.46,3.256,225.4831143,5.401,True
8,20-07-2012,799950.663,0,79.94,3.311,225.4930078,5.401,True
8,27-07-2012,754404.768,0,81.71,3.407,225.5029014,5.401,True
8,03-08-2012,807369.057,0,85.06,3.417,225.5127949,5.401,True
8,10-08-2012,837671.1209999999,0,83.74,3.494,225.5226885,5.401,True
8,17-08-2012,806951.8709999999,0,81.21,3.571,225.6050797,5.401,True
8,24-08-2012,842736.285,0,73.77,3.62,225.7418442,5.401,True
8,31-08-2012,878523.957,0,75.33,3.638,225.8786088,5.401,True
8,07-09-2012,838944.333,1,80.87,3.73,226.0153733,5.401,True
8,14-09-2012,795212.442,0,67.21,3.717,226.1615981,5.401,True
8,21-09-2012,772016.8049999999,0,66.96,3.721,226.3645848,5.401,True
8,28-09-2012,796251.969,0,71.1,3.666,226.5675714,5.401,True
8,05-10-2012,878792.4180000001,0,61.41,3.617,226.7705581,5.124,True
8,12-10-2012,834760.791,0,55.03,3.601,226.9735448,5.124,True
8,19-10-2012,810278.775,0,62.99,3.594,227.0184166,5.124,True
8,26-10-2012,802504.296,0,64.74,3.506,227.0369359,5.124,True
9,05-02-2010,494554.99500000005,0,38.01,2.572,214.6554591,6.415,True
9,12-02-2010,497409.732,1,37.08,2.548,214.8056534,6.415,True
9,19-02-2010,460195.11000000004,0,43.06,2.514,214.8506185,6.415,True
9,26-02-2010,426395.943,0,43.83,2.561,214.8780453,6.415,True
9,05-03-2010,456568.092,0,48.43,2.625,214.9054721,6.415,True
9,12-03-2010,444731.22,0,55.76,2.667,214.932899,6.415,True
9,19-03-2010,437170.149,0,53.15,2.72,214.7597274,6.415,True
9,26-03-2010,436451.904,0,51.8,2.732,214.5531227,6.415,True
9,02-04-2010,490685.68799999997,0,65.21,2.719,214.3465181,6.384,True
9,09-04-2010,476445.8790000001,0,64.95,2.77,214.1399135,6.384,True
9,16-04-2010,437187.88800000004,0,66.09,2.808,214.0001817,6.384,True
9,23-04-2010,439815.213,0,61.26,2.795,213.9496138,6.384,True
9,30-04-2010,442551.078,0,66.07,2.78,213.8990459,6.384,True
9,07-05-2010,473515.749,0,68.58,2.835,213.848478,6.384,True
9,14-05-2010,443513.52,0,70.53,2.854,213.8469819,6.384,True
9,21-05-2010,455647.446,0,71.5,2.826,214.1399162,6.384,True
9,28-05-2010,502329.177,0,77.12,2.759,214.4328505,6.384,True
9,04-06-2010,527455.314,0,79.65,2.705,214.7257848,6.384,True
9,11-06-2010,470444.112,0,83.75,2.668,215.0187191,6.384,True
9,18-06-2010,461766.483,0,82.99,2.637,215.0166484,6.384,True
9,25-06-2010,458336.95200000005,0,85.02,2.653,214.8965756,6.384,True
9,02-07-2010,475949.286,0,78.55,2.669,214.7765028,6.442,True
9,09-07-2010,436850.23500000004,0,78.51,2.642,214.6564301,6.442,True
9,16-07-2010,426627.45900000003,0,82.93,2.623,214.6474453,6.442,True
9,23-07-2010,416408.85000000003,0,84.49,2.608,214.7865779,6.442,True
9,30-07-2010,421807.67100000003,0,79.83,2.64,214.9257105,6.442,True
9,06-08-2010,470533.905,0,87.09,2.627,215.064843,6.442,True
9,13-08-2010,433708.182,0,86.85,2.692,215.2039756,6.442,True
9,20-08-2010,449392.842,0,86.3,2.664,215.1619646,6.442,True
9,27-08-2010,456110.69399999996,0,84.01,2.619,215.1199536,6.442,True
9,03-09-2010,459944.154,0,82.47,2.577,215.0779426,6.442,True
9,10-09-2010,436351.68,1,77.7,2.565,215.0359315,6.442,True
9,17-09-2010,417103.731,0,81.19,2.582,215.0615285,6.442,True
9,24-09-2010,407614.698,0,77.15,2.624,215.1378313,6.442,True
9,01-10-2010,446122.971,0,69.08,2.603,215.2141341,6.56,True
9,08-10-2010,454562.28900000005,0,65.35,2.633,215.290437,6.56,True
9,15-10-2010,409292.712,0,67.36,2.72,215.3589917,6.56,True
9,22-10-2010,419690.484,0,69.99,2.725,215.4081762,6.56,True
9,29-10-2010,457921.449,0,64.43,2.716,215.4573607,6.56,True
9,05-11-2010,466082.973,0,58.69,2.689,215.5065452,6.56,True
9,12-11-2010,468762.012,0,61.59,2.728,215.5557297,6.56,True
9,19-11-2010,467840.97,0,49.96,2.771,215.4372854,6.56,True
9,26-11-2010,691263.4770000001,1,60.18,2.735,215.2909028,6.56,True
9,03-12-2010,520348.338,0,49.89,2.708,215.1445203,6.56,True
9,10-12-2010,556309.6379999999,0,46.1,2.843,214.9981378,6.56,True
9,17-12-2010,616718.88,0,49.7,2.869,214.9334937,6.56,True
9,24-12-2010,786012.795,0,50.93,2.886,214.9301534,6.56,True
9,31-12-2010,413793.765,1,45.92,2.943,214.9268131,6.56,True
9,07-01-2011,441883.602,0,41.82,2.976,214.9234729,6.416,True
9,14-01-2011,412278.021,0,36.43,2.983,214.9749587,6.416,True
9,21-01-2011,408619.521,0,44.72,3.016,215.3554013,6.416,True
9,28-01-2011,417205.332,0,43.9,3.01,215.7358438,6.416,True
9,04-02-2011,490151.052,0,31.82,2.989,216.1162864,6.416,True
9,11-02-2011,499751.118,1,34.13,3.022,216.496729,6.416,True
9,18-02-2011,549887.0040000001,0,58.5,3.045,216.8154856,6.416,True
9,25-02-2011,461796.48000000004,0,59.01,3.065,217.1095679,6.416,True
9,04-03-2011,487814.56200000003,0,60.67,3.288,217.4036503,6.416,True
9,11-03-2011,466005.15,0,54.75,3.459,217.6977326,6.416,True
9,18-03-2011,463703.499,0,63.82,3.488,217.9563371,6.416,True
9,25-03-2011,447739.56000000006,0,68.79,3.473,218.2007506,6.416,True
9,01-04-2011,468865.92600000004,0,56.12,3.524,218.445164,6.38,True
9,08-04-2011,505463.32800000004,0,71.4,3.622,218.6895775,6.38,True
9,15-04-2011,475578.25200000004,0,71.9,3.743,218.9134935,6.38,True
9,22-04-2011,494551.899,0,72.35,3.807,219.0861659,6.38,True
9,29-04-2011,479003.57999999996,0,70.85,3.81,219.2588382,6.38,True
9,06-05-2011,490725.99,0,62.2,3.906,219.4315106,6.38,True
9,13-05-2011,485213.4,0,77.66,3.899,219.6041829,6.38,True
9,20-05-2011,466440.21,0,70.49,3.907,219.3622809,6.38,True
9,27-05-2011,498450.63600000006,0,80.42,3.786,219.1203788,6.38,True
9,03-06-2011,528303.861,0,85.8,3.699,218.8784768,6.38,True
9,10-06-2011,495068.68799999997,0,85.81,3.648,218.6365747,6.38,True
9,17-06-2011,502804.026,0,89.15,3.637,218.5877333,6.38,True
9,24-06-2011,484871.33700000006,0,86.74,3.594,218.6836874,6.38,True
9,01-07-2011,483357.62700000004,0,89.14,3.524,218.7796415,6.404,True
9,08-07-2011,482384.81700000004,0,89.04,3.48,218.8755955,6.404,True
9,15-07-2011,461550.636,0,90.45,3.575,218.9607242,6.404,True
9,22-07-2011,442304.946,0,89.08,3.651,219.0187895,6.404,True
9,29-07-2011,424304.982,0,91.1,3.682,219.0768548,6.404,True
9,05-08-2011,499391.70300000004,0,91.52,3.684,219.1349201,6.404,True
9,12-08-2011,468256.311,0,91.63,3.638,219.1929854,6.404,True
9,19-08-2011,486737.496,0,85.8,3.554,219.2556109,6.404,True
9,26-08-2011,488397.177,0,88.95,3.523,219.3189965,6.404,True
9,02-09-2011,490178.997,0,89.33,3.533,219.382382,6.404,True
9,09-09-2011,475906.374,1,75.65,3.546,219.4457675,6.404,True
9,16-09-2011,450246.62700000004,0,77.95,3.526,219.6297841,6.404,True
9,23-09-2011,456069.40200000006,0,74.42,3.467,219.9746423,6.404,True
9,30-09-2011,457710.336,0,78.45,3.355,220.3195004,6.404,True
9,07-10-2011,498453.282,0,72.62,3.285,220.6643585,6.054,True
9,14-10-2011,476564.09400000004,0,67.27,3.274,220.9836849,6.054,True
9,21-10-2011,501367.68899999995,0,65.46,3.353,221.1498206,6.054,True
9,28-10-2011,493674.741,0,63.96,3.372,221.3159563,6.054,True
9,04-11-2011,538069.563,0,54.46,3.332,221.4820921,6.054,True
9,11-11-2011,535116.708,0,58.28,3.297,221.6482278,6.054,True
9,18-11-2011,488172.84300000005,0,58.8,3.308,221.8803923,6.054,True
9,25-11-2011,733278.15,1,54.32,3.236,222.1389683,6.054,True
9,02-12-2011,551803.689,0,46.84,3.172,222.3975443,6.054,True
9,09-12-2011,567294.552,0,37.65,3.158,222.6561203,6.054,True
9,16-12-2011,635002.173,0,47.31,3.159,222.8825484,6.054,True
9,23-12-2011,814792.212,0,44.43,3.112,223.0661125,6.054,True
9,30-12-2011,494809.524,1,43.41,3.129,223.2496766,6.054,True
9,06-01-2012,467627.103,0,47.54,3.157,223.4332408,5.667,True
9,13-01-2012,427468.14,0,42.44,3.261,223.6168049,5.667,True
9,20-01-2012,432117.03599999996,0,51.56,3.268,223.7114288,5.667,True
9,27-01-2012,434206.08900000004,0,49.38,3.29,223.8060527,5.667,True
9,03-02-2012,494971.101,0,54.43,3.36,223.9006766,5.667,True
9,10-02-2012,548762.508,1,44.03,3.409,223.9953006,5.667,True
9,17-02-2012,593068.545,0,43.81,3.51,224.1588663,5.667,True
9,24-02-2012,507220.911,0,53.67,3.555,224.3741384,5.667,True
9,02-03-2012,557548.452,0,57.2,3.63,224.5894104,5.667,True
9,09-03-2012,517460.355,0,54.03,3.669,224.8046825,5.667,True
9,16-03-2012,495336.213,0,59.94,3.734,224.9594902,5.667,True
9,23-03-2012,495712.18799999997,0,58.79,3.787,225.0336786,5.667,True
9,30-03-2012,517486.833,0,67.87,3.845,225.107867,5.667,True
9,06-04-2012,610097.3910000001,0,68.83,3.891,225.1820555,5.539,True
9,13-04-2012,520685.874,0,69.19,3.891,225.2562439,5.539,True
9,20-04-2012,488537.12700000004,0,68.04,3.877,225.3117488,5.539,True
9,27-04-2012,495373.491,0,73.07,3.814,225.3672537,5.539,True
9,04-05-2012,527660.172,0,78.98,3.749,225.4227585,5.539,True
9,11-05-2012,533315.0700000001,0,70.94,3.688,225.4782634,5.539,True
9,18-05-2012,514317.53700000007,0,69.52,3.63,225.4942498,5.539,True
9,25-05-2012,492503.4,0,79.69,3.561,225.4944288,5.539,True
9,01-06-2012,525283.731,0,80.26,3.501,225.4946078,5.539,True
9,08-06-2012,524272.878,0,78.91,3.452,225.4947868,5.539,True
9,15-06-2012,508145.49,0,82.21,3.393,225.5070634,5.539,True
9,22-06-2012,505955.808,0,81.05,3.346,225.5495841,5.539,True
9,29-06-2012,490293.62999999995,0,87.18,3.286,225.5921049,5.539,True
9,06-07-2012,520911.324,0,84.15,3.227,225.6346256,5.277,True
9,13-07-2012,482883.87600000005,0,82.39,3.256,225.6771463,5.277,True
9,20-07-2012,462592.413,0,83.39,3.311,225.6871121,5.277,True
9,27-07-2012,446355.9,0,86.41,3.407,225.6970779,5.277,True
9,03-08-2012,480498.786,0,90.23,3.417,225.7070437,5.277,True
9,10-08-2012,484842.12299999996,0,88.66,3.494,225.7170094,5.277,True
9,17-08-2012,481638.12299999996,0,86.37,3.571,225.7995323,5.277,True
9,24-08-2012,515599.00200000004,0,77.9,3.62,225.9364729,5.277,True
9,31-08-2012,519191.23500000004,0,80.71,3.638,226.0734135,5.277,True
9,07-09-2012,509231.06100000005,1,87.93,3.73,226.2103541,5.277,True
9,14-09-2012,471084.615,0,73.55,3.717,226.3567545,5.277,True
9,21-09-2012,480381.19200000004,0,69.92,3.721,226.5599138,5.277,True
9,28-09-2012,464724.954,0,76.8,3.666,226.7630732,5.277,True
9,05-10-2012,546079.77,0,66.61,3.617,226.9662325,4.954,True
9,12-10-2012,502618.32000000007,0,60.09,3.601,227.1693919,4.954,True
9,19-10-2012,487808.51399999997,0,68.01,3.594,227.214288,4.954,True
9,26-10-2012,494758.341,0,69.52,3.506,227.2328068,4.954,True
10,05-02-2010,1973743.875,0,54.34,2.962,126.4420645,9.765,True
10,12-02-2010,1958425.668,1,49.96,2.828,126.4962581,9.765,True
10,19-02-2010,1902089.3220000002,0,58.22,2.915,126.5262857,9.765,True
10,26-02-2010,1806097.464,0,52.77,2.825,126.5522857,9.765,True
10,05-03-2010,1788381.081,0,55.92,2.877,126.5782857,9.765,True
10,12-03-2010,1747211.517,0,52.33,3.034,126.6042857,9.765,True
10,19-03-2010,1752187.554,0,61.46,3.054,126.6066452,9.765,True
10,26-03-2010,1704179.214,0,60.05,2.98,126.6050645,9.765,True
10,02-04-2010,1924786.7730000003,0,63.66,3.086,126.6034839,9.524,True
10,09-04-2010,1836962.4330000002,0,65.29,3.004,126.6019032,9.524,True
10,16-04-2010,1643617.296,0,69.74,3.109,126.5621,9.524,True
10,23-04-2010,1646569.647,0,66.42,3.05,126.4713333,9.524,True
10,30-04-2010,1611625.131,0,69.76,3.105,126.3805667,9.524,True
10,07-05-2010,1729288.944,0,71.06,3.127,126.2898,9.524,True
10,14-05-2010,1627250.7689999999,0,73.88,3.145,126.2085484,9.524,True
10,21-05-2010,1662852.222,0,78.32,3.12,126.1843871,9.524,True
10,28-05-2010,1714156.353,0,76.67,3.058,126.1602258,9.524,True
10,04-06-2010,1738265.652,0,82.82,2.941,126.1360645,9.524,True
10,11-06-2010,1644769.539,0,89.67,3.057,126.1119032,9.524,True
10,18-06-2010,1653872.616,0,83.49,2.935,126.114,9.524,True
10,25-06-2010,1591355.0790000001,0,90.32,3.084,126.1266,9.524,True
10,02-07-2010,1661304.4830000002,0,92.89,2.978,126.1392,9.199,True
10,09-07-2010,1592814.033,0,91.03,3.1,126.1518,9.199,True
10,16-07-2010,1645247.223,0,91.8,2.971,126.1498065,9.199,True
10,23-07-2010,1648508.4270000001,0,88.44,3.112,126.1283548,9.199,True
10,30-07-2010,1649397.627,0,85.03,3.017,126.1069032,9.199,True
10,06-08-2010,1754312.4810000001,0,86.13,3.123,126.0854516,9.199,True
10,13-08-2010,1766697.03,0,88.37,3.049,126.064,9.199,True
10,20-08-2010,1784871.5040000002,0,89.88,3.041,126.0766452,9.199,True
10,27-08-2010,1554808.878,0,84.99,3.022,126.0892903,9.199,True
10,03-09-2010,1589698.305,0,83.8,3.087,126.1019355,9.199,True
10,10-09-2010,1548477.207,1,84.04,2.961,126.1145806,9.199,True
10,17-09-2010,1545080.202,0,85.52,3.028,126.1454667,9.199,True
10,24-09-2010,1489533.075,0,85.75,2.939,126.1900333,9.199,True
10,01-10-2010,1481303.673,0,86.01,3.001,126.2346,9.003,True
10,08-10-2010,1594973.178,0,77.04,2.924,126.2791667,9.003,True
10,15-10-2010,1533465.225,0,75.48,3.08,126.3266774,9.003,True
10,22-10-2010,1566210.654,0,68.12,3.014,126.3815484,9.003,True
10,29-10-2010,1567177.7040000001,0,68.76,3.13,126.4364194,9.003,True
10,05-11-2010,1648990.764,0,71.04,3.009,126.4912903,9.003,True
10,12-11-2010,1706311.431,0,61.24,3.13,126.5461613,9.003,True
10,19-11-2010,1754259.417,0,58.83,3.047,126.6072,9.003,True
10,26-11-2010,2645951.742,1,55.33,3.162,126.6692667,9.003,True
10,03-12-2010,2026085.9760000003,0,51.17,3.041,126.7313333,9.003,True
10,10-12-2010,2170611.1890000002,0,60.51,3.091,126.7934,9.003,True
10,17-12-2010,2530482.165,0,59.15,3.125,126.8794839,9.003,True
10,24-12-2010,3374151.921,0,57.06,3.236,126.9835806,9.003,True
10,31-12-2010,1536568.326,1,49.67,3.148,127.0876774,9.003,True
10,07-01-2011,1542878.91,0,43.43,3.287,127.1917742,8.744,True
10,14-01-2011,1539723.2310000001,0,49.98,3.312,127.3009355,8.744,True
10,21-01-2011,1509800.562,0,56.75,3.336,127.4404839,8.744,True
10,28-01-2011,1544192.145,0,53.03,3.231,127.5800323,8.744,True
10,04-02-2011,1771241.319,0,44.88,3.348,127.7195806,8.744,True
10,11-02-2011,1903867.479,1,51.51,3.381,127.859129,8.744,True
10,18-02-2011,1896241.095,0,61.77,3.43,127.99525,8.744,True
10,25-02-2011,1771197.039,0,53.59,3.398,128.13,8.744,True
10,04-03-2011,1762202.871,0,56.96,3.674,128.26475,8.744,True
10,11-03-2011,1740122.2349999999,0,64.22,3.63,128.3995,8.744,True
10,18-03-2011,1696260.8790000002,0,70.12,3.892,128.5121935,8.744,True
10,25-03-2011,1634218.965,0,62.53,3.716,128.6160645,8.744,True
10,01-04-2011,1644959.862,0,67.64,3.772,128.7199355,8.494,True
10,08-04-2011,1683648.6570000001,0,73.03,3.818,128.8238065,8.494,True
10,15-04-2011,1603590.498,0,61.05,4.089,128.9107333,8.494,True
10,22-04-2011,1804348.0259999998,0,75.93,3.917,128.9553,8.494,True
10,29-04-2011,1686281.706,0,73.38,4.151,128.9998667,8.494,True
10,06-05-2011,1657232.991,0,73.56,4.193,129.0444333,8.494,True
10,13-05-2011,1541695.896,0,74.04,4.202,129.089,8.494,True
10,20-05-2011,1548817.209,0,72.62,3.99,129.0756774,8.494,True
10,27-05-2011,1568700.342,0,78.62,3.933,129.0623548,8.494,True
10,03-06-2011,1612989.801,0,81.87,3.893,129.0490323,8.494,True
10,10-06-2011,1566056.79,0,84.57,3.981,129.0357097,8.494,True
10,17-06-2011,1636141.284,0,87.96,3.935,129.0432,8.494,True
10,24-06-2011,1540631.817,0,90.69,3.807,129.0663,8.494,True
10,01-07-2011,1576232.7750000001,0,95.36,3.842,129.0894,8.257,True
10,08-07-2011,1529737.542,0,88.57,3.793,129.1125,8.257,True
10,15-07-2011,1597561.56,0,86.01,3.779,129.1338387,8.257,True
10,22-07-2011,1596908.3490000002,0,88.59,3.697,129.1507742,8.257,True
10,29-07-2011,1571257.1970000002,0,86.75,3.694,129.1677097,8.257,True
10,05-08-2011,1697669.982,0,89.8,3.803,129.1846452,8.257,True
10,12-08-2011,1725657.8669999999,0,85.61,3.794,129.2015806,8.257,True
10,19-08-2011,1759364.712,0,87.4,3.743,129.2405806,8.257,True
10,26-08-2011,1555559.1630000002,0,91.59,3.663,129.2832581,8.257,True
10,02-09-2011,1582728.6150000002,0,91.61,3.798,129.3259355,8.257,True
10,09-09-2011,1503521.838,1,89.06,3.771,129.3686129,8.257,True
10,16-09-2011,1485804.87,0,77.49,3.784,129.4306,8.257,True
10,23-09-2011,1517319.477,0,82.51,3.789,129.5183333,8.257,True
10,30-09-2011,1464936.5790000001,0,82.27,3.877,129.6060667,8.257,True
10,07-10-2011,1609404.84,0,75.01,3.827,129.6938,7.874,True
10,14-10-2011,1534277.718,0,70.27,3.698,129.7706452,7.874,True
10,21-10-2011,1571335.7040000001,0,77.91,3.842,129.7821613,7.874,True
10,28-10-2011,1594613.673,0,72.79,3.843,129.7936774,7.874,True
10,04-11-2011,1713994.7310000001,0,68.57,3.828,129.8051935,7.874,True
10,11-11-2011,1868913.756,0,55.28,3.677,129.8167097,7.874,True
10,18-11-2011,1682179.0650000002,0,58.97,3.669,129.8268333,7.874,True
10,25-11-2011,2655178.776,1,60.68,3.76,129.8364,7.874,True
10,02-12-2011,1861287.462,0,57.29,3.701,129.8459667,7.874,True
10,09-12-2011,2186379.81,0,42.58,3.644,129.8555333,7.874,True
10,16-12-2011,2299528.0620000004,0,50.53,3.489,129.8980645,7.874,True
10,23-12-2011,3139188.2010000004,0,48.36,3.541,129.9845484,7.874,True
10,30-12-2011,1737621.333,1,48.92,3.428,130.0710323,7.874,True
10,06-01-2012,1515061.602,0,59.85,3.443,130.1575161,7.545,True
10,13-01-2012,1540406.457,0,51.0,3.477,130.244,7.545,True
10,20-01-2012,1508006.646,0,54.51,3.66,130.2792258,7.545,True
10,27-01-2012,1469165.4000000001,0,53.59,3.675,130.3144516,7.545,True
10,03-02-2012,1680662.709,0,56.85,3.543,130.3496774,7.545,True
10,10-02-2012,1996736.22,1,55.73,3.722,130.3849032,7.545,True
10,17-02-2012,1951838.7839999998,0,54.12,3.781,130.4546207,7.545,True
10,24-02-2012,1835474.166,0,56.02,3.95,130.5502069,7.545,True
10,02-03-2012,1791333.918,0,57.62,3.882,130.6457931,7.545,True
10,09-03-2012,1725734.79,0,57.65,3.963,130.7413793,7.545,True
10,16-03-2012,1737733.194,0,62.11,4.273,130.8261935,7.545,True
10,23-03-2012,1653711.921,0,56.54,4.288,130.8966452,7.545,True
10,30-03-2012,1634184.378,0,67.92,4.294,130.9670968,7.545,True
10,06-04-2012,1947045.753,0,65.99,4.282,131.0375484,7.382,True
10,13-04-2012,1777218.759,0,70.28,4.254,131.108,7.382,True
10,20-04-2012,1599449.877,0,67.75,4.111,131.1173333,7.382,True
10,27-04-2012,1541688.804,0,80.11,4.088,131.1266667,7.382,True
10,04-05-2012,1639227.978,0,77.02,4.058,131.136,7.382,True
10,11-05-2012,1613110.77,0,76.03,4.186,131.1453333,7.382,True
10,18-05-2012,1615637.457,0,85.19,4.308,131.0983226,7.382,True
10,25-05-2012,1647845.1900000002,0,86.03,4.127,131.0287742,7.382,True
10,01-06-2012,1590724.332,0,80.06,4.277,130.9592258,7.382,True
10,08-06-2012,1656442.2689999999,0,86.87,4.103,130.8896774,7.382,True
10,15-06-2012,1630406.592,0,88.58,4.144,130.8295333,7.382,True
10,22-06-2012,1579800.7619999999,0,89.92,4.014,130.7929,7.382,True
10,29-06-2012,1536733.71,0,91.36,3.875,130.7562667,7.382,True
10,06-07-2012,1625399.811,0,86.87,3.666,130.7196333,7.17,True
10,13-07-2012,1589014.719,0,89.8,3.723,130.683,7.17,True
10,20-07-2012,1682970.327,0,84.45,3.589,130.7012903,7.17,True
10,27-07-2012,1635843.294,0,83.98,3.769,130.7195806,7.17,True
10,03-08-2012,1745496.081,0,84.76,3.595,130.737871,7.17,True
10,10-08-2012,1692393.246,0,90.78,3.811,130.7561613,7.17,True
10,17-08-2012,1645017.66,0,88.83,4.002,130.7909677,7.17,True
10,24-08-2012,1588485.7349999999,0,82.5,4.055,130.8381613,7.17,True
10,31-08-2012,1485256.986,0,86.97,3.886,130.8853548,7.17,True
10,07-09-2012,1537454.952,1,83.07,4.124,130.9325484,7.17,True
10,14-09-2012,1476152.091,0,78.47,3.966,130.9776667,7.17,True
10,21-09-2012,1504671.813,0,81.93,4.125,131.0103333,7.17,True
10,28-09-2012,1525376.169,0,82.52,3.966,131.043,7.17,True
10,05-10-2012,1583074.2419999999,0,80.88,4.132,131.0756667,6.943,True
10,12-10-2012,1542500.199,0,76.03,4.468,131.1083333,6.943,True
10,19-10-2012,1561351.338,0,72.71,4.449,131.1499677,6.943,True
10,26-10-2012,1569914.145,0,70.5,4.301,131.1930968,6.943,True
11,05-02-2010,1375207.7759999998,0,46.04,2.572,214.4248812,7.368,True
11,12-02-2010,1417215.672,1,48.01,2.548,214.5747916,7.368,True
11,19-02-2010,1352968.83,0,48.3,2.514,214.6198868,7.368,True
11,26-02-2010,1202764.185,0,52.79,2.561,214.6475127,7.368,True
11,05-03-2010,1283960.385,0,53.96,2.625,214.6751386,7.368,True
11,12-03-2010,1198694.844,0,64.1,2.667,214.7027646,7.368,True
11,19-03-2010,1227786.3,0,61.51,2.72,214.5301219,7.368,True
11,26-03-2010,1121061.843,0,58.09,2.732,214.3241011,7.368,True
11,02-04-2010,1301589.234,0,66.16,2.719,214.1180803,7.343,True
11,09-04-2010,1323277.4880000001,0,69.57,2.77,213.9120595,7.343,True
11,16-04-2010,1190919.0150000001,0,67.81,2.808,213.7726889,7.343,True
11,23-04-2010,1155389.895,0,68.37,2.795,213.7221852,7.343,True
11,30-04-2010,1115790.201,0,71.13,2.78,213.6716815,7.343,True
11,07-05-2010,1181096.8020000001,0,75.57,2.835,213.6211778,7.343,True
11,14-05-2010,1140116.517,0,77.64,2.854,213.6196139,7.343,True
11,21-05-2010,1144481.958,0,76.97,2.826,213.9116886,7.343,True
11,28-05-2010,1137845.2680000002,0,79.69,2.759,214.2037634,7.343,True
11,04-06-2010,1256689.971,0,79.66,2.705,214.4958382,7.343,True
11,11-06-2010,1205613.7650000001,0,82.81,2.668,214.787913,7.343,True
11,18-06-2010,1202870.628,0,84.13,2.637,214.7858259,7.343,True
11,25-06-2010,1135822.5720000002,0,84.5,2.653,214.6660741,7.343,True
11,02-07-2010,1172340.126,0,83.09,2.669,214.5463222,7.346,True
11,09-07-2010,1152140.823,0,83.01,2.642,214.4265704,7.346,True
11,16-07-2010,1161548.5860000001,0,84.9,2.623,214.4176476,7.346,True
11,23-07-2010,1119951.027,0,84.57,2.608,214.5564968,7.346,True
11,30-07-2010,1125161.001,0,83.26,2.64,214.695346,7.346,True
11,06-08-2010,1232671.428,0,86.54,2.627,214.8341952,7.346,True
11,13-08-2010,1245905.1900000002,0,87.73,2.692,214.9730444,7.346,True
11,20-08-2010,1287173.1330000001,0,88.93,2.664,214.9314191,7.346,True
11,27-08-2010,1180136.763,0,87.7,2.619,214.8897938,7.346,True
11,03-09-2010,1173522.843,0,84.94,2.577,214.8481685,7.346,True
11,10-09-2010,1108285.614,1,81.93,2.565,214.8065431,7.346,True
11,17-09-2010,1094108.679,0,83.04,2.582,214.8322484,7.346,True
11,24-09-2010,1053092.925,0,77.36,2.624,214.9084516,7.346,True
11,01-10-2010,1064241.414,0,75.11,2.603,214.9846548,7.564,True
11,08-10-2010,1164125.52,0,68.71,2.633,215.060858,7.564,True
11,15-10-2010,1057503.303,0,71.46,2.72,215.1293114,7.564,True
11,22-10-2010,1052848.2419999999,0,72.6,2.725,215.17839,7.564,True
11,29-10-2010,1075532.4000000001,0,74.21,2.716,215.2274686,7.564,True
11,05-11-2010,1199483.217,0,64.41,2.689,215.2765472,7.564,True
11,12-11-2010,1153508.04,0,63.74,2.728,215.3256258,7.564,True
11,19-11-2010,1163111.9130000002,0,58.63,2.771,215.2074519,7.564,True
11,26-11-2010,1581518.259,1,69.9,2.735,215.0614025,7.564,True
11,03-12-2010,1242470.376,0,55.9,2.708,214.9153531,7.564,True
11,10-12-2010,1408064.787,0,53.33,2.843,214.7693037,7.564,True
11,17-12-2010,1659574.035,0,54.63,2.869,214.704919,7.564,True
11,24-12-2010,2075638.824,0,59.33,2.886,214.7017828,7.564,True
11,31-12-2010,1054802.79,1,55.03,2.943,214.6986466,7.564,True
11,07-01-2011,1061014.896,0,54.43,2.976,214.6955104,7.551,True
11,14-01-2011,1075004.8020000001,0,45.34,2.983,214.7470729,7.551,True
11,21-01-2011,1068998.571,0,51.51,3.016,215.1268275,7.551,True
11,28-01-2011,990376.821,0,51.04,3.01,215.5065821,7.551,True
11,04-02-2011,1280291.445,0,47.17,2.989,215.8863367,7.551,True
11,11-02-2011,1277313.21,1,44.61,3.022,216.2660913,7.551,True
11,18-02-2011,1399272.435,0,61.5,3.045,216.5843571,7.551,True
11,25-02-2011,1191599.424,0,68.74,3.065,216.8780275,7.551,True
11,04-03-2011,1259511.291,0,66.5,3.288,217.1716979,7.551,True
11,11-03-2011,1183101.5790000001,0,63.29,3.459,217.4653683,7.551,True
11,18-03-2011,1252632.321,0,70.17,3.488,217.7235226,7.551,True
11,25-03-2011,1106799.516,0,73.74,3.473,217.9674705,7.551,True
11,01-04-2011,1132806.708,0,69.1,3.524,218.2114184,7.574,True
11,08-04-2011,1194660.9540000001,0,73.57,3.622,218.4553663,7.574,True
11,15-04-2011,1181615.22,0,76.64,3.743,218.6788642,7.574,True
11,22-04-2011,1249306.6770000001,0,78.31,3.807,218.851237,7.574,True
11,29-04-2011,1221830.9009999998,0,79.97,3.81,219.0236099,7.574,True
11,06-05-2011,1198308.069,0,71.39,3.906,219.1959827,7.574,True
11,13-05-2011,1150163.478,0,80.93,3.899,219.3683556,7.574,True
11,20-05-2011,1115520.273,0,76.97,3.907,219.127216,7.574,True
11,27-05-2011,1095188.868,0,85.61,3.786,218.8860765,7.574,True
11,03-06-2011,1209273.3,0,86.14,3.699,218.6449369,7.574,True
11,10-06-2011,1183164.075,0,85.79,3.648,218.4037974,7.574,True
11,17-06-2011,1203756.066,0,87.9,3.637,218.3551748,7.574,True
11,24-06-2011,1129129.056,0,86.13,3.594,218.45094,7.574,True
11,01-07-2011,1167724.854,0,86.43,3.524,218.5467052,7.567,True
11,08-07-2011,1201165.164,0,87.17,3.48,218.6424704,7.567,True
11,15-07-2011,1139892.057,0,88.3,3.575,218.7275216,7.567,True
11,22-07-2011,1161518.796,0,87.8,3.651,218.7857881,7.567,True
11,29-07-2011,1091644.803,0,89.46,3.682,218.8440545,7.567,True
11,05-08-2011,1262879.046,0,90.04,3.684,218.9023209,7.567,True
11,12-08-2011,1218769.587,0,90.3,3.638,218.9605873,7.567,True
11,19-08-2011,1335752.766,0,89.51,3.554,219.023271,7.567,True
11,26-08-2011,1174236.075,0,89.09,3.523,219.0866908,7.567,True
11,02-09-2011,1168013.169,0,91.44,3.533,219.1501106,7.567,True
11,09-09-2011,1124495.955,1,84.91,3.546,219.2135305,7.567,True
11,16-09-2011,1143734.409,0,85.11,3.526,219.3972867,7.567,True
11,23-09-2011,1112197.635,0,82.14,3.467,219.7414914,7.567,True
11,30-09-2011,1071464.2470000002,0,84.4,3.355,220.085696,7.567,True
11,07-10-2011,1211643.9540000001,0,76.97,3.285,220.4299007,7.197,True
11,14-10-2011,1157750.064,0,75.56,3.274,220.7486167,7.197,True
11,21-10-2011,1192596.777,0,70.91,3.353,220.9144005,7.197,True
11,28-10-2011,1179615.6900000002,0,72.66,3.372,221.0801842,7.197,True
11,04-11-2011,1312458.642,0,61.13,3.332,221.245968,7.197,True
11,11-11-2011,1229448.321,0,64.2,3.297,221.4117517,7.197,True
11,18-11-2011,1183582.467,0,66.17,3.308,221.6432852,7.197,True
11,25-11-2011,1664058.132,1,70.03,3.236,221.9011185,7.197,True
11,02-12-2011,1259390.196,0,56.89,3.172,222.1589519,7.197,True
11,09-12-2011,1481990.346,0,50.63,3.158,222.4167852,7.197,True
11,16-12-2011,1605519.054,0,59.69,3.159,222.6426418,7.197,True
11,23-12-2011,1992166.6500000001,0,54.29,3.112,222.8258628,7.197,True
11,30-12-2011,1216875.789,1,48.86,3.129,223.0090839,7.197,True
11,06-01-2012,1155496.995,0,54.44,3.157,223.1923049,6.833,True
11,13-01-2012,1138262.931,0,53.1,3.261,223.3755259,6.833,True
11,20-01-2012,1086572.9610000001,0,56.43,3.268,223.4700552,6.833,True
11,27-01-2012,1046408.2650000001,0,58.36,3.29,223.5645845,6.833,True
11,03-02-2012,1239058.962,0,60.24,3.36,223.6591137,6.833,True
11,10-02-2012,1416858.984,1,52.23,3.409,223.753643,6.833,True
11,17-02-2012,1412647.146,0,52.77,3.51,223.9170153,6.833,True
11,24-02-2012,1241525.727,0,61.11,3.555,224.1320199,6.833,True
11,02-03-2012,1294545.096,0,62.61,3.63,224.3470245,6.833,True
11,09-03-2012,1272044.484,0,61.44,3.669,224.5620291,6.833,True
11,16-03-2012,1297695.852,0,64.21,3.734,224.7166953,6.833,True
11,23-03-2012,1170534.249,0,67.16,3.787,224.7909104,6.833,True
11,30-03-2012,1170093.627,0,70.23,3.845,224.8651254,6.833,True
11,06-04-2012,1436692.509,0,74.19,3.891,224.9393405,6.664,True
11,13-04-2012,1325476.8090000001,0,72.74,3.891,225.0135556,6.664,True
11,20-04-2012,1183821.291,0,71.97,3.877,225.0689541,6.664,True
11,27-04-2012,1112614.4610000001,0,73.4,3.814,225.1243526,6.664,True
11,04-05-2012,1233226.098,0,79.07,3.749,225.1797511,6.664,True
11,11-05-2012,1170132.3630000001,0,75.13,3.688,225.2351496,6.664,True
11,18-05-2012,1217198.0790000001,0,72.53,3.63,225.2512024,6.664,True
11,25-05-2012,1167602.283,0,78.44,3.561,225.2515168,6.664,True
11,01-06-2012,1225435.797,0,81.67,3.501,225.2518313,6.664,True
11,08-06-2012,1272909.1770000001,0,82.1,3.452,225.2521458,6.664,True
11,15-06-2012,1276087.878,0,84.97,3.393,225.2644795,6.664,True
11,22-06-2012,1220112.27,0,83.26,3.346,225.3068615,6.664,True
11,29-06-2012,1167325.7400000002,0,87.86,3.286,225.3492435,6.664,True
11,06-07-2012,1315016.946,0,83.44,3.227,225.3916254,6.334,True
11,13-07-2012,1188215.5590000001,0,82.46,3.256,225.4340074,6.334,True
11,20-07-2012,1210035.429,0,82.41,3.311,225.4438827,6.334,True
11,27-07-2012,1145155.5180000002,0,85.43,3.407,225.4537579,6.334,True
11,03-08-2012,1259406.963,0,86.94,3.417,225.4636332,6.334,True
11,10-08-2012,1250076.285,0,86.21,3.494,225.4735085,6.334,True
11,17-08-2012,1279176.48,0,87.73,3.571,225.5558664,6.334,True
11,24-08-2012,1268564.1570000001,0,83.17,3.62,225.6925864,6.334,True
11,31-08-2012,1235585.1150000002,0,86.49,3.638,225.8293063,6.334,True
11,07-09-2012,1174125.96,1,85.17,3.73,225.9660263,6.334,True
11,14-09-2012,1140907.5450000002,0,79.61,3.717,226.1122067,6.334,True
11,21-09-2012,1193519.682,0,73.64,3.721,226.3151496,6.334,True
11,28-09-2012,1104687.6570000001,0,77.67,3.666,226.5180926,6.334,True
11,05-10-2012,1280514.834,0,73.37,3.617,226.7210356,6.034,True
11,12-10-2012,1180768.581,0,69.94,3.601,226.9239785,6.034,True
11,19-10-2012,1108865.862,0,73.77,3.594,226.9688442,6.034,True
11,26-10-2012,1080656.505,0,74.26,3.506,226.9873637,6.034,True
12,05-02-2010,990041.7330000001,0,49.47,2.962,126.4420645,13.975,True
12,12-02-2010,1006076.9970000001,1,47.87,2.946,126.4962581,13.975,True
12,19-02-2010,985879.485,0,54.83,2.915,126.5262857,13.975,True
12,26-02-2010,943755.453,0,50.23,2.825,126.5522857,13.975,True
12,05-03-2010,969316.4430000001,0,53.77,2.987,126.5782857,13.975,True
12,12-03-2010,887034.807,0,50.11,2.925,126.6042857,13.975,True
12,19-03-2010,874879.5059999999,0,59.57,3.054,126.6066452,13.975,True
12,26-03-2010,883454.229,0,60.06,3.083,126.6050645,13.975,True
12,02-04-2010,910640.0700000001,0,59.84,3.086,126.6034839,14.099,True
12,09-04-2010,937114.983,0,59.25,3.09,126.6019032,14.099,True
12,16-04-2010,862197.768,0,64.95,3.109,126.5621,14.099,True
12,23-04-2010,894450.096,0,64.55,3.05,126.4713333,14.099,True
12,30-04-2010,858798.198,0,67.38,3.105,126.3805667,14.099,True
12,07-05-2010,938916.243,0,70.15,3.127,126.2898,14.099,True
12,14-05-2010,869449.473,0,68.44,3.145,126.2085484,14.099,True
12,21-05-2010,862537.104,0,76.2,3.12,126.1843871,14.099,True
12,28-05-2010,859906.044,0,67.84,3.058,126.1602258,14.099,True
12,04-06-2010,944421.6240000001,0,81.39,2.941,126.1360645,14.099,True
12,11-06-2010,914435.739,0,90.84,2.949,126.1119032,14.099,True
12,18-06-2010,860590.08,0,81.06,3.043,126.114,14.099,True
12,25-06-2010,862206.921,0,87.27,3.084,126.1266,14.099,True
12,02-07-2010,856761.579,0,91.98,3.105,126.1392,14.18,True
12,09-07-2010,849155.652,0,90.37,3.1,126.1518,14.18,True
12,16-07-2010,824762.484,0,97.18,3.094,126.1498065,14.18,True
12,23-07-2010,821163.3030000001,0,99.22,3.112,126.1283548,14.18,True
12,30-07-2010,822193.425,0,96.31,3.017,126.1069032,14.18,True
12,06-08-2010,870819.255,0,92.95,3.123,126.0854516,14.18,True
12,13-08-2010,835437.9600000001,0,87.01,3.159,126.064,14.18,True
12,20-08-2010,853602.606,0,92.81,3.041,126.0766452,14.18,True
12,27-08-2010,904064.814,0,93.19,3.129,126.0892903,14.18,True
12,03-09-2010,968182.6950000001,0,83.12,3.087,126.1019355,14.18,True
12,10-09-2010,812807.1270000001,1,83.63,3.044,126.1145806,14.18,True
12,17-09-2010,767594.349,0,82.45,3.028,126.1454667,14.18,True
12,24-09-2010,766727.406,0,81.77,2.939,126.1900333,14.18,True
12,01-10-2010,765842.6340000001,0,85.2,3.001,126.2346,14.313,True
12,08-10-2010,826502.1120000001,0,71.82,3.013,126.2791667,14.313,True
12,15-10-2010,776177.856,0,75.0,2.976,126.3266774,14.313,True
12,22-10-2010,772095.114,0,68.85,3.014,126.3815484,14.313,True
12,29-10-2010,859765.23,0,61.09,3.016,126.4364194,14.313,True
12,05-11-2010,836721.639,0,65.49,3.129,126.4912903,14.313,True
12,12-11-2010,848227.716,0,57.79,3.13,126.5461613,14.313,True
12,19-11-2010,805044.33,0,58.18,3.161,126.6072,14.313,True
12,26-11-2010,1441239.669,1,47.66,3.162,126.6692667,14.313,True
12,03-12-2010,962579.853,0,43.33,3.041,126.7313333,14.313,True
12,10-12-2010,1009740.735,0,50.01,3.203,126.7934,14.313,True
12,17-12-2010,1166044.8150000002,0,52.77,3.236,126.8794839,14.313,True
12,24-12-2010,1591424.9009999998,0,52.02,3.236,126.9835806,14.313,True
12,31-12-2010,802563.219,1,45.64,3.148,127.0876774,14.313,True
12,07-01-2011,819099.216,0,37.64,3.287,127.1917742,14.021,True
12,14-01-2011,730810.6200000001,0,43.15,3.312,127.3009355,14.021,True
12,21-01-2011,721894.9500000001,0,53.53,3.223,127.4404839,14.021,True
12,28-01-2011,785807.1540000001,0,50.74,3.342,127.5800323,14.021,True
12,04-02-2011,941461.353,0,45.14,3.348,127.7195806,14.021,True
12,11-02-2011,977779.4130000001,1,51.3,3.381,127.859129,14.021,True
12,18-02-2011,1015636.5900000001,0,53.35,3.43,127.99525,14.021,True
12,25-02-2011,941583.348,0,48.45,3.53,128.13,14.021,True
12,04-03-2011,976723.389,0,51.72,3.674,128.26475,14.021,True
12,11-03-2011,897905.358,0,57.75,3.818,128.3995,14.021,True
12,18-03-2011,908551.809,0,64.21,3.692,128.5121935,14.021,True
12,25-03-2011,858696.588,0,54.4,3.909,128.6160645,14.021,True
12,01-04-2011,904917.1410000001,0,63.63,3.772,128.7199355,13.736,True
12,08-04-2011,898525.8450000001,0,64.47,4.003,128.8238065,13.736,True
12,15-04-2011,891856.593,0,57.63,3.868,128.9107333,13.736,True
12,22-04-2011,914417.523,0,72.12,4.134,128.9553,13.736,True
12,29-04-2011,895469.49,0,68.27,4.151,128.9998667,13.736,True
12,06-05-2011,919039.032,0,68.4,4.193,129.0444333,13.736,True
12,13-05-2011,879330.15,0,70.93,4.202,129.089,13.736,True
12,20-05-2011,831721.491,0,66.59,4.169,129.0756774,13.736,True
12,27-05-2011,867899.2590000001,0,76.67,4.087,129.0623548,13.736,True
12,03-06-2011,873295.812,0,71.81,4.031,129.0490323,13.736,True
12,10-06-2011,897244.155,0,78.72,3.981,129.0357097,13.736,True
12,17-06-2011,887854.437,0,86.84,3.935,129.0432,13.736,True
12,24-06-2011,897554.475,0,88.95,3.898,129.0663,13.736,True
12,01-07-2011,865794.0059999999,0,89.85,3.842,129.0894,13.503,True
12,08-07-2011,849345.642,0,89.9,3.705,129.1125,13.503,True
12,15-07-2011,842401.782,0,88.1,3.692,129.1338387,13.503,True
12,22-07-2011,830008.728,0,91.17,3.794,129.1507742,13.503,True
12,29-07-2011,801492.363,0,93.29,3.805,129.1677097,13.503,True
12,05-08-2011,889841.268,0,90.61,3.803,129.1846452,13.503,True
12,12-08-2011,860322.312,0,91.04,3.701,129.2015806,13.503,True
12,19-08-2011,870135.5160000001,0,91.74,3.743,129.2405806,13.503,True
12,26-08-2011,915834.123,0,94.61,3.74,129.2832581,13.503,True
12,02-09-2011,946846.3049999999,0,93.66,3.798,129.3259355,13.503,True
12,09-09-2011,830565.5129999999,1,88.0,3.913,129.3686129,13.503,True
12,16-09-2011,800361.207,0,76.36,3.918,129.4306,13.503,True
12,23-09-2011,784523.466,0,82.95,3.789,129.5183333,13.503,True
12,30-09-2011,779761.3049999999,0,83.26,3.877,129.6060667,13.503,True
12,07-10-2011,856120.194,0,70.44,3.827,129.6938,12.89,True
12,14-10-2011,834840.0090000001,0,67.31,3.805,129.7706452,12.89,True
12,21-10-2011,844744.122,0,73.05,3.842,129.7821613,12.89,True
12,28-10-2011,891833.742,0,67.41,3.727,129.7936774,12.89,True
12,04-11-2011,946750.3110000001,0,59.77,3.828,129.8051935,12.89,True
12,11-11-2011,985582.3770000001,0,48.76,3.824,129.8167097,12.89,True
12,18-11-2011,873577.206,0,54.2,3.813,129.8268333,12.89,True
12,25-11-2011,1432728.378,1,53.25,3.622,129.8364,12.89,True
12,02-12-2011,964244.7900000002,0,52.5,3.701,129.8459667,12.89,True
12,09-12-2011,1070681.805,0,42.17,3.644,129.8555333,12.89,True
12,16-12-2011,1164063.7619999999,0,43.29,3.6,129.8980645,12.89,True
12,23-12-2011,1455850.827,0,45.4,3.541,129.9845484,12.89,True
12,30-12-2011,1000474.263,1,44.64,3.428,130.0710323,12.89,True
12,06-01-2012,851241.285,0,50.43,3.599,130.1575161,12.187,True
12,13-01-2012,778921.074,0,48.07,3.657,130.244,12.187,True
12,20-01-2012,770330.376,0,46.2,3.66,130.2792258,12.187,True
12,27-01-2012,799383.321,0,50.43,3.675,130.3144516,12.187,True
12,03-02-2012,952891.155,0,50.58,3.702,130.3496774,12.187,True
12,10-02-2012,1079397.7650000001,1,52.27,3.722,130.3849032,12.187,True
12,17-02-2012,1116043.965,0,51.8,3.781,130.4546207,12.187,True
12,24-02-2012,1000831.248,0,53.13,3.95,130.5502069,12.187,True
12,02-03-2012,1032873.264,0,52.27,4.178,130.6457931,12.187,True
12,09-03-2012,1001887.7130000001,0,54.54,4.25,130.7413793,12.187,True
12,16-03-2012,979648.6680000001,0,64.44,4.273,130.8261935,12.187,True
12,23-03-2012,940877.883,0,56.26,4.038,130.8966452,12.187,True
12,30-03-2012,922843.998,0,64.36,4.294,130.9670968,12.187,True
12,06-04-2012,1015889.139,0,64.05,4.121,131.0375484,11.627,True
12,13-04-2012,975430.071,0,64.28,4.254,131.108,11.627,True
12,20-04-2012,905838.264,0,66.73,4.222,131.1173333,11.627,True
12,27-04-2012,903827.142,0,77.99,4.193,131.1266667,11.627,True
12,04-05-2012,966090.321,0,76.03,4.171,131.136,11.627,True
12,11-05-2012,937795.698,0,77.27,4.186,131.1453333,11.627,True
12,18-05-2012,918437.4450000001,0,84.51,4.11,131.0983226,11.627,True
12,25-05-2012,892362.789,0,83.84,4.293,131.0287742,11.627,True
12,01-06-2012,883210.6799999999,0,78.11,4.277,130.9592258,11.627,True
12,08-06-2012,977608.323,0,84.83,4.103,130.8896774,11.627,True
12,15-06-2012,917599.959,0,85.94,4.144,130.8295333,11.627,True
12,22-06-2012,883247.625,0,91.61,4.014,130.7929,11.627,True
12,29-06-2012,848812.2660000001,0,90.47,3.875,130.7562667,11.627,True
12,06-07-2012,913408.902,0,89.13,3.765,130.7196333,10.926,True
12,13-07-2012,864281.475,0,95.61,3.723,130.683,10.926,True
12,20-07-2012,847395.306,0,85.53,3.726,130.7012903,10.926,True
12,27-07-2012,825271.128,0,93.47,3.769,130.7195806,10.926,True
12,03-08-2012,862800.507,0,88.16,3.76,130.737871,10.926,True
12,10-08-2012,886220.91,0,95.91,3.811,130.7561613,10.926,True
12,17-08-2012,904502.808,0,94.87,4.002,130.7909677,10.926,True
12,24-08-2012,943291.251,0,85.32,4.055,130.8381613,10.926,True
12,31-08-2012,955749.1410000001,0,89.78,4.093,130.8853548,10.926,True
12,07-09-2012,859631.4360000001,1,88.52,4.124,130.9325484,10.926,True
12,14-09-2012,797303.133,0,83.64,4.133,130.9776667,10.926,True
12,21-09-2012,830461.833,0,82.97,4.125,131.0103333,10.926,True
12,28-09-2012,792374.103,0,81.22,3.966,131.043,10.926,True
12,05-10-2012,881843.3280000001,0,81.61,3.966,131.0756667,10.199,True
12,12-10-2012,841425.723,0,71.74,4.468,131.1083333,10.199,True
12,19-10-2012,864850.8870000001,0,68.66,4.449,131.1499677,10.199,True
12,26-10-2012,877227.84,0,65.95,4.301,131.1930968,10.199,True
13,05-02-2010,1770498.477,0,31.53,2.666,126.4420645,8.316,True
13,12-02-2010,1827840.114,1,33.16,2.671,126.4962581,8.316,True
13,19-02-2010,1773247.176,0,35.7,2.654,126.5262857,8.316,True
13,26-02-2010,1636065.2880000002,0,29.98,2.667,126.5522857,8.316,True
13,05-03-2010,1745982.3869999999,0,40.65,2.681,126.5782857,8.316,True
13,12-03-2010,1656618.246,0,37.62,2.733,126.6042857,8.316,True
13,19-03-2010,1691815.4009999998,0,42.49,2.782,126.6066452,8.316,True
13,26-03-2010,1693886.382,0,41.48,2.819,126.6050645,8.316,True
13,02-04-2010,1928233.9260000002,0,42.15,2.842,126.6034839,8.107,True
13,09-04-2010,1708489.1970000002,0,38.97,2.877,126.6019032,8.107,True
13,16-04-2010,1637694.396,0,50.39,2.915,126.5621,8.107,True
13,23-04-2010,1718397.693,0,55.66,2.936,126.4713333,8.107,True
13,30-04-2010,1607241.033,0,48.33,2.941,126.3805667,8.107,True
13,07-05-2010,1804930.614,0,44.42,2.948,126.2898,8.107,True
13,14-05-2010,1701246.096,0,50.15,2.962,126.2085484,8.107,True
13,21-05-2010,1668291.84,0,57.71,2.95,126.1843871,8.107,True
13,28-05-2010,1689622.9740000002,0,53.11,2.908,126.1602258,8.107,True
13,04-06-2010,1820434.698,0,59.85,2.871,126.1360645,8.107,True
13,11-06-2010,1834092.864,0,65.24,2.841,126.1119032,8.107,True
13,18-06-2010,1803091.779,0,58.41,2.819,126.114,8.107,True
13,25-06-2010,1773306.225,0,71.83,2.82,126.1266,8.107,True
13,02-07-2010,1816483.239,0,78.82,2.814,126.1392,7.951,True
13,09-07-2010,1683759.51,0,71.33,2.802,126.1518,7.951,True
13,16-07-2010,1739007.945,0,77.79,2.791,126.1498065,7.951,True
13,23-07-2010,1716616.08,0,82.27,2.797,126.1283548,7.951,True
13,30-07-2010,1636098.507,0,78.94,2.797,126.1069032,7.951,True
13,06-08-2010,1772209.305,0,81.24,2.802,126.0854516,7.951,True
13,13-08-2010,1689833.2950000002,0,74.93,2.837,126.064,7.951,True
13,20-08-2010,1797657.8669999999,0,76.34,2.85,126.0766452,7.951,True
13,27-08-2010,1717450.443,0,75.31,2.854,126.0892903,7.951,True
13,03-09-2010,1720667.3220000002,0,65.71,2.868,126.1019355,7.951,True
13,10-09-2010,1594929.546,1,65.74,2.87,126.1145806,7.951,True
13,17-09-2010,1611251.766,0,66.84,2.875,126.1454667,7.951,True
13,24-09-2010,1535089.581,0,68.22,2.872,126.1900333,7.951,True
13,01-10-2010,1589026.0320000001,0,68.74,2.853,126.2346,7.795,True
13,08-10-2010,1684731.6630000002,0,63.03,2.841,126.2791667,7.795,True
13,15-10-2010,1666287.9540000001,0,54.12,2.845,126.3266774,7.795,True
13,22-10-2010,1617254.631,0,56.89,2.849,126.3815484,7.795,True
13,29-10-2010,1699105.563,0,45.12,2.841,126.4364194,7.795,True
13,05-11-2010,1669470.8939999999,0,49.96,2.831,126.4912903,7.795,True
13,12-11-2010,1745968.167,0,42.55,2.831,126.5461613,7.795,True
13,19-11-2010,1732854.5189999999,0,42.0,2.842,126.6072,7.795,True
13,26-11-2010,2489760.045,1,28.22,2.83,126.6692667,7.795,True
13,03-12-2010,1875041.9009999998,0,25.8,2.812,126.7313333,7.795,True
13,10-12-2010,2215321.515,0,36.78,2.817,126.7934,7.795,True
13,17-12-2010,2494482.129,0,35.21,2.842,126.8794839,7.795,True
13,24-12-2010,3236312.8800000004,0,34.9,2.846,126.9835806,7.795,True
13,31-12-2010,1507762.8,1,26.79,2.868,127.0876774,7.795,True
13,07-01-2011,1570089.951,0,16.94,2.891,127.1917742,7.47,True
13,14-01-2011,1514084.679,0,20.6,2.903,127.3009355,7.47,True
13,21-01-2011,1593159.6330000001,0,34.8,2.934,127.4404839,7.47,True
13,28-01-2011,1470296.8080000002,0,31.64,2.96,127.5800323,7.47,True
13,04-02-2011,1663367.922,0,23.35,2.974,127.7195806,7.47,True
13,11-02-2011,1749995.01,1,30.83,3.034,127.859129,7.47,True
13,18-02-2011,1803132.5310000002,0,40.85,3.062,127.99525,7.47,True
13,25-02-2011,1648740.555,0,33.17,3.12,128.13,7.47,True
13,04-03-2011,1705464.612,0,34.23,3.23,128.26475,7.47,True
13,11-03-2011,1667189.3220000002,0,41.28,3.346,128.3995,7.47,True
13,18-03-2011,1667199.402,0,44.69,3.407,128.5121935,7.47,True
13,25-03-2011,1626790.8869999999,0,42.38,3.435,128.6160645,7.47,True
13,01-04-2011,1677814.7759999998,0,42.49,3.487,128.7199355,7.193,True
13,08-04-2011,1698718.536,0,42.75,3.547,128.8238065,7.193,True
13,15-04-2011,1755894.6360000002,0,41.72,3.616,128.9107333,7.193,True
13,22-04-2011,1911884.706,0,47.55,3.655,128.9553,7.193,True
13,29-04-2011,1706024.8080000002,0,43.85,3.683,128.9998667,7.193,True
13,06-05-2011,1787742.3599999999,0,47.75,3.744,129.0444333,7.193,True
13,13-05-2011,1762941.2040000001,0,52.4,3.77,129.089,7.193,True
13,20-05-2011,1674831.195,0,52.12,3.802,129.0756774,7.193,True
13,27-05-2011,1679732.937,0,54.62,3.778,129.0623548,7.193,True
13,03-06-2011,1742034.4830000002,0,52.76,3.752,129.0490323,7.193,True
13,10-06-2011,1798035.2820000001,0,61.39,3.732,129.0357097,7.193,True
13,17-06-2011,1877790.141,0,63.35,3.704,129.0432,7.193,True
13,24-06-2011,1808246.772,0,66.38,3.668,129.0663,7.193,True
13,01-07-2011,1843232.166,0,74.29,3.613,129.0894,6.877,True
13,08-07-2011,1819529.442,0,77.3,3.563,129.1125,6.877,True
13,15-07-2011,1761131.979,0,75.59,3.553,129.1338387,6.877,True
13,22-07-2011,1788380.424,0,78.5,3.563,129.1507742,6.877,True
13,29-07-2011,1692707.121,0,77.62,3.574,129.1677097,6.877,True
13,05-08-2011,1868608.62,0,75.56,3.595,129.1846452,6.877,True
13,12-08-2011,1773307.2419999999,0,75.95,3.606,129.2015806,6.877,True
13,19-08-2011,1881306.882,0,76.68,3.578,129.2405806,6.877,True
13,26-08-2011,1831720.0860000001,0,81.53,3.57,129.2832581,6.877,True
13,02-09-2011,1758265.938,0,77.0,3.58,129.3259355,6.877,True
13,09-09-2011,1685629.179,1,70.19,3.619,129.3686129,6.877,True
13,16-09-2011,1730901.438,0,67.54,3.641,129.4306,6.877,True
13,23-09-2011,1662687.864,0,63.6,3.648,129.5183333,6.877,True
13,30-09-2011,1652096.421,0,68.28,3.623,129.6060667,6.877,True
13,07-10-2011,1860509.304,0,60.62,3.592,129.6938,6.392,True
13,14-10-2011,1736693.1630000002,0,51.74,3.567,129.7706452,6.392,True
13,21-10-2011,1776189.843,0,54.66,3.579,129.7821613,6.392,True
13,28-10-2011,1753860.429,0,47.41,3.567,129.7936774,6.392,True
13,04-11-2011,1832685.786,0,43.51,3.538,129.8051935,6.392,True
13,11-11-2011,1900432.8809999998,0,33.8,3.513,129.8167097,6.392,True
13,18-11-2011,1814691.159,0,40.65,3.489,129.8268333,6.392,True
13,25-11-2011,2577753.549,1,38.89,3.445,129.8364,6.392,True
13,02-12-2011,1846184.094,0,33.94,3.389,129.8459667,6.392,True
13,09-12-2011,2216501.154,0,24.82,3.341,129.8555333,6.392,True
13,16-12-2011,2484312.039,0,27.85,3.282,129.8980645,6.392,True
13,23-12-2011,3201089.4269999997,0,24.76,3.186,129.9845484,6.392,True
13,30-12-2011,1772151.219,1,31.53,3.119,130.0710323,6.392,True
13,06-01-2012,1679177.502,0,33.8,3.08,130.1575161,6.104,True
13,13-01-2012,1615466.376,0,25.61,3.056,130.244,6.104,True
13,20-01-2012,1630445.589,0,32.71,3.047,130.2792258,6.104,True
13,27-01-2012,1560584.7810000002,0,34.32,3.058,130.3144516,6.104,True
13,03-02-2012,1735002.666,0,31.39,3.077,130.3496774,6.104,True
13,10-02-2012,1862356.1130000001,1,33.73,3.116,130.3849032,6.104,True
13,17-02-2012,1993029.354,0,36.57,3.119,130.4546207,6.104,True
13,24-02-2012,1736791.227,0,35.38,3.145,130.5502069,6.104,True
13,02-03-2012,1772768.484,0,32.36,3.242,130.6457931,6.104,True
13,09-03-2012,1787801.085,0,38.24,3.38,130.7413793,6.104,True
13,16-03-2012,1823024.3580000002,0,52.5,3.529,130.8261935,6.104,True
13,23-03-2012,1713979.566,0,47.83,3.671,130.8966452,6.104,True
13,30-03-2012,1754084.43,0,53.2,3.734,130.9670968,6.104,True
13,06-04-2012,2044453.2839999998,0,48.85,3.793,131.0375484,5.965,True
13,13-04-2012,1851874.074,0,51.7,3.833,131.108,5.965,True
13,20-04-2012,1760120.208,0,50.24,3.845,131.1173333,5.965,True
13,27-04-2012,1773109.4849999999,0,64.8,3.842,131.1266667,5.965,True
13,04-05-2012,1796395.0590000001,0,54.41,3.831,131.136,5.965,True
13,11-05-2012,1872687.753,0,56.47,3.809,131.1453333,5.965,True
13,18-05-2012,1918710.4949999999,0,65.17,3.808,131.0983226,5.965,True
13,25-05-2012,1839014.469,0,62.39,3.801,131.0287742,5.965,True
13,01-06-2012,1831888.251,0,61.11,3.788,130.9592258,5.965,True
13,08-06-2012,1964194.1099999999,0,68.4,3.776,130.8896774,5.965,True
13,15-06-2012,1937006.199,0,65.97,3.756,130.8295333,5.965,True
13,22-06-2012,1884935.7,0,72.89,3.737,130.7929,5.965,True
13,29-06-2012,1833897.339,0,82.0,3.681,130.7562667,5.965,True
13,06-07-2012,1966482.3150000002,0,79.23,3.63,130.7196333,5.765,True
13,13-07-2012,1802475.891,0,83.68,3.595,130.683,5.765,True
13,20-07-2012,1847780.388,0,75.69,3.556,130.7012903,5.765,True
13,27-07-2012,1722987.477,0,80.42,3.537,130.7195806,5.765,True
13,03-08-2012,1839733.4070000001,0,81.99,3.512,130.737871,5.765,True
13,10-08-2012,1836917.928,0,81.69,3.509,130.7561613,5.765,True
13,17-08-2012,1886192.2619999999,0,79.4,3.545,130.7909677,5.765,True
13,24-08-2012,1853512.425,0,77.37,3.582,130.8381613,5.765,True
13,31-08-2012,1866469.878,0,79.18,3.624,130.8853548,5.765,True
13,07-09-2012,1949216.679,1,70.65,3.689,130.9325484,5.765,True
13,14-09-2012,1727925.327,0,68.55,3.749,130.9776667,5.765,True
13,21-09-2012,1744541.694,0,67.96,3.821,131.0103333,5.765,True
13,28-09-2012,1734897.699,0,64.8,3.821,131.043,5.765,True
13,05-10-2012,1837726.866,0,61.79,3.815,131.0756667,5.621,True
13,12-10-2012,1799171.496,0,55.1,3.797,131.1083333,5.621,True
13,19-10-2012,1816209.135,0,52.06,3.781,131.1499677,5.621,True
13,26-10-2012,1831670.694,0,46.97,3.755,131.1930968,5.621,True
14,05-02-2010,2361122.955,0,27.31,2.784,181.8711898,8.992,True
14,12-02-2010,1533796.956,1,27.73,2.773,181.982317,8.992,True
14,19-02-2010,1984101.0300000003,0,31.27,2.745,182.0347816,8.992,True
14,26-02-2010,1886032.467,0,34.89,2.754,182.0774691,8.992,True
14,05-03-2010,2013790.2750000001,0,37.13,2.777,182.1201566,8.992,True
14,12-03-2010,1940431.554,0,45.8,2.818,182.1628441,8.992,True
14,19-03-2010,1859597.37,0,48.79,2.844,182.0779857,8.992,True
14,26-03-2010,1845356.6430000002,0,54.36,2.854,181.9718697,8.992,True
14,02-04-2010,2246067.459,0,47.74,2.85,181.8657537,8.899,True
14,09-04-2010,2032903.1519999998,0,65.45,2.869,181.7596377,8.899,True
14,16-04-2010,1909609.7489999998,0,54.28,2.899,181.6924769,8.899,True
14,23-04-2010,1924330.4190000002,0,53.47,2.902,181.6772564,8.899,True
14,30-04-2010,1874119.6080000002,0,53.15,2.921,181.6620359,8.899,True
14,07-05-2010,2133104.8680000002,0,70.75,2.966,181.6468154,8.899,True
14,14-05-2010,1916794.017,0,54.26,2.982,181.6612792,8.899,True
14,21-05-2010,1897368.3900000001,0,62.62,2.958,181.8538486,8.899,True
14,28-05-2010,2004436.9440000001,0,69.27,2.899,182.0464181,8.899,True
14,04-06-2010,2127241.3230000003,0,75.93,2.847,182.2389876,8.899,True
14,11-06-2010,2024613.036,0,69.71,2.809,182.4315571,8.899,True
14,18-06-2010,2023781.031,0,72.62,2.78,182.4424199,8.899,True
14,25-06-2010,2021561.9190000002,0,79.32,2.808,182.3806,8.899,True
14,02-07-2010,2101309.578,0,76.61,2.815,182.3187801,8.743,True
14,09-07-2010,2012588.217,0,82.45,2.793,182.2569603,8.743,True
14,16-07-2010,1917258.543,0,77.84,2.783,182.2604411,8.743,True
14,23-07-2010,1839739.851,0,81.46,2.771,182.3509895,8.743,True
14,30-07-2010,1849358.952,0,79.78,2.781,182.4415378,8.743,True
14,06-08-2010,1997832.1500000001,0,77.17,2.784,182.5320862,8.743,True
14,13-08-2010,1847686.3290000001,0,78.44,2.805,182.6226346,8.743,True
14,20-08-2010,1851424.479,0,76.01,2.779,182.6165205,8.743,True
14,27-08-2010,1818298.8630000001,0,71.36,2.755,182.6104063,8.743,True
14,03-09-2010,1964307.2940000002,0,78.37,2.715,182.6042922,8.743,True
14,10-09-2010,1972590.984,1,70.87,2.699,182.598178,8.743,True
14,17-09-2010,1758185.8650000002,0,66.55,2.706,182.622509,8.743,True
14,24-09-2010,1691902.017,0,68.59,2.713,182.6696737,8.743,True
14,01-10-2010,1670133.294,0,70.58,2.707,182.7168385,8.724,True
14,08-10-2010,1882496.88,0,56.49,2.764,182.7640032,8.724,True
14,15-10-2010,1738946.3669999999,0,58.61,2.868,182.8106203,8.724,True
14,22-10-2010,1742958.9810000001,0,53.15,2.917,182.8558685,8.724,True
14,29-10-2010,1786291.506,0,61.3,2.921,182.9011166,8.724,True
14,05-11-2010,1870575.723,0,45.65,2.917,182.9463648,8.724,True
14,12-11-2010,1882970.154,0,46.14,2.931,182.9916129,8.724,True
14,19-11-2010,1771616.3220000002,0,50.02,3.0,182.8989385,8.724,True
14,26-11-2010,2629538.739,1,46.15,3.039,182.7832769,8.724,True
14,03-12-2010,2032640.667,0,40.93,3.046,182.6676154,8.724,True
14,10-12-2010,2340467.334,0,30.54,3.109,182.5519538,8.724,True
14,17-12-2010,2486575.2690000003,0,30.51,3.14,182.517732,8.724,True
14,24-12-2010,3436817.805,0,30.59,3.141,182.54459,8.724,True
14,31-12-2010,1461344.814,1,29.67,3.179,182.5714479,8.724,True
14,07-01-2011,1678271.4900000002,0,34.32,3.193,182.5983058,8.549,True
14,14-01-2011,1529186.31,0,24.78,3.205,182.6585782,8.549,True
14,21-01-2011,1568869.9830000002,0,30.55,3.229,182.9193368,8.549,True
14,28-01-2011,1452346.542,0,24.05,3.237,183.1800955,8.549,True
14,04-02-2011,1796302.6830000002,0,28.73,3.231,183.4408542,8.549,True
14,11-02-2011,1782364.527,1,30.3,3.239,183.7016129,8.549,True
14,18-02-2011,1817128.503,0,40.7,3.245,183.9371353,8.549,True
14,25-02-2011,1688137.9919999999,0,35.78,3.274,184.1625632,8.549,True
14,04-03-2011,1837094.049,0,38.65,3.433,184.3879911,8.549,True
14,11-03-2011,1737994.203,0,45.01,3.582,184.613419,8.549,True
14,18-03-2011,1739242.278,0,46.66,3.631,184.809719,8.549,True
14,25-03-2011,1691506.107,0,41.76,3.625,184.9943679,8.549,True
14,01-04-2011,1682199.495,0,37.27,3.638,185.1790167,8.521,True
14,08-04-2011,1834018.9919999999,0,48.71,3.72,185.3636656,8.521,True
14,15-04-2011,1777464.7740000002,0,53.69,3.821,185.5339821,8.521,True
14,22-04-2011,2030815.2510000002,0,53.04,3.892,185.6684673,8.521,True
14,29-04-2011,1737555.876,0,66.18,3.962,185.8029526,8.521,True
14,06-05-2011,1886039.937,0,58.21,4.046,185.9374378,8.521,True
14,13-05-2011,1803897.27,0,60.38,4.066,186.0719231,8.521,True
14,20-05-2011,1763971.02,0,62.28,4.062,185.9661154,8.521,True
14,27-05-2011,1872624.816,0,69.7,3.985,185.8603077,8.521,True
14,03-06-2011,1871909.523,0,76.38,3.922,185.7545,8.521,True
14,10-06-2011,1919201.4000000001,0,73.88,3.881,185.6486923,8.521,True
14,17-06-2011,1873875.006,0,69.32,3.842,185.6719333,8.521,True
14,24-06-2011,1862571.168,0,74.85,3.804,185.7919609,8.521,True
14,01-07-2011,1867201.371,0,74.04,3.748,185.9119885,8.625,True
14,08-07-2011,1857060.9540000001,0,77.49,3.711,186.032016,8.625,True
14,15-07-2011,1758190.284,0,78.47,3.76,186.1399808,8.625,True
14,22-07-2011,1693863.792,0,82.33,3.811,186.2177885,8.625,True
14,29-07-2011,1683918.909,0,81.31,3.829,186.2955962,8.625,True
14,05-08-2011,1859418.621,0,78.22,3.842,186.3734038,8.625,True
14,12-08-2011,1735896.438,0,77.0,3.812,186.4512115,8.625,True
14,19-08-2011,1707186.591,0,72.98,3.747,186.5093071,8.625,True
14,26-08-2011,2046123.5580000002,0,72.55,3.704,186.5641172,8.625,True
14,02-09-2011,1575802.323,0,70.63,3.703,186.6189274,8.625,True
14,09-09-2011,1982468.6099999999,1,71.48,3.738,186.6737376,8.625,True
14,16-09-2011,1678174.101,0,69.17,3.742,186.8024,8.625,True
14,23-09-2011,1684400.076,0,63.75,3.711,187.0295321,8.625,True
14,30-09-2011,1628990.361,0,70.66,3.645,187.2566641,8.625,True
14,07-10-2011,1870917.084,0,55.82,3.583,187.4837962,8.523,True
14,14-10-2011,1701783.675,0,63.82,3.541,187.6917481,8.523,True
14,21-10-2011,1808104.131,0,59.6,3.57,187.7846197,8.523,True
14,28-10-2011,1851161.5080000001,0,51.78,3.569,187.8774913,8.523,True
14,04-11-2011,1956651.039,0,43.92,3.551,187.9703629,8.523,True
14,11-11-2011,1873381.185,0,47.65,3.53,188.0632345,8.523,True
14,18-11-2011,1772424.648,0,51.34,3.53,188.1983654,8.523,True
14,25-11-2011,2416816.629,1,48.71,3.492,188.3504,8.523,True
14,02-12-2011,1928772.5129999998,0,50.19,3.452,188.5024346,8.523,True
14,09-12-2011,2223523.1610000003,0,46.57,3.415,188.6544692,8.523,True
14,16-12-2011,2334926.781,0,39.93,3.413,188.7979349,8.523,True
14,23-12-2011,3032162.0910000005,0,42.27,3.389,188.9299752,8.523,True
14,30-12-2011,1722734.001,1,37.79,3.389,189.0620155,8.523,True
14,06-01-2012,1673230.464,0,35.88,3.422,189.1940558,8.424,True
14,13-01-2012,1526623.443,0,41.18,3.513,189.3260962,8.424,True
14,20-01-2012,1610201.9880000001,0,31.85,3.533,189.4214733,8.424,True
14,27-01-2012,1435826.043,0,37.93,3.567,189.5168505,8.424,True
14,03-02-2012,1689669.324,0,42.96,3.617,189.6122277,8.424,True
14,10-02-2012,1869530.616,1,37.0,3.64,189.7076048,8.424,True
14,17-02-2012,1818495.891,0,36.85,3.695,189.8424834,8.424,True
14,24-02-2012,1687536.1439999999,0,42.86,3.739,190.0069881,8.424,True
14,02-03-2012,1733404.491,0,41.55,3.816,190.1714927,8.424,True
14,09-03-2012,1818755.3790000002,0,45.52,3.848,190.3359973,8.424,True
14,16-03-2012,1746936.45,0,50.56,3.862,190.4618964,8.424,True
14,23-03-2012,1704102.939,0,59.45,3.9,190.5363213,8.424,True
14,30-03-2012,1714529.709,0,50.04,3.953,190.6107463,8.424,True
14,06-04-2012,2138420.034,0,49.73,3.996,190.6851712,8.567,True
14,13-04-2012,1721618.721,0,51.83,4.044,190.7595962,8.567,True
14,20-04-2012,1688117.796,0,63.13,4.027,190.8138013,8.567,True
14,27-04-2012,1605626.955,0,53.2,4.004,190.8680064,8.567,True
14,04-05-2012,1754418.861,0,55.21,3.951,190.9222115,8.567,True
14,11-05-2012,1788777.945,0,61.24,3.889,190.9764167,8.567,True
14,18-05-2012,1739009.853,0,66.3,3.848,190.9964479,8.567,True
14,25-05-2012,1827782.6490000002,0,67.21,3.798,191.0028096,8.567,True
14,01-06-2012,1844536.941,0,74.48,3.742,191.0091712,8.567,True
14,08-06-2012,1889654.292,0,64.3,3.689,191.0155329,8.567,True
14,15-06-2012,1715160.312,0,71.93,3.62,191.0299731,8.567,True
14,22-06-2012,1494205.9919999999,0,74.22,3.564,191.0646096,8.567,True
14,29-06-2012,1432651.5180000002,0,75.22,3.506,191.0992462,8.567,True
14,06-07-2012,1675916.055,0,82.99,3.475,191.1338827,8.684,True
14,13-07-2012,1389980.1150000002,0,79.97,3.523,191.1685192,8.684,True
14,20-07-2012,1397925.1439999999,0,78.89,3.567,191.1670428,8.684,True
14,27-07-2012,1331563.194,0,77.2,3.647,191.1655664,8.684,True
14,03-08-2012,1491197.814,0,76.58,3.654,191.16409,8.684,True
14,10-08-2012,1483713.027,0,78.65,3.722,191.1626135,8.684,True
14,17-08-2012,1494389.97,0,75.71,3.807,191.2284919,8.684,True
14,24-08-2012,1459657.1970000002,0,72.62,3.834,191.3448865,8.684,True
14,31-08-2012,1452007.971,0,75.09,3.867,191.461281,8.684,True
14,07-09-2012,1714061.1060000001,1,75.7,3.911,191.5776756,8.684,True
14,14-09-2012,1399314.798,0,67.87,3.948,191.69985,8.684,True
14,21-09-2012,1408817.214,0,65.32,4.038,191.8567038,8.684,True
14,28-09-2012,1370260.98,0,64.88,3.997,192.0135577,8.684,True
14,05-10-2012,1518832.944,0,64.89,3.985,192.1704115,8.667,True
14,12-10-2012,1475627.049,0,54.47,4.0,192.3272654,8.667,True
14,19-10-2012,1431247.248,0,56.47,3.969,192.3308542,8.667,True
14,26-10-2012,1533921.8580000002,0,58.85,3.882,192.3088989,8.667,True
15,05-02-2010,586910.196,0,19.83,2.954,131.5279032,8.35,True
15,12-02-2010,614202.39,1,22.0,2.94,131.5866129,8.35,True
15,19-02-2010,594754.875,0,27.54,2.909,131.637,8.35,True
15,26-02-2010,508394.87999999995,0,29.87,2.91,131.686,8.35,True
15,05-03-2010,544792.8870000001,0,31.79,2.919,131.735,8.35,True
15,12-03-2010,543756.231,0,41.39,2.938,131.784,8.35,True
15,19-03-2010,534339.603,0,44.69,2.96,131.8242903,8.35,True
15,26-03-2010,532900.341,0,39.53,2.963,131.863129,8.35,True
15,02-04-2010,646623.639,0,45.27,2.957,131.9019677,8.185,True
15,09-04-2010,571145.1930000001,0,57.77,2.992,131.9408065,8.185,True
15,16-04-2010,577087.785,0,49.63,3.01,131.9809,8.185,True
15,23-04-2010,578787.84,0,46.54,3.021,132.0226667,8.185,True
15,30-04-2010,513711.999,0,49.09,3.042,132.0644333,8.185,True
15,07-05-2010,595213.992,0,63.16,3.095,132.1062,8.185,True
15,14-05-2010,534946.6799999999,0,47.13,3.112,132.152129,8.185,True
15,21-05-2010,554938.29,0,59.09,3.096,132.2230323,8.185,True
15,28-05-2010,670295.5920000001,0,70.61,3.046,132.2939355,8.185,True
15,04-06-2010,623873.25,0,69.99,3.006,132.3648387,8.185,True
15,11-06-2010,557403.5610000001,0,61.04,2.972,132.4357419,8.185,True
15,18-06-2010,587096.577,0,65.83,2.942,132.4733333,8.185,True
15,25-06-2010,604974.6270000001,0,72.79,2.958,132.4976,8.185,True
15,02-07-2010,638403.399,0,66.13,2.958,132.5218667,8.099,True
15,09-07-2010,622347.858,0,77.33,2.94,132.5461333,8.099,True
15,16-07-2010,569883.321,0,72.83,2.933,132.5667742,8.099,True
15,23-07-2010,538698.087,0,73.2,2.924,132.5825806,8.099,True
15,30-07-2010,557301.6540000001,0,72.04,2.932,132.5983871,8.099,True
15,06-08-2010,575686.116,0,72.7,2.942,132.6141935,8.099,True
15,13-08-2010,560193.372,0,72.17,2.923,132.63,8.099,True
15,20-08-2010,573381.396,0,71.1,2.913,132.6616129,8.099,True
15,27-08-2010,584812.035,0,65.07,2.885,132.6932258,8.099,True
15,03-09-2010,574782.489,0,73.17,2.86,132.7248387,8.099,True
15,10-09-2010,577768.6799999999,1,62.36,2.837,132.7564516,8.099,True
15,17-09-2010,524889.783,0,57.94,2.846,132.7670667,8.099,True
15,24-09-2010,493688.223,0,62.53,2.837,132.7619333,8.099,True
15,01-10-2010,510251.355,0,59.69,2.84,132.7568,8.067,True
15,08-10-2010,532443.4110000001,0,52.19,2.903,132.7516667,8.067,True
15,15-10-2010,519310.134,0,49.96,2.999,132.7633548,8.067,True
15,22-10-2010,540356.157,0,47.1,3.049,132.8170968,8.067,True
15,29-10-2010,538471.35,0,55.09,3.055,132.8708387,8.067,True
15,05-11-2010,551688.876,0,40.29,3.049,132.9245806,8.067,True
15,12-11-2010,557675.7660000001,0,39.63,3.065,132.9783226,8.067,True
15,19-11-2010,547380.729,0,44.1,3.138,132.9172,8.067,True
15,26-11-2010,1008017.0279999999,1,40.71,3.186,132.8369333,8.067,True
15,03-12-2010,678721.455,0,36.0,3.2,132.7566667,8.067,True
15,10-12-2010,762564.636,0,23.97,3.255,132.6764,8.067,True
15,17-12-2010,885442.635,0,25.3,3.301,132.6804516,8.067,True
15,24-12-2010,1231486.353,0,25.07,3.309,132.7477419,8.067,True
15,31-12-2010,489378.753,1,26.54,3.336,132.8150323,8.067,True
15,07-01-2011,458676.693,0,30.53,3.351,132.8823226,7.771,True
15,14-01-2011,431481.78,0,19.53,3.367,132.9510645,7.771,True
15,21-01-2011,438579.927,0,21.84,3.391,133.0285161,7.771,True
15,28-01-2011,433007.64,0,19.61,3.402,133.1059677,7.771,True
15,04-02-2011,500895.765,0,20.69,3.4,133.1834194,7.771,True
15,11-02-2011,524577.915,1,21.64,3.416,133.260871,7.771,True
15,18-02-2011,584994.15,0,33.06,3.42,133.3701429,7.771,True
15,25-02-2011,492807.681,0,20.87,3.452,133.4921429,7.771,True
15,04-03-2011,516037.041,0,28.16,3.605,133.6141429,7.771,True
15,11-03-2011,483331.75200000004,0,34.27,3.752,133.7361429,7.771,True
15,18-03-2011,496398.591,0,40.23,3.796,133.8492258,7.771,True
15,25-03-2011,474650.352,0,32.63,3.789,133.9587419,7.771,True
15,01-04-2011,488300.44500000007,0,30.34,3.811,134.0682581,7.658,True
15,08-04-2011,528633.729,0,40.94,3.895,134.1777742,7.658,True
15,15-04-2011,546922.224,0,48.63,3.981,134.2784667,7.658,True
15,22-04-2011,589786.434,0,41.37,4.061,134.3571,7.658,True
15,29-04-2011,504687.96900000004,0,55.46,4.117,134.4357333,7.658,True
15,06-05-2011,567470.403,0,49.87,4.192,134.5143667,7.658,True
15,13-05-2011,567434.6190000001,0,57.07,4.211,134.593,7.658,True
15,20-05-2011,534547.7100000001,0,57.19,4.202,134.6803871,7.658,True
15,27-05-2011,572573.916,0,65.87,4.134,134.7677742,7.658,True
15,03-06-2011,625856.571,0,69.8,4.069,134.8551613,7.658,True
15,10-06-2011,578411.829,0,69.86,4.025,134.9425484,7.658,True
15,17-06-2011,575935.965,0,63.9,3.989,135.0837333,7.658,True
15,24-06-2011,590935.455,0,69.96,3.964,135.2652667,7.658,True
15,01-07-2011,607202.2440000001,0,67.43,3.916,135.4468,7.806,True
15,08-07-2011,571606.632,0,73.47,3.886,135.6283333,7.806,True
15,15-07-2011,561703.104,0,73.34,3.915,135.7837419,7.806,True
15,22-07-2011,546727.896,0,79.97,3.972,135.8738387,7.806,True
15,29-07-2011,519759.918,0,74.67,4.004,135.9639355,7.806,True
15,05-08-2011,547165.089,0,73.63,4.02,136.0540323,7.806,True
15,12-08-2011,531752.733,0,70.63,3.995,136.144129,7.806,True
15,19-08-2011,539540.082,0,70.41,3.942,136.183129,7.806,True
15,26-08-2011,544871.853,0,69.19,3.906,136.2136129,7.806,True
15,02-09-2011,584243.712,0,67.63,3.879,136.2440968,7.806,True
15,09-09-2011,546834.159,1,67.59,3.93,136.2745806,7.806,True
15,16-09-2011,490547.10599999997,0,62.1,3.937,136.3145,7.806,True
15,23-09-2011,491013.774,0,59.0,3.899,136.367,7.806,True
15,30-09-2011,469167.579,0,64.87,3.858,136.4195,7.806,True
15,07-10-2011,521161.992,0,51.24,3.775,136.472,7.866,True
15,14-10-2011,483570.84599999996,0,61.3,3.744,136.5150968,7.866,True
15,21-10-2011,542987.001,0,51.67,3.757,136.5017742,7.866,True
15,28-10-2011,530858.421,0,45.54,3.757,136.4884516,7.866,True
15,04-11-2011,553609.6020000001,0,43.39,3.738,136.475129,7.866,True
15,11-11-2011,557054.838,0,47.13,3.719,136.4618065,7.866,True
15,18-11-2011,538070.859,0,46.53,3.717,136.4666667,7.866,True
15,25-11-2011,959830.2900000002,1,41.1,3.689,136.4788,7.866,True
15,02-12-2011,629125.794,0,45.67,3.666,136.4909333,7.866,True
15,09-12-2011,688108.9950000001,0,38.53,3.627,136.5030667,7.866,True
15,16-12-2011,783373.941,0,35.49,3.611,136.5335161,7.866,True
15,23-12-2011,1064422.6830000002,0,34.93,3.587,136.5883871,7.866,True
15,30-12-2011,543114.711,1,31.44,3.566,136.6432581,7.866,True
15,06-01-2012,464478.885,0,30.24,3.585,136.698129,7.943,True
15,13-01-2012,408765.078,0,36.26,3.666,136.753,7.943,True
15,20-01-2012,443449.665,0,21.39,3.705,136.8564194,7.943,True
15,27-01-2012,419441.06700000004,0,30.87,3.737,136.9598387,7.943,True
15,03-02-2012,471448.476,0,35.3,3.796,137.0632581,7.943,True
15,10-02-2012,565396.398,1,31.91,3.826,137.1666774,7.943,True
15,17-02-2012,538652.547,0,30.26,3.874,137.2583103,7.943,True
15,24-02-2012,505023.35400000005,0,33.18,3.917,137.3411034,7.943,True
15,02-03-2012,487163.37600000005,0,33.24,3.983,137.4238966,7.943,True
15,09-03-2012,490608.60300000006,0,36.97,4.021,137.5066897,7.943,True
15,16-03-2012,513550.107,0,47.42,4.021,137.5843871,7.943,True
15,23-03-2012,508933.69200000004,0,58.92,4.054,137.6552903,7.943,True
15,30-03-2012,501792.525,0,42.65,4.098,137.7261935,7.943,True
15,06-04-2012,593955.324,0,40.01,4.143,137.7970968,8.15,True
15,13-04-2012,502726.617,0,43.52,4.187,137.868,8.15,True
15,20-04-2012,481302.513,0,54.47,4.17,137.9230667,8.15,True
15,27-04-2012,474662.358,0,41.57,4.163,137.9781333,8.15,True
15,04-05-2012,520081.542,0,51.04,4.124,138.0332,8.15,True
15,11-05-2012,521585.95499999996,0,54.23,4.055,138.0882667,8.15,True
15,18-05-2012,540045.882,0,58.84,4.029,138.1065806,8.15,True
15,25-05-2012,624402.378,0,67.97,3.979,138.1101935,8.15,True
15,01-06-2012,597574.1340000001,0,67.61,3.915,138.1138065,8.15,True
15,08-06-2012,550251.603,0,59.35,3.871,138.1174194,8.15,True
15,15-06-2012,573063.885,0,67.7,3.786,138.1295333,8.15,True
15,22-06-2012,618377.04,0,74.28,3.722,138.1629,8.15,True
15,29-06-2012,561689.532,0,68.91,3.667,138.1962667,8.15,True
15,06-07-2012,610222.275,0,74.64,3.646,138.2296333,8.193,True
15,13-07-2012,532201.9500000001,0,72.62,3.689,138.263,8.193,True
15,20-07-2012,533132.298,0,75.31,3.732,138.2331935,8.193,True
15,27-07-2012,514071.747,0,73.9,3.82,138.2033871,8.193,True
15,03-08-2012,531665.658,0,73.13,3.819,138.1735806,8.193,True
15,10-08-2012,531408.267,0,73.99,3.863,138.1437742,8.193,True
15,17-08-2012,521764.37999999995,0,70.29,3.963,138.1857097,8.193,True
15,24-08-2012,545589.6930000001,0,66.98,3.997,138.2814516,8.193,True
15,31-08-2012,549166.788,0,71.42,4.026,138.3771935,8.193,True
15,07-09-2012,528533.838,1,71.61,4.076,138.4729355,8.193,True
15,14-09-2012,474758.78400000004,0,65.44,4.088,138.5673,8.193,True
15,21-09-2012,479845.476,0,60.34,4.203,138.6534,8.193,True
15,28-09-2012,498511.773,0,57.13,4.158,138.7395,8.193,True
15,05-10-2012,516148.776,0,59.57,4.151,138.8256,7.992,True
15,12-10-2012,496619.667,0,49.12,4.186,138.9117,7.992,True
15,19-10-2012,500087.493,0,52.89,4.153,138.8336129,7.992,True
15,26-10-2012,502626.24,0,55.75,4.071,138.7281613,7.992,True
16,05-02-2010,429668.37,0,19.79,2.58,189.3816974,7.039,True
16,12-02-2010,424839.852,1,20.87,2.572,189.4642725,7.039,True
16,19-02-2010,422881.83,0,21.13,2.55,189.5340998,7.039,True
16,26-02-2010,398917.953,0,18.12,2.586,189.6018023,7.039,True
16,05-03-2010,399763.665,0,27.92,2.62,189.6695049,7.039,True
16,12-03-2010,400854.366,0,28.64,2.684,189.7372075,7.039,True
16,19-03-2010,453876.615,0,33.45,2.692,189.734262,7.039,True
16,26-03-2010,434859.48000000004,0,29.88,2.717,189.7195417,7.039,True
16,02-04-2010,441453.321,0,36.19,2.725,189.7048215,6.842,True
16,09-04-2010,381675.591,0,34.21,2.75,189.6901012,6.842,True
16,16-04-2010,392681.169,0,45.69,2.765,189.6628845,6.842,True
16,23-04-2010,333207.846,0,44.9,2.776,189.6190057,6.842,True
16,30-04-2010,345195.837,0,37.75,2.766,189.575127,6.842,True
16,07-05-2010,362895.49799999996,0,37.43,2.771,189.5312483,6.842,True
16,14-05-2010,361593.81000000006,0,41.26,2.788,189.4904116,6.842,True
16,21-05-2010,391770.45900000003,0,47.34,2.776,189.467827,6.842,True
16,28-05-2010,431487.0,0,52.08,2.737,189.4452425,6.842,True
16,04-06-2010,464666.229,0,53.76,2.7,189.422658,6.842,True
16,11-06-2010,482028.5790000001,0,62.63,2.684,189.4000734,6.842,True
16,18-06-2010,486134.865,0,52.4,2.674,189.4185259,6.842,True
16,25-06-2010,491899.464,0,62.37,2.715,189.4533931,6.842,True
16,02-07-2010,549577.278,0,64.44,2.728,189.4882603,6.868,True
16,09-07-2010,552827.997,0,61.79,2.711,189.5231276,6.868,True
16,16-07-2010,527925.321,0,67.68,2.699,189.6125456,6.868,True
16,23-07-2010,529509.7620000001,0,70.67,2.691,189.774698,6.868,True
16,30-07-2010,506370.3030000001,0,70.71,2.69,189.9368504,6.868,True
16,06-08-2010,528242.8049999999,0,67.42,2.69,190.0990028,6.868,True
16,13-08-2010,489382.173,0,63.91,2.723,190.2611552,6.868,True
16,20-08-2010,469365.264,0,63.59,2.732,190.2948237,6.868,True
16,27-08-2010,522909.46800000005,0,65.66,2.731,190.3284922,6.868,True
16,03-09-2010,487879.101,0,58.02,2.773,190.3621607,6.868,True
16,10-09-2010,483766.713,1,57.24,2.78,190.3958293,6.868,True
16,17-09-2010,469844.568,0,56.55,2.8,190.4688287,6.868,True
16,24-09-2010,460197.288,0,58.19,2.793,190.5713264,6.868,True
16,01-10-2010,417579.78599999996,0,59.39,2.759,190.6738241,6.986,True
16,08-10-2010,398604.78,0,54.29,2.745,190.7763218,6.986,True
16,15-10-2010,406952.352,0,45.0,2.762,190.8623087,6.986,True
16,22-10-2010,487095.22800000006,0,45.85,2.762,190.9070184,6.986,True
16,29-10-2010,445520.259,0,35.76,2.748,190.951728,6.986,True
16,05-11-2010,402214.51800000004,0,39.94,2.729,190.9964377,6.986,True
16,12-11-2010,408269.484,0,34.04,2.737,191.0411474,6.986,True
16,19-11-2010,412771.212,0,27.26,2.758,191.0312172,6.986,True
16,26-11-2010,586653.993,1,23.46,2.742,191.0121805,6.986,True
16,03-12-2010,461034.531,0,23.68,2.712,190.9931437,6.986,True
16,10-12-2010,513093.276,0,32.02,2.728,190.9741069,6.986,True
16,17-12-2010,583786.809,0,26.01,2.778,191.0303376,6.986,True
16,24-12-2010,904257.6209999999,0,32.46,2.781,191.1430189,6.986,True
16,31-12-2010,517785.642,1,19.66,2.829,191.2557002,6.986,True
16,07-01-2011,516191.364,0,12.39,2.882,191.3683815,6.614,True
16,14-01-2011,423329.031,0,17.46,2.911,191.4784939,6.614,True
16,21-01-2011,416599.31700000004,0,28.6,2.973,191.5731924,6.614,True
16,28-01-2011,403552.791,0,20.8,3.008,191.667891,6.614,True
16,04-02-2011,431336.835,0,13.64,3.011,191.7625895,6.614,True
16,11-02-2011,420126.201,1,15.02,3.037,191.8572881,6.614,True
16,18-02-2011,442061.811,0,27.18,3.051,191.9178331,6.614,True
16,25-02-2011,427681.476,0,26.15,3.101,191.9647167,6.614,True
16,04-03-2011,436346.163,0,31.77,3.232,192.0116004,6.614,True
16,11-03-2011,411753.915,0,29.36,3.372,192.058484,6.614,True
16,18-03-2011,447636.141,0,36.5,3.406,192.1237981,6.614,True
16,25-03-2011,418751.712,0,32.61,3.414,192.1964844,6.614,True
16,01-04-2011,413780.499,0,35.75,3.461,192.2691707,6.339,True
16,08-04-2011,395348.85000000003,0,38.04,3.532,192.3418571,6.339,True
16,15-04-2011,385069.716,0,34.59,3.611,192.4225954,6.339,True
16,22-04-2011,331740.0,0,40.74,3.636,192.5234638,6.339,True
16,29-04-2011,340290.279,0,37.77,3.663,192.6243322,6.339,True
16,06-05-2011,381424.698,0,38.64,3.735,192.7252006,6.339,True
16,13-05-2011,369366.255,0,43.29,3.767,192.826069,6.339,True
16,20-05-2011,391857.471,0,43.95,3.828,192.831317,6.339,True
16,27-05-2011,400246.812,0,45.17,3.795,192.8365651,6.339,True
16,03-06-2011,477972.27900000004,0,54.08,3.763,192.8418131,6.339,True
16,10-06-2011,540856.854,0,55.78,3.735,192.8470612,6.339,True
16,17-06-2011,523391.607,0,58.34,3.697,192.9034759,6.339,True
16,24-06-2011,512194.52700000006,0,54.36,3.661,192.9982655,6.339,True
16,01-07-2011,547863.8040000001,0,63.59,3.597,193.0930552,6.338,True
16,08-07-2011,571171.194,0,65.0,3.54,193.1878448,6.338,True
16,15-07-2011,528157.593,0,65.16,3.532,193.3125484,6.338,True
16,22-07-2011,523582.398,0,65.36,3.545,193.5120367,6.338,True
16,29-07-2011,524143.75499999995,0,66.84,3.547,193.711525,6.338,True
16,05-08-2011,533683.1969999999,0,63.96,3.554,193.9110133,6.338,True
16,12-08-2011,507496.023,0,67.09,3.542,194.1105017,6.338,True
16,19-08-2011,499167.378,0,68.83,3.499,194.2500634,6.338,True
16,26-08-2011,501580.809,0,67.51,3.485,194.3796374,6.338,True
16,02-09-2011,522724.79699999996,0,63.44,3.511,194.5092113,6.338,True
16,09-09-2011,517160.30400000006,1,56.99,3.566,194.6387853,6.338,True
16,16-09-2011,485172.98099999997,0,53.68,3.596,194.7419707,6.338,True
16,23-09-2011,454371.273,0,50.39,3.581,194.8099713,6.338,True
16,30-09-2011,405067.779,0,57.61,3.538,194.8779718,6.338,True
16,07-10-2011,434634.237,0,48.91,3.498,194.9459724,6.232,True
16,14-10-2011,448416.954,0,39.97,3.491,195.0261012,6.232,True
16,21-10-2011,504093.74400000006,0,46.99,3.548,195.1789994,6.232,True
16,28-10-2011,455326.389,0,41.97,3.55,195.3318977,6.232,True
16,04-11-2011,459953.955,0,33.43,3.527,195.4847959,6.232,True
16,11-11-2011,461863.179,0,29.56,3.505,195.6376941,6.232,True
16,18-11-2011,432318.276,0,31.73,3.479,195.7184713,6.232,True
16,25-11-2011,641180.16,1,31.39,3.424,195.7704,6.232,True
16,02-12-2011,477443.556,0,27.83,3.378,195.8223287,6.232,True
16,09-12-2011,517318.974,0,14.44,3.331,195.8742575,6.232,True
16,16-12-2011,611533.7100000001,0,22.5,3.266,195.9841685,6.232,True
16,23-12-2011,855622.764,0,20.79,3.173,196.1713893,6.232,True
16,30-12-2011,599274.954,1,23.91,3.119,196.3586101,6.232,True
16,06-01-2012,508084.263,0,26.49,3.095,196.5458309,6.162,True
16,13-01-2012,457668.081,0,19.55,3.077,196.7330517,6.162,True
16,20-01-2012,426950.775,0,29.3,3.055,196.7796652,6.162,True
16,27-01-2012,408581.271,0,28.17,3.038,196.8262786,6.162,True
16,03-02-2012,428314.58999999997,0,25.53,3.031,196.8728921,6.162,True
16,10-02-2012,426390.273,1,23.69,3.103,196.9195056,6.162,True
16,17-02-2012,444662.541,0,31.19,3.113,196.9432711,6.162,True
16,24-02-2012,446148.27,0,26.21,3.129,196.9499007,6.162,True
16,02-03-2012,417770.18100000004,0,23.4,3.191,196.9565303,6.162,True
16,09-03-2012,446356.494,0,28.16,3.286,196.9631599,6.162,True
16,16-03-2012,468765.639,0,38.02,3.486,197.0457208,6.162,True
16,23-03-2012,444153.50100000005,0,38.7,3.664,197.2295234,6.162,True
16,30-03-2012,436585.869,0,48.29,3.75,197.4133259,6.162,True
16,06-04-2012,452395.863,0,48.93,3.854,197.5971285,6.169,True
16,13-04-2012,405681.03900000005,0,45.83,3.901,197.780931,6.169,True
16,20-04-2012,392599.134,0,43.61,3.936,197.7227385,6.169,True
16,27-04-2012,358600.635,0,59.69,3.927,197.664546,6.169,True
16,04-05-2012,384263.658,0,51.34,3.903,197.6063534,6.169,True
16,11-05-2012,431869.5,0,53.57,3.87,197.5481609,6.169,True
16,18-05-2012,444155.823,0,56.74,3.837,197.5553137,6.169,True
16,25-05-2012,466240.581,0,57.36,3.804,197.5886046,6.169,True
16,01-06-2012,479080.7370000001,0,58.97,3.764,197.6218954,6.169,True
16,08-06-2012,543257.001,0,65.43,3.741,197.6551863,6.169,True
16,15-06-2012,513041.21100000007,0,65.36,3.723,197.692292,6.169,True
16,22-06-2012,523571.148,0,70.41,3.735,197.7389345,6.169,True
16,29-06-2012,513146.052,0,77.31,3.693,197.785577,6.169,True
16,06-07-2012,577587.177,0,70.49,3.646,197.8322195,6.061,True
16,13-07-2012,512104.55400000006,0,70.29,3.613,197.8788621,6.061,True
16,20-07-2012,508767.786,0,68.43,3.585,197.9290378,6.061,True
16,27-07-2012,485404.083,0,69.0,3.57,197.9792136,6.061,True
16,03-08-2012,525600.639,0,68.59,3.528,198.0293893,6.061,True
16,10-08-2012,498633.15599999996,0,70.24,3.509,198.0795651,6.061,True
16,17-08-2012,469706.94,0,62.07,3.545,198.1001057,6.061,True
16,24-08-2012,496036.93500000006,0,61.44,3.558,198.0984199,6.061,True
16,31-08-2012,496653.5790000001,0,64.19,3.556,198.0967341,6.061,True
16,07-09-2012,483424.72199999995,1,60.09,3.596,198.0950484,6.061,True
16,14-09-2012,473872.64400000003,0,56.69,3.659,198.1267184,6.061,True
16,21-09-2012,458948.304,0,56.48,3.765,198.358523,6.061,True
16,28-09-2012,422646.957,0,51.4,3.789,198.5903276,6.061,True
16,05-10-2012,424153.512,0,50.46,3.779,198.8221322,5.847,True
16,12-10-2012,442635.471,0,43.26,3.76,199.0539368,5.847,True
16,19-10-2012,519479.073,0,40.59,3.75,199.1481963,5.847,True
16,26-10-2012,428193.12600000005,0,40.99,3.686,199.2195317,5.847,True
17,05-02-2010,710132.4180000001,0,23.11,2.666,126.4420645,6.548,True
17,12-02-2010,757756.719,1,18.36,2.671,126.4962581,6.548,True
17,19-02-2010,720642.6,0,25.06,2.654,126.5262857,6.548,True
17,26-02-2010,674594.5950000001,0,15.64,2.667,126.5522857,6.548,True
17,05-03-2010,704970.045,0,31.58,2.681,126.5782857,6.548,True
17,12-03-2010,687565.6379999999,0,29.71,2.733,126.6042857,6.548,True
17,19-03-2010,676831.0680000001,0,33.96,2.782,126.6066452,6.548,True
17,26-03-2010,713787.876,0,35.59,2.819,126.6050645,6.548,True
17,02-04-2010,763669.0530000001,0,36.94,2.842,126.6034839,6.635,True
17,09-04-2010,693205.218,0,34.05,2.877,126.6019032,6.635,True
17,16-04-2010,681964.8840000001,0,45.22,2.915,126.5621,6.635,True
17,23-04-2010,880011.747,0,52.25,2.936,126.4713333,6.635,True
17,30-04-2010,727018.857,0,43.82,2.941,126.3805667,6.635,True
17,07-05-2010,759463.785,0,40.26,2.948,126.2898,6.635,True
17,14-05-2010,732380.481,0,47.28,2.962,126.2085484,6.635,True
17,21-05-2010,743963.85,0,53.94,2.95,126.1843871,6.635,True
17,28-05-2010,785535.858,0,48.19,2.908,126.1602258,6.635,True
17,04-06-2010,789212.583,0,53.79,2.871,126.1360645,6.635,True
17,11-06-2010,760726.989,0,57.14,2.841,126.1119032,6.635,True
17,18-06-2010,790196.643,0,54.94,2.819,126.114,6.635,True
17,25-06-2010,804595.896,0,62.64,2.82,126.1266,6.635,True
17,02-07-2010,862987.833,0,68.98,2.814,126.1392,6.697,True
17,09-07-2010,753224.3280000001,0,62.41,2.802,126.1518,6.697,True
17,16-07-2010,788932.2690000001,0,65.66,2.791,126.1498065,6.697,True
17,23-07-2010,804154.383,0,69.66,2.797,126.1283548,6.697,True
17,30-07-2010,750165.471,0,69.96,2.797,126.1069032,6.697,True
17,06-08-2010,715771.0530000001,0,70.53,2.802,126.0854516,6.697,True
17,13-08-2010,683995.662,0,65.17,2.837,126.064,6.697,True
17,20-08-2010,705536.73,0,67.04,2.85,126.0766452,6.697,True
17,27-08-2010,722325.501,0,65.03,2.854,126.0892903,6.697,True
17,03-09-2010,750936.357,0,57.86,2.868,126.1019355,6.697,True
17,10-09-2010,1080799.452,1,56.28,2.87,126.1145806,6.697,True
17,17-09-2010,784137.8250000001,0,58.53,2.875,126.1454667,6.697,True
17,24-09-2010,767588.6610000001,0,58.39,2.872,126.1900333,6.697,True
17,01-10-2010,746286.5430000001,0,60.07,2.853,126.2346,6.885,True
17,08-10-2010,744964.2540000001,0,58.06,2.841,126.2791667,6.885,True
17,15-10-2010,754467.588,0,47.35,2.845,126.3266774,6.885,True
17,22-10-2010,733584.3840000001,0,47.95,2.849,126.3815484,6.885,True
17,29-10-2010,775747.125,0,39.87,2.841,126.4364194,6.885,True
17,05-11-2010,736591.041,0,42.54,2.831,126.4912903,6.885,True
17,12-11-2010,769913.964,0,36.32,2.831,126.5461613,6.885,True
17,19-11-2010,704027.313,0,36.31,2.842,126.6072,6.885,True
17,26-11-2010,904903.8840000001,1,19.03,2.83,126.6692667,6.885,True
17,03-12-2010,833916.4290000001,0,22.47,2.812,126.7313333,6.885,True
17,10-12-2010,866227.9950000001,0,31.64,2.817,126.7934,6.885,True
17,17-12-2010,944435.1419999999,0,25.13,2.842,126.8794839,6.885,True
17,24-12-2010,1178304.111,0,26.58,2.846,126.9835806,6.885,True
17,31-12-2010,572276.295,1,20.79,2.868,127.0876774,6.885,True
17,07-01-2011,974764.026,0,6.23,2.891,127.1917742,6.866,True
17,14-01-2011,682659.324,0,16.57,2.903,127.3009355,6.866,True
17,21-01-2011,680223.933,0,26.62,2.934,127.4404839,6.866,True
17,28-01-2011,662702.1209999999,0,22.16,2.96,127.5800323,6.866,True
17,04-02-2011,734942.7450000001,0,11.29,2.974,127.7195806,6.866,True
17,11-02-2011,731890.314,1,14.19,3.034,127.859129,6.866,True
17,18-02-2011,774866.6190000001,0,26.86,3.062,127.99525,6.866,True
17,25-02-2011,690530.8770000001,0,24.36,3.12,128.13,6.866,True
17,04-03-2011,734524.497,0,24.21,3.23,128.26475,6.866,True
17,11-03-2011,701642.124,0,32.42,3.346,128.3995,6.866,True
17,18-03-2011,700593.1290000001,0,34.48,3.407,128.5121935,6.866,True
17,25-03-2011,703140.984,0,36.71,3.435,128.6160645,6.866,True
17,01-04-2011,716273.307,0,39.38,3.487,128.7199355,6.774,True
17,08-04-2011,730670.148,0,39.16,3.547,128.8238065,6.774,True
17,15-04-2011,742755.087,0,39.98,3.616,128.9107333,6.774,True
17,22-04-2011,954693.0990000002,0,42.24,3.655,128.9553,6.774,True
17,29-04-2011,726281.235,0,40.14,3.683,128.9998667,6.774,True
17,06-05-2011,793919.052,0,45.66,3.744,129.0444333,6.774,True
17,13-05-2011,783562.941,0,49.26,3.77,129.089,6.774,True
17,20-05-2011,759999.015,0,51.93,3.802,129.0756774,6.774,True
17,27-05-2011,802850.976,0,51.04,3.778,129.0623548,6.774,True
17,03-06-2011,805518.432,0,49.61,3.752,129.0490323,6.774,True
17,10-06-2011,793071.414,0,54.57,3.732,129.0357097,6.774,True
17,17-06-2011,805218.003,0,56.61,3.704,129.0432,6.774,True
17,24-06-2011,828647.982,0,60.99,3.668,129.0663,6.774,True
17,01-07-2011,846498.906,0,67.39,3.613,129.0894,6.745,True
17,08-07-2011,823557.798,0,70.6,3.563,129.1125,6.745,True
17,15-07-2011,812454.984,0,67.93,3.553,129.1338387,6.745,True
17,22-07-2011,809139.906,0,69.82,3.563,129.1507742,6.745,True
17,29-07-2011,775705.2930000001,0,68.59,3.574,129.1677097,6.745,True
17,05-08-2011,779566.4280000001,0,65.71,3.595,129.1846452,6.745,True
17,12-08-2011,720737.8110000001,0,64.79,3.606,129.2015806,6.745,True
17,19-08-2011,717770.736,0,67.59,3.578,129.2405806,6.745,True
17,26-08-2011,753651.711,0,72.04,3.57,129.2832581,6.745,True
17,02-09-2011,762642.063,0,69.31,3.58,129.3259355,6.745,True
17,09-09-2011,1045710.162,1,61.94,3.619,129.3686129,6.745,True
17,16-09-2011,946005.255,0,61.48,3.641,129.4306,6.745,True
17,23-09-2011,805981.7790000001,0,56.96,3.648,129.5183333,6.745,True
17,30-09-2011,781371.9450000001,0,61.4,3.623,129.6060667,6.745,True
17,07-10-2011,826206.2100000001,0,54.4,3.592,129.6938,6.617,True
17,14-10-2011,795638.367,0,47.69,3.567,129.7706452,6.617,True
17,21-10-2011,789642.198,0,47.27,3.579,129.7821613,6.617,True
17,28-10-2011,842857.587,0,41.89,3.567,129.7936774,6.617,True
17,04-11-2011,834891.867,0,37.52,3.538,129.8051935,6.617,True
17,11-11-2011,823283.28,0,27.61,3.513,129.8167097,6.617,True
17,18-11-2011,789951.8790000001,0,32.93,3.489,129.8268333,6.617,True
17,25-11-2011,1103130.252,1,32.81,3.445,129.8364,6.617,True
17,02-12-2011,850740.912,0,26.47,3.389,129.8459667,6.617,True
17,09-12-2011,878870.6370000001,0,17.56,3.341,129.8555333,6.617,True
17,16-12-2011,960978.6540000001,0,21.07,3.282,129.8980645,6.617,True
17,23-12-2011,1160241.21,0,18.76,3.186,129.9845484,6.617,True
17,30-12-2011,699486.5700000001,1,26.73,3.119,130.0710323,6.617,True
17,06-01-2012,1078293.798,0,27.64,3.08,130.1575161,6.403,True
17,13-01-2012,786219.264,0,20.28,3.056,130.244,6.403,True
17,20-01-2012,728345.385,0,27.26,3.047,130.2792258,6.403,True
17,27-01-2012,692570.097,0,29.99,3.058,130.3144516,6.403,True
17,03-02-2012,778367.565,0,26.26,3.077,130.3496774,6.403,True
17,10-02-2012,792149.13,1,23.63,3.116,130.3849032,6.403,True
17,17-02-2012,834376.185,0,30.76,3.119,130.4546207,6.403,True
17,24-02-2012,759477.9870000001,0,30.01,3.145,130.5502069,6.403,True
17,02-03-2012,770560.623,0,26.28,3.242,130.6457931,6.403,True
17,09-03-2012,774202.482,0,32.02,3.38,130.7413793,6.403,True
17,16-03-2012,767822.814,0,43.69,3.529,130.8261935,6.403,True
17,23-03-2012,766586.052,0,40.69,3.671,130.8966452,6.403,True
17,30-03-2012,785222.1270000001,0,45.29,3.734,130.9670968,6.403,True
17,06-04-2012,888230.358,0,43.92,3.793,131.0375484,6.235,True
17,13-04-2012,789349.788,0,46.94,3.833,131.108,6.235,True
17,20-04-2012,1007981.982,0,47.69,3.845,131.1173333,6.235,True
17,27-04-2012,833324.985,0,59.11,3.842,131.1266667,6.235,True
17,04-05-2012,837109.0260000001,0,48.86,3.831,131.136,6.235,True
17,11-05-2012,849690.27,0,49.96,3.809,131.1453333,6.235,True
17,18-05-2012,871934.6969999999,0,59.67,3.808,131.0983226,6.235,True
17,25-05-2012,886393.431,0,55.69,3.801,131.0287742,6.235,True
17,01-06-2012,845022.8520000001,0,54.13,3.788,130.9592258,6.235,True
17,08-06-2012,889191.216,0,60.51,3.776,130.8896774,6.235,True
17,15-06-2012,867752.7030000001,0,56.67,3.756,130.8295333,6.235,True
17,22-06-2012,883089.5129999999,0,62.9,3.737,130.7929,6.235,True
17,29-06-2012,884090.0160000001,0,71.14,3.681,130.7562667,6.235,True
17,06-07-2012,942104.268,0,68.91,3.63,130.7196333,5.936,True
17,13-07-2012,864671.4360000001,0,72.94,3.595,130.683,5.936,True
17,20-07-2012,850228.83,0,70.59,3.556,130.7012903,5.936,True
17,27-07-2012,816743.916,0,74.2,3.537,130.7195806,5.936,True
17,03-08-2012,790031.997,0,72.94,3.512,130.737871,5.936,True
17,10-08-2012,764166.636,0,73.29,3.509,130.7561613,5.936,True
17,17-08-2012,760435.353,0,70.98,3.545,130.7909677,5.936,True
17,24-08-2012,831869.802,0,68.89,3.582,130.8381613,5.936,True
17,31-08-2012,779331.78,0,68.07,3.624,130.8853548,5.936,True
17,07-09-2012,1130069.9610000001,1,61.99,3.689,130.9325484,5.936,True
17,14-09-2012,963936.198,0,59.64,3.749,130.9776667,5.936,True
17,21-09-2012,844472.952,0,58.43,3.821,131.0103333,5.936,True
17,28-09-2012,875444.616,0,57.77,3.821,131.043,5.936,True
17,05-10-2012,857348.253,0,52.81,3.815,131.0756667,5.527,True
17,12-10-2012,827890.5059999999,0,44.82,3.797,131.1083333,5.527,True
17,19-10-2012,861621.156,0,48.16,3.781,131.1499677,5.527,True
17,26-10-2012,849118.761,0,39.94,3.755,131.1930968,5.527,True
18,05-02-2010,1084776.75,0,21.33,2.788,131.5279032,9.202,True
18,12-02-2010,1069092.63,1,26.41,2.771,131.5866129,9.202,True
18,19-02-2010,1035597.078,0,30.91,2.747,131.637,9.202,True
18,26-02-2010,961341.705,0,35.42,2.753,131.686,9.202,True
18,05-03-2010,1061764.6500000001,0,37.17,2.766,131.735,9.202,True
18,12-03-2010,1024920.2880000001,0,42.39,2.805,131.784,9.202,True
18,19-03-2010,978756.723,0,45.42,2.834,131.8242903,9.202,True
18,26-03-2010,983433.6810000001,0,47.55,2.831,131.863129,9.202,True
18,02-04-2010,1128697.056,0,45.63,2.826,131.9019677,9.269,True
18,09-04-2010,1057002.7950000002,0,59.91,2.849,131.9408065,9.269,True
18,16-04-2010,1022019.8580000001,0,50.26,2.885,131.9809,9.269,True
18,23-04-2010,1019190.1950000001,0,50.3,2.895,132.0226667,9.269,True
18,30-04-2010,954401.544,0,51.12,2.935,132.0644333,9.269,True
18,07-05-2010,1100029.923,0,65.64,2.981,132.1062,9.269,True
18,14-05-2010,983354.841,0,49.9,2.983,132.152129,9.269,True
18,21-05-2010,991459.2240000002,0,60.27,2.961,132.2230323,9.269,True
18,28-05-2010,1130654.5110000002,0,69.12,2.906,132.2939355,9.269,True
18,04-06-2010,1144180.584,0,70.28,2.857,132.3648387,9.269,True
18,11-06-2010,1056169.638,0,64.08,2.83,132.4357419,9.269,True
18,18-06-2010,1064903.328,0,65.96,2.805,132.4733333,9.269,True
18,25-06-2010,1098884.853,0,74.04,2.81,132.4976,9.269,True
18,02-07-2010,1132135.5150000001,0,71.22,2.815,132.5218667,9.342,True
18,09-07-2010,1054252.2689999999,0,79.75,2.806,132.5461333,9.342,True
18,16-07-2010,1003963.1490000001,0,76.9,2.796,132.5667742,9.342,True
18,23-07-2010,929617.407,0,75.71,2.784,132.5825806,9.342,True
18,30-07-2010,970701.8580000001,0,75.79,2.792,132.5983871,9.342,True
18,06-08-2010,1049506.0650000002,0,73.67,2.792,132.6141935,9.342,True
18,13-08-2010,976250.5020000001,0,74.19,2.81,132.63,9.342,True
18,20-08-2010,1027674.603,0,71.76,2.796,132.6616129,9.342,True
18,27-08-2010,1092872.484,0,67.05,2.77,132.6932258,9.342,True
18,03-09-2010,1068623.793,0,75.42,2.735,132.7248387,9.342,True
18,10-09-2010,910081.008,1,67.09,2.717,132.7564516,9.342,True
18,17-09-2010,898198.389,0,60.94,2.716,132.7670667,9.342,True
18,24-09-2010,855776.628,0,64.82,2.718,132.7619333,9.342,True
18,01-10-2010,854079.75,0,67.76,2.717,132.7568,9.331,True
18,08-10-2010,996689.439,0,54.73,2.776,132.7516667,9.331,True
18,15-10-2010,926656.29,0,52.02,2.878,132.7633548,9.331,True
18,22-10-2010,946908.387,0,47.12,2.919,132.8170968,9.331,True
18,29-10-2010,934718.886,0,55.85,2.938,132.8708387,9.331,True
18,05-11-2010,980577.846,0,42.05,2.938,132.9245806,9.331,True
18,12-11-2010,973189.9080000002,0,43.17,2.961,132.9783226,9.331,True
18,19-11-2010,941150.133,0,45.26,3.03,132.9172,9.331,True
18,26-11-2010,1488383.424,1,40.81,3.07,132.8369333,9.331,True
18,03-12-2010,1089923.517,0,37.09,3.065,132.7566667,9.331,True
18,10-12-2010,1274552.082,0,25.64,3.132,132.6764,9.331,True
18,17-12-2010,1429587.639,0,27.4,3.139,132.6804516,9.331,True
18,24-12-2010,1824756.435,0,28.16,3.15,132.7477419,9.331,True
18,31-12-2010,799116.309,1,26.1,3.177,132.8150323,9.331,True
18,07-01-2011,840564.27,0,30.1,3.193,132.8823226,9.131,True
18,14-01-2011,699457.7520000001,0,22.69,3.215,132.9510645,9.131,True
18,21-01-2011,802033.6950000001,0,22.55,3.232,133.0285161,9.131,True
18,28-01-2011,764586.765,0,14.84,3.243,133.1059677,9.131,True
18,04-02-2011,950257.116,0,20.79,3.24,133.1834194,9.131,True
18,11-02-2011,1009848.2220000001,1,24.3,3.255,133.260871,9.131,True
18,18-02-2011,985552.7130000001,0,31.59,3.263,133.3701429,9.131,True
18,25-02-2011,905384.979,0,26.15,3.281,133.4921429,9.131,True
18,04-03-2011,956979.5580000001,0,28.49,3.437,133.6141429,9.131,True
18,11-03-2011,902442.8250000001,0,38.4,3.6,133.7361429,9.131,True
18,18-03-2011,851300.6309999999,0,41.12,3.634,133.8492258,9.131,True
18,25-03-2011,850070.9700000001,0,36.65,3.624,133.9587419,9.131,True
18,01-04-2011,844274.853,0,35.06,3.638,134.0682581,8.975,True
18,08-04-2011,916687.17,0,43.32,3.72,134.1777742,8.975,True
18,15-04-2011,889341.948,0,49.91,3.823,134.2784667,8.975,True
18,22-04-2011,995274.0540000001,0,45.99,3.919,134.3571,8.975,True
18,29-04-2011,876702.951,0,58.82,3.988,134.4357333,8.975,True
18,06-05-2011,958884.6330000001,0,54.17,4.078,134.5143667,8.975,True
18,13-05-2011,893855.682,0,58.48,4.095,134.593,8.975,True
18,20-05-2011,895149.3870000001,0,57.55,4.101,134.6803871,8.975,True
18,27-05-2011,958692.7259999999,0,64.6,4.034,134.7677742,8.975,True
18,03-06-2011,1060235.1,0,70.9,3.973,134.8551613,8.975,True
18,10-06-2011,939671.28,0,69.49,3.924,134.9425484,8.975,True
18,17-06-2011,941273.451,0,63.23,3.873,135.0837333,8.975,True
18,24-06-2011,950830.7849999999,0,67.41,3.851,135.2652667,8.975,True
18,01-07-2011,978346.1340000001,0,69.75,3.815,135.4468,8.89,True
18,08-07-2011,943922.3580000001,0,73.12,3.784,135.6283333,8.89,True
18,15-07-2011,877424.517,0,74.36,3.827,135.7837419,8.89,True
18,22-07-2011,892136.214,0,78.68,3.882,135.8738387,8.89,True
18,29-07-2011,858733.7760000001,0,73.85,3.898,135.9639355,8.89,True
18,05-08-2011,902525.751,0,74.58,3.903,136.0540323,8.89,True
18,12-08-2011,835623.747,0,73.57,3.88,136.144129,8.89,True
18,19-08-2011,839411.8110000001,0,69.24,3.82,136.183129,8.89,True
18,26-08-2011,1033115.814,0,70.32,3.796,136.2136129,8.89,True
18,02-09-2011,486830.64599999995,0,68.23,3.784,136.2440968,8.89,True
18,09-09-2011,856394.649,1,68.11,3.809,136.2745806,8.89,True
18,16-09-2011,761143.833,0,66.23,3.809,136.3145,8.89,True
18,23-09-2011,767765.853,0,60.44,3.758,136.367,8.89,True
18,30-09-2011,762613.272,0,69.01,3.684,136.4195,8.89,True
18,07-10-2011,917766.99,0,54.65,3.633,136.472,8.471,True
18,14-10-2011,858180.5549999999,0,60.26,3.583,136.5150968,8.471,True
18,21-10-2011,943391.358,0,55.83,3.618,136.5017742,8.471,True
18,28-10-2011,995978.367,0,45.61,3.604,136.4884516,8.471,True
18,04-11-2011,990562.5540000001,0,38.29,3.586,136.475129,8.471,True
18,11-11-2011,971938.467,0,45.69,3.57,136.4618065,8.471,True
18,18-11-2011,951292.9619999999,0,47.88,3.571,136.4666667,8.471,True
18,25-11-2011,1461753.891,1,41.97,3.536,136.4788,8.471,True
18,02-12-2011,1069242.8490000002,0,46.25,3.501,136.4909333,8.471,True
18,09-12-2011,1231624.107,0,42.36,3.47,136.5030667,8.471,True
18,16-12-2011,1365231.807,0,35.52,3.445,136.5335161,8.471,True
18,23-12-2011,1694154.06,0,35.78,3.413,136.5883871,8.471,True
18,30-12-2011,909506.241,1,32.36,3.402,136.6432581,8.471,True
18,06-01-2012,879557.463,0,31.27,3.439,136.698129,8.075,True
18,13-01-2012,801117.225,0,35.25,3.523,136.753,8.075,True
18,20-01-2012,843770.493,0,24.2,3.542,136.8564194,8.075,True
18,27-01-2012,743025.798,0,30.44,3.568,136.9598387,8.075,True
18,03-02-2012,944794.836,0,37.62,3.633,137.0632581,8.075,True
18,10-02-2012,1045453.959,1,32.83,3.655,137.1666774,8.075,True
18,17-02-2012,1004387.229,0,32.87,3.703,137.2583103,8.075,True
18,24-02-2012,934074.999,0,36.34,3.751,137.3411034,8.075,True
18,02-03-2012,942461.0190000001,0,33.59,3.827,137.4238966,8.075,True
18,09-03-2012,976405.023,0,38.1,3.876,137.5066897,8.075,True
18,16-03-2012,919816.587,0,45.84,3.867,137.5843871,8.075,True
18,23-03-2012,928025.3700000001,0,58.06,3.889,137.6552903,8.075,True
18,30-03-2012,908209.08,0,45.35,3.921,137.7261935,8.075,True
18,06-04-2012,1080733.77,0,43.8,3.957,137.7970968,8.304,True
18,13-04-2012,898599.15,0,47.75,4.025,137.868,8.304,True
18,20-04-2012,923232.42,0,60.88,4.046,137.9230667,8.304,True
18,27-04-2012,865067.607,0,50.43,4.023,137.9781333,8.304,True
18,04-05-2012,945025.1009999999,0,49.66,3.991,138.0332,8.304,True
18,11-05-2012,954389.7900000002,0,57.44,3.947,138.0882667,8.304,True
18,18-05-2012,942700.1309999999,0,62.31,3.899,138.1065806,8.304,True
18,25-05-2012,979601.9220000001,0,65.48,3.85,138.1101935,8.304,True
18,01-06-2012,1006482.33,0,71.42,3.798,138.1138065,8.304,True
18,08-06-2012,999431.946,0,59.1,3.746,138.1174194,8.304,True
18,15-06-2012,951683.2470000001,0,66.58,3.683,138.1295333,8.304,True
18,22-06-2012,972322.1009999999,0,70.92,3.629,138.1629,8.304,True
18,29-06-2012,987305.67,0,70.17,3.577,138.1962667,8.304,True
18,06-07-2012,1042422.579,0,76.08,3.538,138.2296333,8.535,True
18,13-07-2012,922306.4280000001,0,75.09,3.561,138.263,8.535,True
18,20-07-2012,930189.204,0,77.43,3.61,138.2331935,8.535,True
18,27-07-2012,832055.6340000001,0,72.97,3.701,138.2033871,8.535,True
18,03-08-2012,946859.9220000001,0,72.67,3.698,138.1735806,8.535,True
18,10-08-2012,870573.663,0,75.7,3.772,138.1437742,8.535,True
18,17-08-2012,943320.816,0,73.25,3.84,138.1857097,8.535,True
18,24-08-2012,1031256.8189999999,0,68.52,3.874,138.2814516,8.535,True
18,31-08-2012,1005387.507,0,70.09,3.884,138.3771935,8.535,True
18,07-09-2012,975169.116,1,71.85,3.921,138.4729355,8.535,True
18,14-09-2012,864428.49,0,64.45,3.988,138.5673,8.535,True
18,21-09-2012,874247.985,0,60.23,4.056,138.6534,8.535,True
18,28-09-2012,902570.58,0,58.24,4.018,138.7395,8.535,True
18,05-10-2012,982984.3110000001,0,59.68,4.027,138.8256,8.243,True
18,12-10-2012,966671.1,0,50.97,4.029,138.9117,8.243,True
18,19-10-2012,943836.0750000001,0,51.96,4.0,138.8336129,8.243,True
18,26-10-2012,1014764.625,0,56.09,3.917,138.7281613,8.243,True
19,05-02-2010,1356873.453,0,20.96,2.954,131.5279032,8.35,True
19,12-02-2010,1382894.955,1,23.22,2.94,131.5866129,8.35,True
19,19-02-2010,1364378.499,0,28.57,2.909,131.637,8.35,True
19,26-02-2010,1235943.054,0,30.33,2.91,131.686,8.35,True
19,05-03-2010,1346260.1130000001,0,32.92,2.919,131.735,8.35,True
19,12-03-2010,1321100.28,0,39.06,2.938,131.784,8.35,True
19,19-03-2010,1199646.3150000002,0,43.74,2.96,131.8242903,8.35,True
19,26-03-2010,1284321.105,0,39.07,2.963,131.863129,8.35,True
19,02-04-2010,1478673.243,0,45.26,2.957,131.9019677,8.185,True
19,09-04-2010,1340651.9880000001,0,55.66,2.992,131.9408065,8.185,True
19,16-04-2010,1314319.203,0,49.67,3.01,131.9809,8.185,True
19,23-04-2010,1311113.9970000002,0,46.87,3.021,132.0226667,8.185,True
19,30-04-2010,1264559.013,0,49.89,3.042,132.0644333,8.185,True
19,07-05-2010,1409597.793,0,62.54,3.095,132.1062,8.185,True
19,14-05-2010,1293587.505,0,46.53,3.112,132.152129,8.185,True
19,21-05-2010,1239944.553,0,57.53,3.096,132.2230323,8.185,True
19,28-05-2010,1483994.3580000002,0,68.85,3.046,132.2939355,8.185,True
19,04-06-2010,1367112.141,0,68.88,3.006,132.3648387,8.185,True
19,11-06-2010,1269615.546,0,61.64,2.972,132.4357419,8.185,True
19,18-06-2010,1311582.951,0,66.25,2.942,132.4733333,8.185,True
19,25-06-2010,1305366.588,0,72.3,2.958,132.4976,8.185,True
19,02-07-2010,1394116.812,0,66.25,2.958,132.5218667,8.099,True
19,09-07-2010,1419787.116,0,78.22,2.94,132.5461333,8.099,True
19,16-07-2010,1270941.318,0,74.6,2.933,132.5667742,8.099,True
19,23-07-2010,1234839.339,0,74.68,2.924,132.5825806,8.099,True
19,30-07-2010,1229756.364,0,72.83,2.932,132.5983871,8.099,True
19,06-08-2010,1342854.801,0,74.2,2.942,132.6141935,8.099,True
19,13-08-2010,1276224.3720000002,0,72.71,2.923,132.63,8.099,True
19,20-08-2010,1277444.871,0,72.22,2.913,132.6616129,8.099,True
19,27-08-2010,1402099.344,0,66.4,2.885,132.6932258,8.099,True
19,03-09-2010,1461167.676,0,74.69,2.86,132.7248387,8.099,True
19,10-09-2010,1432308.051,1,63.36,2.837,132.7564516,8.099,True
19,17-09-2010,1248110.3790000002,0,58.68,2.846,132.7670667,8.099,True
19,24-09-2010,1186509.222,0,63.43,2.837,132.7619333,8.099,True
19,01-10-2010,1241510.6700000002,0,59.91,2.84,132.7568,8.067,True
19,08-10-2010,1286064.648,0,53.74,2.903,132.7516667,8.067,True
19,15-10-2010,1232385.8669999999,0,51.32,2.999,132.7633548,8.067,True
19,22-10-2010,1221439.239,0,48.45,3.049,132.8170968,8.067,True
19,29-10-2010,1264118.832,0,56.11,3.055,132.8708387,8.067,True
19,05-11-2010,1291841.325,0,41.78,3.049,132.9245806,8.067,True
19,12-11-2010,1341212.2740000002,0,40.3,3.065,132.9783226,8.067,True
19,19-11-2010,1239833.79,0,44.22,3.138,132.9172,8.067,True
19,26-11-2010,1794031.047,1,42.62,3.186,132.8369333,8.067,True
19,03-12-2010,1454389.164,0,36.64,3.2,132.7566667,8.067,True
19,10-12-2010,1619163.882,0,25.12,3.255,132.6764,8.067,True
19,17-12-2010,1720770.696,0,26.83,3.301,132.6804516,8.067,True
19,24-12-2010,2410385.778,0,26.05,3.309,132.7477419,8.067,True
19,31-12-2010,1147632.246,1,28.65,3.336,132.8150323,8.067,True
19,07-01-2011,1101758.391,0,31.34,3.351,132.8823226,7.771,True
19,14-01-2011,1063084.077,0,21.68,3.367,132.9510645,7.771,True
19,21-01-2011,1091671.056,0,22.8,3.391,133.0285161,7.771,True
19,28-01-2011,1155766.941,0,20.66,3.402,133.1059677,7.771,True
19,04-02-2011,1233505.8990000002,0,21.02,3.4,133.1834194,7.771,True
19,11-02-2011,1287765.999,1,21.79,3.416,133.260871,7.771,True
19,18-02-2011,1311543.1439999999,0,34.74,3.42,133.3701429,7.771,True
19,25-02-2011,1166992.623,0,23.24,3.452,133.4921429,7.771,True
19,04-03-2011,1290212.496,0,29.28,3.605,133.6141429,7.771,True
19,11-03-2011,1216305.3869999999,0,35.59,3.752,133.7361429,7.771,True
19,18-03-2011,1132175.1330000001,0,40.32,3.796,133.8492258,7.771,True
19,25-03-2011,1139908.446,0,33.26,3.789,133.9587419,7.771,True
19,01-04-2011,1175355.198,0,30.68,3.811,134.0682581,7.658,True
19,08-04-2011,1277920.719,0,41.26,3.895,134.1777742,7.658,True
19,15-04-2011,1252883.736,0,48.67,3.981,134.2784667,7.658,True
19,22-04-2011,1362859.938,0,41.66,4.061,134.3571,7.658,True
19,29-04-2011,1167513.93,0,54.23,4.117,134.4357333,7.658,True
19,06-05-2011,1306758.555,0,50.43,4.192,134.5143667,7.658,True
19,13-05-2011,1286228.7540000002,0,54.2,4.211,134.593,7.658,True
19,20-05-2011,1219710.87,0,52.8,4.202,134.6803871,7.658,True
19,27-05-2011,1249697.799,0,63.2,4.134,134.7677742,7.658,True
19,03-06-2011,1311611.175,0,66.01,4.069,134.8551613,7.658,True
19,10-06-2011,1320726.267,0,68.26,4.025,134.9425484,7.658,True
19,17-06-2011,1277076.2580000001,0,64.02,3.989,135.0837333,7.658,True
19,24-06-2011,1296707.13,0,68.4,3.964,135.2652667,7.658,True
19,01-07-2011,1316458.737,0,67.64,3.916,135.4468,7.806,True
19,08-07-2011,1318940.7750000001,0,73.2,3.886,135.6283333,7.806,True
19,15-07-2011,1252422.369,0,73.7,3.915,135.7837419,7.806,True
19,22-07-2011,1239407.505,0,79.37,3.972,135.8738387,7.806,True
19,29-07-2011,1168898.22,0,74.86,4.004,135.9639355,7.806,True
19,05-08-2011,1268071.695,0,73.84,4.02,136.0540323,7.806,True
19,12-08-2011,1224872.505,0,70.92,3.995,136.144129,7.806,True
19,19-08-2011,1252613.421,0,71.14,3.942,136.183129,7.806,True
19,26-08-2011,1392956.316,0,69.34,3.906,136.2136129,7.806,True
19,02-09-2011,1448955.918,0,69.27,3.879,136.2440968,7.806,True
19,09-09-2011,1410041.5110000002,1,68.28,3.93,136.2745806,7.806,True
19,16-09-2011,1229070.1770000001,0,62.76,3.937,136.3145,7.806,True
19,23-09-2011,1170338.1840000001,0,61.32,3.899,136.367,7.806,True
19,30-09-2011,1197681.498,0,64.99,3.858,136.4195,7.806,True
19,07-10-2011,1315546.9830000002,0,53.1,3.775,136.472,7.866,True
19,14-10-2011,1187014.977,0,61.86,3.744,136.5150968,7.866,True
19,21-10-2011,1237376.79,0,52.05,3.757,136.5017742,7.866,True
19,28-10-2011,1256951.124,0,46.49,3.757,136.4884516,7.866,True
19,04-11-2011,1332260.676,0,44.97,3.738,136.475129,7.866,True
19,11-11-2011,1351871.037,0,48.22,3.719,136.4618065,7.866,True
19,18-11-2011,1270652.013,0,48.21,3.717,136.4666667,7.866,True
19,25-11-2011,1777182.102,1,42.75,3.689,136.4788,7.866,True
19,02-12-2011,1336237.542,0,45.67,3.666,136.4909333,7.866,True
19,09-12-2011,1542392.154,0,40.18,3.627,136.5030667,7.866,True
19,16-12-2011,1666961.2349999999,0,37.07,3.611,136.5335161,7.866,True
19,23-12-2011,2232143.523,0,36.09,3.587,136.5883871,7.866,True
19,30-12-2011,1264651.2540000002,1,31.65,3.566,136.6432581,7.866,True
19,06-01-2012,1139913.3599999999,0,31.84,3.585,136.698129,7.943,True
19,13-01-2012,1063978.83,0,37.08,3.666,136.753,7.943,True
19,20-01-2012,1113394.257,0,23.44,3.705,136.8564194,7.943,True
19,27-01-2012,1151660.9340000001,0,32.41,3.737,136.9598387,7.943,True
19,03-02-2012,1210780.4849999999,0,36.22,3.796,137.0632581,7.943,True
19,10-02-2012,1349547.003,1,32.61,3.826,137.1666774,7.943,True
19,17-02-2012,1282248.243,0,30.95,3.874,137.2583103,7.943,True
19,24-02-2012,1217223.081,0,33.91,3.917,137.3411034,7.943,True
19,02-03-2012,1178079.345,0,34.83,3.983,137.4238966,7.943,True
19,09-03-2012,1222934.814,0,38.15,4.021,137.5066897,7.943,True
19,16-03-2012,1181564.1900000002,0,48.2,4.021,137.5843871,7.943,True
19,23-03-2012,1208029.095,0,56.72,4.054,137.6552903,7.943,True
19,30-03-2012,1194425.415,0,43.47,4.098,137.7261935,7.943,True
19,06-04-2012,1468563.912,0,40.23,4.143,137.7970968,8.15,True
19,13-04-2012,1228588.614,0,44.42,4.187,137.868,8.15,True
19,20-04-2012,1129578.534,0,55.2,4.17,137.9230667,8.15,True
19,27-04-2012,1157307.516,0,42.45,4.163,137.9781333,8.15,True
19,04-05-2012,1264506.696,0,50.76,4.124,138.0332,8.15,True
19,11-05-2012,1298585.898,0,55.33,4.055,138.0882667,8.15,True
19,18-05-2012,1230243.3900000001,0,58.81,4.029,138.1065806,8.15,True
19,25-05-2012,1336986.252,0,67.79,3.979,138.1101935,8.15,True
19,01-06-2012,1305659.9610000001,0,68.18,3.915,138.1138065,8.15,True
19,08-06-2012,1251109.8990000002,0,60.19,3.871,138.1174194,8.15,True
19,15-06-2012,1296236.835,0,68.19,3.786,138.1295333,8.15,True
19,22-06-2012,1321515.324,0,75.83,3.722,138.1629,8.15,True
19,29-06-2012,1241687.385,0,69.92,3.667,138.1962667,8.15,True
19,06-07-2012,1401408.396,0,76.07,3.646,138.2296333,8.193,True
19,13-07-2012,1189567.215,0,73.17,3.689,138.263,8.193,True
19,20-07-2012,1185905.628,0,76.17,3.732,138.2331935,8.193,True
19,27-07-2012,1124023.8869999999,0,74.43,3.82,138.2033871,8.193,True
19,03-08-2012,1207911.402,0,73.41,3.819,138.1735806,8.193,True
19,10-08-2012,1268017.101,0,74.45,3.863,138.1437742,8.193,True
19,17-08-2012,1237591.134,0,69.83,3.963,138.1857097,8.193,True
19,24-08-2012,1390188.033,0,66.66,3.997,138.2814516,8.193,True
19,31-08-2012,1388447.8830000001,0,71.85,4.026,138.3771935,8.193,True
19,07-09-2012,1347366.438,1,72.2,4.076,138.4729355,8.193,True
19,14-09-2012,1233588.069,0,65.08,4.088,138.5673,8.193,True
19,21-09-2012,1204715.061,0,60.62,4.203,138.6534,8.193,True
19,28-09-2012,1204469.118,0,56.81,4.158,138.7395,8.193,True
19,05-10-2012,1267214.4900000002,0,59.86,4.151,138.8256,7.992,True
19,12-10-2012,1217528.55,0,48.29,4.186,138.9117,7.992,True
19,19-10-2012,1188992.1150000002,0,53.44,4.153,138.8336129,7.992,True
19,26-10-2012,1189906.164,0,56.49,4.071,138.7281613,7.992,True
20,05-02-2010,2161255.9230000004,0,25.92,2.784,204.2471935,8.187,True
20,12-02-2010,1898197.1099999999,1,22.12,2.773,204.3857472,8.187,True
20,19-02-2010,1945394.7839999998,0,25.43,2.745,204.4321004,8.187,True
20,26-02-2010,1708374.555,0,32.32,2.754,204.4630869,8.187,True
20,05-03-2010,1907292.3480000002,0,31.75,2.777,204.4940734,8.187,True
20,12-03-2010,1809877.3560000001,0,43.82,2.818,204.5250598,8.187,True
20,19-03-2010,1756663.587,0,47.32,2.844,204.3782258,8.187,True
20,26-03-2010,1705268.655,0,50.49,2.854,204.201755,8.187,True
20,02-04-2010,2164855.6980000003,0,51.0,2.85,204.0252842,7.856,True
20,09-04-2010,1807016.634,0,65.1,2.869,203.8488134,7.856,True
20,16-04-2010,1787206.131,0,55.43,2.899,203.7307486,7.856,True
20,23-04-2010,1690976.178,0,50.65,2.902,203.6905586,7.856,True
20,30-04-2010,1727147.889,0,54.75,2.921,203.6503685,7.856,True
20,07-05-2010,1923482.142,0,66.74,2.966,203.6101784,7.856,True
20,14-05-2010,1829890.458,0,55.91,2.982,203.6133915,7.856,True
20,21-05-2010,1704363.21,0,60.38,2.958,203.8770235,7.856,True
20,28-05-2010,1859386.455,0,70.97,2.899,204.1406556,7.856,True
20,04-06-2010,1983257.415,0,72.52,2.847,204.4042877,7.856,True
20,11-06-2010,1890440.811,0,67.32,2.809,204.6679198,7.856,True
20,18-06-2010,1882713.267,0,72.62,2.78,204.670036,7.856,True
20,25-06-2010,1775822.283,0,75.17,2.808,204.5675459,7.856,True
20,02-07-2010,1929309.093,0,70.1,2.815,204.4650559,7.527,True
20,09-07-2010,1896557.2650000001,0,78.09,2.793,204.3625658,7.527,True
20,16-07-2010,1828666.944,0,75.14,2.783,204.3571656,7.527,True
20,23-07-2010,1710482.31,0,77.75,2.771,204.4812188,7.527,True
20,30-07-2010,1760306.931,0,76.03,2.781,204.605272,7.527,True
20,06-08-2010,1719159.642,0,74.57,2.784,204.7293252,7.527,True
20,13-08-2010,1863920.205,0,75.98,2.805,204.8533784,7.527,True
20,20-08-2010,1777837.104,0,75.34,2.779,204.8217044,7.527,True
20,27-08-2010,1751732.6130000001,0,70.51,2.755,204.7900305,7.527,True
20,03-09-2010,1909405.269,0,75.5,2.715,204.7583566,7.527,True
20,10-09-2010,1813459.311,1,65.02,2.699,204.7266827,7.527,True
20,17-09-2010,1753523.8020000001,0,65.28,2.706,204.7513279,7.527,True
20,24-09-2010,1610718.885,0,69.37,2.713,204.8182126,7.527,True
20,01-10-2010,1740347.289,0,61.08,2.707,204.8850973,7.484,True
20,08-10-2010,1854350.343,0,51.5,2.764,204.951982,7.484,True
20,15-10-2010,1755608.751,0,59.17,2.868,205.0137637,7.484,True
20,22-10-2010,1704559.743,0,50.52,2.917,205.0627881,7.484,True
20,29-10-2010,1702634.4000000001,0,57.56,2.921,205.1118126,7.484,True
20,05-11-2010,1965884.9760000003,0,42.78,2.917,205.160837,7.484,True
20,12-11-2010,1968988.7519999999,0,42.38,2.931,205.2098614,7.484,True
20,19-11-2010,1894553.019,0,45.88,3.0,205.0992811,7.484,True
20,26-11-2010,2530470.636,1,46.66,3.039,204.9621,7.484,True
20,03-12-2010,2174446.053,0,35.47,3.046,204.8249189,7.484,True
20,10-12-2010,2476909.872,0,24.27,3.109,204.6877378,7.484,True
20,17-12-2010,2537273.853,0,24.07,3.14,204.6321194,7.484,True
20,24-12-2010,3390018.6870000004,0,25.17,3.141,204.6376731,7.484,True
20,31-12-2010,1619764.0110000002,1,28.85,3.179,204.6432267,7.484,True
20,07-01-2011,1658727.855,0,31.43,3.193,204.6487803,7.343,True
20,14-01-2011,1695910.509,0,20.39,3.205,204.7026042,7.343,True
20,21-01-2011,1603625.094,0,27.43,3.229,205.0460497,7.343,True
20,28-01-2011,1585356.0119999999,0,23.21,3.237,205.3894952,7.343,True
20,04-02-2011,2116028.763,0,28.58,3.231,205.7329407,7.343,True
20,11-02-2011,1990249.3260000001,1,25.38,3.239,206.0763862,7.343,True
20,18-02-2011,2032754.6160000002,0,42.95,3.245,206.3694701,7.343,True
20,25-02-2011,1744747.668,0,33.2,3.274,206.6424093,7.343,True
20,04-03-2011,1929082.149,0,37.33,3.433,206.9153485,7.343,True
20,11-03-2011,1791839.493,0,39.53,3.582,207.1882876,7.343,True
20,18-03-2011,1738501.7759999998,0,44.8,3.631,207.4283845,7.343,True
20,25-03-2011,1642240.089,0,44.83,3.625,207.6553444,7.343,True
20,01-04-2011,1735193.7810000002,0,32.43,3.638,207.8823043,7.287,True
20,08-04-2011,1824350.751,0,47.09,3.72,208.1092642,7.287,True
20,15-04-2011,1851665.6970000002,0,55.0,3.821,208.3172811,7.287,True
20,22-04-2011,2082475.6290000002,0,52.56,3.892,208.4779405,7.287,True
20,29-04-2011,1693609.371,0,62.97,3.962,208.6386,7.287,True
20,06-05-2011,1881754.596,0,53.41,4.046,208.7992595,7.287,True
20,13-05-2011,1833073.6770000001,0,62.26,4.066,208.9599189,7.287,True
20,20-05-2011,1758074.4540000001,0,59.01,4.062,208.7583165,7.287,True
20,27-05-2011,1749989.853,0,69.12,3.985,208.556714,7.287,True
20,03-06-2011,1964022.021,0,73.51,3.922,208.3551116,7.287,True
20,10-06-2011,1921555.8360000001,0,73.64,3.881,208.1535092,7.287,True
20,17-06-2011,1858672.1430000002,0,66.41,3.842,208.1265604,7.287,True
20,24-06-2011,1755743.688,0,72.4,3.804,208.2306018,7.287,True
20,01-07-2011,1847848.869,0,69.66,3.748,208.3346432,7.274,True
20,08-07-2011,1911409.0110000002,0,74.69,3.711,208.4386847,7.274,True
20,15-07-2011,1835888.175,0,74.88,3.76,208.5309337,7.274,True
20,22-07-2011,1755814.3560000001,0,78.89,3.811,208.5937018,7.274,True
20,29-07-2011,1672596.828,0,77.47,3.829,208.6564699,7.274,True
20,05-08-2011,1970418.267,0,77.8,3.842,208.719238,7.274,True
20,12-08-2011,1847021.76,0,73.52,3.812,208.7820061,7.274,True
20,19-08-2011,1791016.1369999999,0,71.25,3.747,208.8424359,7.274,True
20,26-08-2011,1740219.48,0,70.15,3.704,208.902476,7.274,True
20,02-09-2011,1927589.382,0,70.82,3.703,208.9625161,7.274,True
20,09-09-2011,1845488.304,1,68.74,3.738,209.0225562,7.274,True
20,16-09-2011,1781108.514,0,64.02,3.742,209.1893892,7.274,True
20,23-09-2011,1699307.73,0,62.15,3.711,209.4986126,7.274,True
20,30-09-2011,1751227.4340000001,0,63.44,3.645,209.807836,7.274,True
20,07-10-2011,1922384.5110000002,0,52.42,3.583,210.1170595,7.082,True
20,14-10-2011,1809096.912,0,62.54,3.541,210.4027602,7.082,True
20,21-10-2011,1893817.71,0,53.69,3.57,210.5473252,7.082,True
20,28-10-2011,1858879.368,0,49.36,3.569,210.6918901,7.082,True
20,04-11-2011,2055695.9400000002,0,43.88,3.551,210.8364551,7.082,True
20,11-11-2011,2042978.2650000001,0,47.27,3.53,210.9810201,7.082,True
20,18-11-2011,1952940.4379999998,0,49.3,3.53,211.1847207,7.082,True
20,25-11-2011,2615609.9250000003,1,46.38,3.492,211.4120757,7.082,True
20,02-12-2011,2068899.147,0,46.32,3.452,211.6394306,7.082,True
20,09-12-2011,2291511.402,0,41.64,3.415,211.8667856,7.082,True
20,16-12-2011,2486534.985,0,37.16,3.413,212.0685039,7.082,True
20,23-12-2011,3199833.9269999997,0,40.19,3.389,212.2360401,7.082,True
20,30-12-2011,1838920.5,1,36.35,3.389,212.4035763,7.082,True
20,06-01-2012,1768231.746,0,33.42,3.422,212.5711125,6.961,True
20,13-01-2012,1720359.576,0,37.79,3.513,212.7386486,6.961,True
20,20-01-2012,1703498.346,0,27.65,3.533,212.8336399,6.961,True
20,27-01-2012,1584914.859,0,37.19,3.567,212.9286312,6.961,True
20,03-02-2012,1983170.8800000001,0,39.93,3.617,213.0236225,6.961,True
20,10-02-2012,2216680.452,1,33.47,3.64,213.1186138,6.961,True
20,17-02-2012,2078122.644,0,31.11,3.695,213.2732106,6.961,True
20,24-02-2012,1841253.7950000002,0,39.79,3.739,213.4725116,6.961,True
20,02-03-2012,1933940.484,0,39.98,3.816,213.6718127,6.961,True
20,09-03-2012,1925338.8599999999,0,41.14,3.848,213.8711137,6.961,True
20,16-03-2012,1858492.539,0,53.73,3.862,214.0167132,6.961,True
20,23-03-2012,1793193.264,0,66.11,3.9,214.0907105,6.961,True
20,30-03-2012,1867249.566,0,51.52,3.953,214.1647079,6.961,True
20,06-04-2012,2308733.928,0,50.06,3.996,214.2387053,7.139,True
20,13-04-2012,1840856.4540000001,0,45.68,4.044,214.3127027,7.139,True
20,20-04-2012,1695985.056,0,60.11,4.027,214.3675045,7.139,True
20,27-04-2012,1697853.537,0,47.64,4.004,214.4223063,7.139,True
20,04-05-2012,1947159.8010000002,0,62.74,3.951,214.4771081,7.139,True
20,11-05-2012,1951287.399,0,63.19,3.889,214.5319099,7.139,True
20,18-05-2012,1835300.034,0,60.99,3.848,214.5485571,7.139,True
20,25-05-2012,1903490.1,0,70.04,3.798,214.5499425,7.139,True
20,01-06-2012,1928813.9309999999,0,73.67,3.742,214.5513278,7.139,True
20,08-06-2012,2008765.917,0,62.01,3.689,214.5527132,7.139,True
20,15-06-2012,1948644.2610000002,0,71.51,3.62,214.5653243,7.139,True
20,22-06-2012,1854529.821,0,76.51,3.564,214.606,7.139,True
20,29-06-2012,1850357.3490000002,0,74.15,3.506,214.6466757,7.139,True
20,06-07-2012,2122249.77,0,79.2,3.475,214.6873514,7.28,True
20,13-07-2012,1921212.1080000002,0,78.27,3.523,214.728027,7.28,True
20,20-07-2012,1773153.2610000002,0,76.04,3.567,214.7331351,7.28,True
20,27-07-2012,1720403.1900000002,0,74.6,3.647,214.7382432,7.28,True
20,03-08-2012,1885064.139,0,74.73,3.654,214.7433514,7.28,True
20,10-08-2012,1929820.8510000003,0,75.4,3.722,214.7484595,7.28,True
20,17-08-2012,1840555.098,0,69.57,3.807,214.825578,7.28,True
20,24-08-2012,1804807.287,0,68.27,3.834,214.9567044,7.28,True
20,31-08-2012,1856233.404,0,72.66,3.867,215.0878309,7.28,True
20,07-09-2012,1872476.154,1,76.36,3.911,215.2189573,7.28,True
20,14-09-2012,1843154.982,0,64.84,3.948,215.3583757,7.28,True
20,21-09-2012,1825728.516,0,60.94,4.038,215.5475459,7.28,True
20,28-09-2012,1807515.522,0,58.65,3.997,215.7367162,7.28,True
20,05-10-2012,2021770.7010000001,0,60.77,3.985,215.9258865,7.293,True
20,12-10-2012,1946656.224,0,47.2,4.0,216.1150568,7.293,True
20,19-10-2012,1799427.141,0,56.26,3.969,216.1464699,7.293,True
20,26-10-2012,1828485.495,0,60.04,3.882,216.1515902,7.293,True
21,05-02-2010,718734.492,0,39.05,2.572,210.7526053,8.324,True
21,12-02-2010,728389.296,1,37.77,2.548,210.8979935,8.324,True
21,19-02-2010,780554.925,0,39.75,2.514,210.9451605,8.324,True
21,26-02-2010,674637.5160000001,0,45.31,2.561,210.9759573,8.324,True
21,05-03-2010,672699.8879999999,0,48.61,2.625,211.0067542,8.324,True
21,12-03-2010,641081.601,0,57.1,2.667,211.037551,8.324,True
21,19-03-2010,654363.0,0,54.68,2.72,210.8733316,8.324,True
21,26-03-2010,617847.777,0,51.66,2.732,210.6766095,8.324,True
21,02-04-2010,678297.708,0,64.12,2.719,210.4798874,8.2,True
21,09-04-2010,676063.26,0,65.74,2.77,210.2831653,8.2,True
21,16-04-2010,644423.859,0,67.87,2.808,210.1495463,8.2,True
21,23-04-2010,646902.531,0,64.21,2.795,210.1000648,8.2,True
21,30-04-2010,612479.421,0,66.93,2.78,210.0505833,8.2,True
21,07-05-2010,670472.478,0,70.87,2.835,210.0011018,8.2,True
21,14-05-2010,651203.892,0,73.08,2.854,209.9984585,8.2,True
21,21-05-2010,678025.548,0,74.24,2.826,210.2768443,8.2,True
21,28-05-2010,679692.834,0,80.94,2.759,210.5552301,8.2,True
21,04-06-2010,725411.232,0,82.68,2.705,210.833616,8.2,True
21,11-06-2010,705874.9950000001,0,83.51,2.668,211.1120018,8.2,True
21,18-06-2010,706593.861,0,86.18,2.637,211.1096543,8.2,True
21,25-06-2010,692863.875,0,87.01,2.653,210.9950134,8.2,True
21,02-07-2010,640323.7200000001,0,82.29,2.669,210.8803726,8.099,True
21,09-07-2010,643209.723,0,81.67,2.642,210.7657317,8.099,True
21,16-07-2010,679588.569,0,85.61,2.623,210.7577954,8.099,True
21,23-07-2010,689241.132,0,87.17,2.608,210.8921319,8.099,True
21,30-07-2010,644288.643,0,83.59,2.64,211.0264684,8.099,True
21,06-08-2010,665351.271,0,90.3,2.627,211.1608049,8.099,True
21,13-08-2010,714230.2620000001,0,89.65,2.692,211.2951413,8.099,True
21,20-08-2010,763985.952,0,89.58,2.664,211.2596586,8.099,True
21,27-08-2010,770294.313,0,86.2,2.619,211.2241759,8.099,True
21,03-09-2010,654995.52,0,82.57,2.577,211.1886931,8.099,True
21,10-09-2010,606650.229,1,79.3,2.565,211.1532104,8.099,True
21,17-09-2010,615906.774,0,83.03,2.582,211.1806415,8.099,True
21,24-09-2010,604519.2540000001,0,80.79,2.624,211.2552578,8.099,True
21,01-10-2010,609442.551,0,70.28,2.603,211.3298742,8.163,True
21,08-10-2010,612521.541,0,65.76,2.633,211.4044906,8.163,True
21,15-10-2010,624070.8450000001,0,68.61,2.72,211.4713286,8.163,True
21,22-10-2010,639601.605,0,70.72,2.725,211.5187208,8.163,True
21,29-10-2010,658580.985,0,67.51,2.716,211.5661131,8.163,True
21,05-11-2010,647899.8840000001,0,58.71,2.689,211.6135053,8.163,True
21,12-11-2010,662216.742,0,60.95,2.728,211.6608975,8.163,True
21,19-11-2010,680660.001,0,51.71,2.771,211.5470304,8.163,True
21,26-11-2010,1121065.749,1,62.96,2.735,211.4062867,8.163,True
21,03-12-2010,746289.657,0,50.43,2.708,211.265543,8.163,True
21,10-12-2010,849502.476,0,46.35,2.843,211.1247993,8.163,True
21,17-12-2010,1032801.1470000001,0,48.63,2.869,211.0645458,8.163,True
21,24-12-2010,1428532.002,0,51.29,2.886,211.0646599,8.163,True
21,31-12-2010,605612.907,1,47.19,2.943,211.064774,8.163,True
21,07-01-2011,566236.854,0,44.24,2.976,211.0648881,8.028,True
21,14-01-2011,585710.2170000001,0,34.14,2.983,211.1176713,8.028,True
21,21-01-2011,597547.557,0,42.72,3.016,211.4864691,8.028,True
21,28-01-2011,584890.461,0,44.04,3.01,211.8552668,8.028,True
21,04-02-2011,536596.416,0,36.33,2.989,212.2240646,8.028,True
21,11-02-2011,694717.659,1,34.61,3.022,212.5928624,8.028,True
21,18-02-2011,796231.728,0,59.87,3.045,212.9033115,8.028,True
21,25-02-2011,691482.465,0,61.27,3.065,213.190421,8.028,True
21,04-03-2011,716649.948,0,59.52,3.288,213.4775305,8.028,True
21,11-03-2011,687131.91,0,54.69,3.459,213.7646401,8.028,True
21,18-03-2011,714212.1,0,63.26,3.488,214.0156238,8.028,True
21,25-03-2011,678340.188,0,70.33,3.473,214.2521573,8.028,True
21,01-04-2011,658850.733,0,56.36,3.524,214.4886908,7.931,True
21,08-04-2011,670304.601,0,68.62,3.622,214.7252242,7.931,True
21,15-04-2011,691551.045,0,71.01,3.743,214.9420631,7.931,True
21,22-04-2011,721171.809,0,70.79,3.807,215.1096657,7.931,True
21,29-04-2011,704925.675,0,70.19,3.81,215.2772683,7.931,True
21,06-05-2011,647008.497,0,61.87,3.906,215.4448709,7.931,True
21,13-05-2011,678813.03,0,75.04,3.899,215.6124735,7.931,True
21,20-05-2011,670352.9040000001,0,68.36,3.907,215.3834778,7.931,True
21,27-05-2011,669950.829,0,76.86,3.786,215.1544822,7.931,True
21,03-06-2011,696490.722,0,83.82,3.699,214.9254865,7.931,True
21,10-06-2011,714958.101,0,84.71,3.648,214.6964908,7.931,True
21,17-06-2011,740898.3870000001,0,87.54,3.637,214.6513538,7.931,True
21,24-06-2011,694169.082,0,85.72,3.594,214.7441108,7.931,True
21,01-07-2011,706175.208,0,87.57,3.524,214.8368678,7.852,True
21,08-07-2011,660689.4600000001,0,89.16,3.48,214.9296249,7.852,True
21,15-07-2011,655480.035,0,91.05,3.575,215.0134426,7.852,True
21,22-07-2011,706041.603,0,90.27,3.651,215.0749122,7.852,True
21,29-07-2011,676050.408,0,91.56,3.682,215.1363819,7.852,True
21,05-08-2011,705253.4010000001,0,94.22,3.684,215.1978515,7.852,True
21,12-08-2011,699240.033,0,92.32,3.638,215.2593211,7.852,True
21,19-08-2011,769991.85,0,90.11,3.554,215.3229307,7.852,True
21,26-08-2011,739014.777,0,92.07,3.523,215.386897,7.852,True
21,02-09-2011,635002.02,0,91.94,3.533,215.4508632,7.852,True
21,09-09-2011,588590.685,1,78.87,3.546,215.5148295,7.852,True
21,16-09-2011,588173.2559999999,0,80.62,3.526,215.6944378,7.852,True
21,23-09-2011,613721.961,0,75.68,3.467,216.0282356,7.852,True
21,30-09-2011,586773.432,0,78.91,3.355,216.3620333,7.852,True
21,07-10-2011,597107.214,0,71.64,3.285,216.6958311,7.441,True
21,14-10-2011,604241.4959999999,0,69.79,3.274,217.0048261,7.441,True
21,21-10-2011,656132.454,0,65.16,3.353,217.1650042,7.441,True
21,28-10-2011,664930.8,0,65.46,3.372,217.3251824,7.441,True
21,04-11-2011,690622.533,0,56.01,3.332,217.4853605,7.441,True
21,11-11-2011,681632.883,0,59.8,3.297,217.6455387,7.441,True
21,18-11-2011,663312.681,0,61.9,3.308,217.8670218,7.441,True
21,25-11-2011,1097337.06,1,56.43,3.236,218.1130269,7.441,True
21,02-12-2011,713865.8250000001,0,48.72,3.172,218.3590319,7.441,True
21,09-12-2011,807972.417,0,41.44,3.158,218.605037,7.441,True
21,16-12-2011,924826.059,0,50.56,3.159,218.8217928,7.441,True
21,23-12-2011,1246096.953,0,46.54,3.112,218.9995495,7.441,True
21,30-12-2011,723926.124,1,45.16,3.129,219.1773063,7.441,True
21,06-01-2012,576163.674,0,48.1,3.157,219.355063,7.057,True
21,13-01-2012,568063.125,0,45.0,3.261,219.5328198,7.057,True
21,20-01-2012,586060.38,0,52.21,3.268,219.6258417,7.057,True
21,27-01-2012,550132.839,0,50.79,3.29,219.7188636,7.057,True
21,03-02-2012,612652.8870000001,0,55.83,3.36,219.8118854,7.057,True
21,10-02-2012,693587.511,1,46.52,3.409,219.9049073,7.057,True
21,17-02-2012,751197.1680000001,0,45.03,3.51,220.0651993,7.057,True
21,24-02-2012,672389.163,0,54.81,3.555,220.275944,7.057,True
21,02-03-2012,687946.86,0,59.3,3.63,220.4866886,7.057,True
21,09-03-2012,679575.9600000001,0,57.16,3.669,220.6974332,7.057,True
21,16-03-2012,690604.488,0,63.39,3.734,220.8498468,7.057,True
21,23-03-2012,656783.973,0,62.96,3.787,220.9244858,7.057,True
21,30-03-2012,652318.8840000001,0,67.87,3.845,220.9991248,7.057,True
21,06-04-2012,685760.922,0,69.02,3.891,221.0737638,6.891,True
21,13-04-2012,692387.136,0,69.03,3.891,221.1484028,6.891,True
21,20-04-2012,661373.0190000001,0,66.97,3.877,221.2021074,6.891,True
21,27-04-2012,607346.622,0,69.21,3.814,221.255812,6.891,True
21,04-05-2012,627880.788,0,77.53,3.749,221.3095166,6.891,True
21,11-05-2012,584950.986,0,74.14,3.688,221.3632212,6.891,True
21,18-05-2012,630498.7440000001,0,72.42,3.63,221.380331,6.891,True
21,25-05-2012,650602.116,0,79.49,3.561,221.3828029,6.891,True
21,01-06-2012,625895.847,0,79.24,3.501,221.3852748,6.891,True
21,08-06-2012,637106.148,0,79.47,3.452,221.3877467,6.891,True
21,15-06-2012,654344.136,0,81.51,3.393,221.4009901,6.891,True
21,22-06-2012,662283.0,0,81.78,3.346,221.4411622,6.891,True
21,29-06-2012,644707.251,0,88.05,3.286,221.4813343,6.891,True
21,06-07-2012,623712.231,0,85.26,3.227,221.5215064,6.565,True
21,13-07-2012,601319.124,0,82.51,3.256,221.5616784,6.565,True
21,20-07-2012,622080.297,0,84.25,3.311,221.5701123,6.565,True
21,27-07-2012,610010.226,0,88.09,3.407,221.5785461,6.565,True
21,03-08-2012,624407.265,0,91.57,3.417,221.5869799,6.565,True
21,10-08-2012,630244.809,0,89.57,3.494,221.5954138,6.565,True
21,17-08-2012,676767.4290000001,0,85.55,3.571,221.6751459,6.565,True
21,24-08-2012,721803.249,0,77.72,3.62,221.8083518,6.565,True
21,31-08-2012,687480.831,0,83.58,3.638,221.9415576,6.565,True
21,07-09-2012,578544.5610000001,1,88.4,3.73,222.0747635,6.565,True
21,14-09-2012,565645.167,0,76.1,3.717,222.2174395,6.565,True
21,21-09-2012,600436.314,0,71.54,3.721,222.4169362,6.565,True
21,28-09-2012,582387.885,0,80.38,3.666,222.6164329,6.565,True
21,05-10-2012,586592.0190000001,0,70.28,3.617,222.8159296,6.17,True
21,12-10-2012,587739.096,0,61.53,3.601,223.0154263,6.17,True
21,19-10-2012,577231.326,0,68.52,3.594,223.0598077,6.17,True
21,26-10-2012,607682.583,0,70.5,3.506,223.0783366,6.17,True
22,05-02-2010,929715.633,0,24.36,2.788,135.3524608,8.283,True
22,12-02-2010,920314.125,1,28.14,2.771,135.4113076,8.283,True
22,19-02-2010,889620.849,0,31.96,2.747,135.4657781,8.283,True
22,26-02-2010,809785.332,0,35.98,2.753,135.5195191,8.283,True
22,05-03-2010,908281.116,0,36.82,2.766,135.5732602,8.283,True
22,12-03-2010,870468.633,0,43.43,2.805,135.6270013,8.283,True
22,19-03-2010,869530.581,0,46.03,2.834,135.6682247,8.283,True
22,26-03-2010,910867.608,0,48.56,2.831,135.7073618,8.283,True
22,02-04-2010,1059606.891,0,44.96,2.826,135.7464988,8.348,True
22,09-04-2010,929853.963,0,57.06,2.849,135.7856359,8.348,True
22,16-04-2010,900871.8030000001,0,51.14,2.885,135.82725,8.348,True
22,23-04-2010,872635.023,0,51.04,2.895,135.8721667,8.348,True
22,30-04-2010,879914.7540000001,0,50.96,2.935,135.9170833,8.348,True
22,07-05-2010,947675.952,0,63.81,2.981,135.962,8.348,True
22,14-05-2010,876226.797,0,50.99,2.983,136.010394,8.348,True
22,21-05-2010,881980.101,0,59.99,2.961,136.0796521,8.348,True
22,28-05-2010,993366.36,0,65.64,2.906,136.1489101,8.348,True
22,04-06-2010,985985.217,0,69.49,2.857,136.2181682,8.348,True
22,11-06-2010,955076.823,0,65.01,2.83,136.2874263,8.348,True
22,18-06-2010,947605.725,0,67.13,2.805,136.3243393,8.348,True
22,25-06-2010,985518.2970000001,0,74.37,2.81,136.3483143,8.348,True
22,02-07-2010,1008233.739,0,72.88,2.815,136.3722893,8.433,True
22,09-07-2010,983388.834,0,79.22,2.806,136.3962643,8.433,True
22,16-07-2010,889553.691,0,76.3,2.796,136.4179827,8.433,True
22,23-07-2010,876710.88,0,76.91,2.784,136.4366924,8.433,True
22,30-07-2010,873696.2760000001,0,76.35,2.792,136.4554021,8.433,True
22,06-08-2010,909293.5260000001,0,74.37,2.792,136.4741118,8.433,True
22,13-08-2010,893787.687,0,74.75,2.81,136.4928214,8.433,True
22,20-08-2010,915340.896,0,73.21,2.796,136.5249182,8.433,True
22,27-08-2010,973278.864,0,68.99,2.77,136.557015,8.433,True
22,03-09-2010,967082.2919999999,0,75.85,2.735,136.5891118,8.433,True
22,10-09-2010,831756.9600000001,1,68.6,2.717,136.6212085,8.433,True
22,17-09-2010,826457.373,0,62.49,2.716,136.6338071,8.433,True
22,24-09-2010,812501.3250000001,0,65.14,2.718,136.6317821,8.433,True
22,01-10-2010,815388.4530000001,0,69.31,2.717,136.6297571,8.572,True
22,08-10-2010,913546.458,0,56.32,2.776,136.6277321,8.572,True
22,15-10-2010,858961.314,0,55.23,2.878,136.6401935,8.572,True
22,22-10-2010,864898.6680000001,0,50.24,2.919,136.688871,8.572,True
22,29-10-2010,923189.643,0,57.73,2.938,136.7375484,8.572,True
22,05-11-2010,906199.344,0,44.34,2.938,136.7862258,8.572,True
22,12-11-2010,939328.7760000001,0,44.42,2.961,136.8349032,8.572,True
22,19-11-2010,887306.796,0,48.62,3.03,136.7715714,8.572,True
22,26-11-2010,1408052.034,1,44.61,3.07,136.6895714,8.572,True
22,03-12-2010,1107463.1220000002,0,39.42,3.065,136.6075714,8.572,True
22,10-12-2010,1230482.556,0,28.43,3.132,136.5255714,8.572,True
22,17-12-2010,1374914.691,0,30.46,3.139,136.5292811,8.572,True
22,24-12-2010,1766200.536,0,29.76,3.15,136.597273,8.572,True
22,31-12-2010,696836.052,1,28.49,3.177,136.665265,8.572,True
22,07-01-2011,786559.23,0,32.56,3.193,136.7332569,8.458,True
22,14-01-2011,726781.968,0,24.76,3.215,136.803477,8.458,True
22,21-01-2011,769500.9180000001,0,26.8,3.232,136.8870657,8.458,True
22,28-01-2011,719432.235,0,20.61,3.243,136.9706544,8.458,True
22,04-02-2011,851454.882,0,26.39,3.24,137.0542431,8.458,True
22,11-02-2011,908285.6969999999,1,28.89,3.255,137.1378318,8.458,True
22,18-02-2011,878368.374,0,35.34,3.263,137.2511849,8.458,True
22,25-02-2011,820120.8870000001,0,30.23,3.281,137.3764439,8.458,True
22,04-03-2011,897617.8350000001,0,33.52,3.437,137.5017028,8.458,True
22,11-03-2011,850128.507,0,41.42,3.6,137.6269617,8.458,True
22,18-03-2011,833784.408,0,43.38,3.634,137.7398929,8.458,True
22,25-03-2011,840175.551,0,38.77,3.624,137.8478929,8.458,True
22,01-04-2011,856429.533,0,36.04,3.638,137.9558929,8.252,True
22,08-04-2011,872142.021,0,44.42,3.72,138.0638929,8.252,True
22,15-04-2011,907701.336,0,48.88,3.823,138.1646952,8.252,True
22,22-04-2011,1037503.71,0,47.76,3.919,138.2475036,8.252,True
22,29-04-2011,833520.42,0,57.2,3.988,138.3303119,8.252,True
22,06-05-2011,928868.454,0,53.63,4.078,138.4131202,8.252,True
22,13-05-2011,901402.866,0,57.71,4.095,138.4959286,8.252,True
22,20-05-2011,873277.047,0,58.56,4.101,138.587106,8.252,True
22,27-05-2011,919411.5059999999,0,62.59,4.034,138.6782834,8.252,True
22,03-06-2011,1012652.928,0,70.09,3.973,138.7694608,8.252,True
22,10-06-2011,954781.6410000001,0,69.53,3.924,138.8606382,8.252,True
22,17-06-2011,938209.149,0,63.97,3.873,139.0028333,8.252,True
22,24-06-2011,911325.78,0,68.53,3.851,139.1832917,8.252,True
22,01-07-2011,969742.512,0,70.8,3.815,139.36375,8.023,True
22,08-07-2011,915345.5850000001,0,74.22,3.784,139.5442083,8.023,True
22,15-07-2011,865758.213,0,75.2,3.827,139.7006325,8.023,True
22,22-07-2011,868215.42,0,77.79,3.882,139.7969712,8.023,True
22,29-07-2011,850462.821,0,75.32,3.898,139.8933099,8.023,True
22,05-08-2011,884909.664,0,75.33,3.903,139.9896486,8.023,True
22,12-08-2011,892601.28,0,74.69,3.88,140.0859873,8.023,True
22,19-08-2011,875704.419,0,71.3,3.82,140.1289205,8.023,True
22,26-08-2011,1063633.779,0,72.22,3.796,140.1629528,8.023,True
22,02-09-2011,821486.484,0,69.16,3.784,140.196985,8.023,True
22,09-09-2011,903991.086,1,69.14,3.809,140.2310173,8.023,True
22,16-09-2011,843678.5850000001,0,68.08,3.809,140.2735,8.023,True
22,23-09-2011,809851.275,0,62.36,3.758,140.32725,8.023,True
22,30-09-2011,857982.7440000001,0,69.78,3.684,140.381,8.023,True
22,07-10-2011,894093.003,0,56.44,3.633,140.43475,7.706,True
22,14-10-2011,849903.588,0,62.63,3.583,140.4784194,7.706,True
22,21-10-2011,883410.498,0,59.3,3.618,140.4616048,7.706,True
22,28-10-2011,989416.512,0,49.31,3.604,140.4447903,7.706,True
22,04-11-2011,995918.0310000001,0,42.81,3.586,140.4279758,7.706,True
22,11-11-2011,946566.261,0,47.8,3.57,140.4111613,7.706,True
22,18-11-2011,906821.4959999999,0,50.62,3.571,140.4127857,7.706,True
22,25-11-2011,1382271.741,1,46.28,3.536,140.4217857,7.706,True
22,02-12-2011,1050859.0259999998,0,49.11,3.501,140.4307857,7.706,True
22,09-12-2011,1178070.696,0,45.35,3.47,140.4397857,7.706,True
22,16-12-2011,1307837.9970000002,0,39.11,3.445,140.4700795,7.706,True
22,23-12-2011,1676876.112,0,39.83,3.413,140.528765,7.706,True
22,30-12-2011,884395.0260000001,1,36.28,3.402,140.5874505,7.706,True
22,06-01-2012,805822.38,0,34.61,3.439,140.6461359,7.503,True
22,13-01-2012,769893.813,0,39.0,3.523,140.7048214,7.503,True
22,20-01-2012,807324.696,0,29.16,3.542,140.8086118,7.503,True
22,27-01-2012,707813.307,0,35.68,3.568,140.9124021,7.503,True
22,03-02-2012,862638.975,0,40.58,3.633,141.0161924,7.503,True
22,10-02-2012,931003.2629999999,1,35.68,3.655,141.1199827,7.503,True
22,17-02-2012,904274.469,0,36.25,3.703,141.2140357,7.503,True
22,24-02-2012,821663.0549999999,0,39.0,3.751,141.3007857,7.503,True
22,02-03-2012,877379.985,0,37.47,3.827,141.3875357,7.503,True
22,09-03-2012,892014.309,0,41.72,3.876,141.4742857,7.503,True
22,16-03-2012,870102.0090000001,0,46.06,3.867,141.55478,7.503,True
22,23-03-2012,893496.9600000001,0,54.68,3.889,141.6269332,7.503,True
22,30-03-2012,869192.937,0,46.4,3.921,141.6990864,7.503,True
22,06-04-2012,1077740.694,0,46.38,3.957,141.7712396,7.671,True
22,13-04-2012,845206.416,0,49.89,4.025,141.8433929,7.671,True
22,20-04-2012,900308.583,0,58.81,4.046,141.9015262,7.671,True
22,27-04-2012,830285.946,0,51.42,4.023,141.9596595,7.671,True
22,04-05-2012,904574.979,0,50.75,3.991,142.0177929,7.671,True
22,11-05-2012,898081.767,0,56.72,3.947,142.0759262,7.671,True
22,18-05-2012,887950.8180000001,0,61.9,3.899,142.0970115,7.671,True
22,25-05-2012,942567.642,0,62.39,3.85,142.1032776,7.671,True
22,01-06-2012,992571.6330000001,0,70.01,3.798,142.1095438,7.671,True
22,08-06-2012,955020.9330000001,0,61.71,3.746,142.1158099,7.671,True
22,15-06-2012,955097.271,0,66.56,3.683,142.1292548,7.671,True
22,22-06-2012,1001204.3700000001,0,70.61,3.629,142.1606464,7.671,True
22,29-06-2012,948493.6020000001,0,70.99,3.577,142.1920381,7.671,True
22,06-07-2012,988007.526,0,77.41,3.538,142.2234298,7.753,True
22,13-07-2012,874225.242,0,75.81,3.561,142.2548214,7.753,True
22,20-07-2012,892772.433,0,76.57,3.61,142.2337569,7.753,True
22,27-07-2012,833158.089,0,73.52,3.701,142.2126924,7.753,True
22,03-08-2012,906532.047,0,72.99,3.698,142.1916279,7.753,True
22,10-08-2012,876431.511,0,76.74,3.772,142.1705634,7.753,True
22,17-08-2012,883145.934,0,74.92,3.84,142.2157385,7.753,True
22,24-08-2012,954816.0750000001,0,70.42,3.874,142.3105933,7.753,True
22,31-08-2012,920043.774,0,71.93,3.884,142.4054482,7.753,True
22,07-09-2012,896965.92,1,73.3,3.921,142.500303,7.753,True
22,14-09-2012,826244.3520000001,0,66.42,3.988,142.5938833,7.753,True
22,21-09-2012,829451.277,0,63.38,4.056,142.6798167,7.753,True
22,28-09-2012,878831.559,0,62.17,4.018,142.76575,7.753,True
22,05-10-2012,908898.624,0,62.09,4.027,142.8516833,7.543,True
22,12-10-2012,903635.856,0,54.18,4.029,142.9376167,7.543,True
22,19-10-2012,880225.155,0,55.28,4.0,142.8633629,7.543,True
22,26-10-2012,984980.421,0,57.58,3.917,142.7624113,7.543,True
23,05-02-2010,1228249.422,0,15.25,2.788,131.5279032,5.892,True
23,12-02-2010,1242802.8720000002,1,18.75,2.771,131.5866129,5.892,True
23,19-02-2010,1187629.236,0,26.7,2.747,131.637,5.892,True
23,26-02-2010,1078838.685,0,32.68,2.753,131.686,5.892,True
23,05-03-2010,1180058.337,0,33.15,2.766,131.735,5.892,True
23,12-03-2010,1267274.664,0,36.07,2.805,131.784,5.892,True
23,19-03-2010,1106107.4880000001,0,43.01,2.834,131.8242903,5.892,True
23,26-03-2010,1179631.62,0,38.59,2.831,131.863129,5.892,True
23,02-04-2010,1400964.8580000002,0,40.5,2.826,131.9019677,5.435,True
23,09-04-2010,1137991.23,0,56.82,2.849,131.9408065,5.435,True
23,16-04-2010,1159941.348,0,44.25,2.885,131.9809,5.435,True
23,23-04-2010,1183520.772,0,46.4,2.895,132.0226667,5.435,True
23,30-04-2010,1133473.068,0,45.47,2.935,132.0644333,5.435,True
23,07-05-2010,1228997.0520000001,0,61.04,2.981,132.1062,5.435,True
23,14-05-2010,1172749.581,0,45.33,2.983,132.152129,5.435,True
23,21-05-2010,1194681.852,0,57.94,2.961,132.2230323,5.435,True
23,28-05-2010,1414042.7040000001,0,69.26,2.906,132.2939355,5.435,True
23,04-06-2010,1362991.959,0,64.94,2.857,132.3648387,5.435,True
23,11-06-2010,1295488.854,0,58.35,2.83,132.4357419,5.435,True
23,18-06-2010,1356938.037,0,60.29,2.805,132.4733333,5.435,True
23,25-06-2010,1273684.392,0,69.83,2.81,132.4976,5.435,True
23,02-07-2010,1394201.862,0,64.76,2.815,132.5218667,5.326,True
23,09-07-2010,1275782.202,0,77.16,2.806,132.5461333,5.326,True
23,16-07-2010,1271811.699,0,73.94,2.796,132.5667742,5.326,True
23,23-07-2010,1200271.005,0,70.2,2.784,132.5825806,5.326,True
23,30-07-2010,1187796.195,0,69.71,2.792,132.5983871,5.326,True
23,06-08-2010,1275311.763,0,70.03,2.792,132.6141935,5.326,True
23,13-08-2010,1211711.373,0,67.43,2.81,132.63,5.326,True
23,20-08-2010,1295910.945,0,68.65,2.796,132.6616129,5.326,True
23,27-08-2010,1426161.0240000002,0,63.25,2.77,132.6932258,5.326,True
23,03-09-2010,1264607.307,0,72.91,2.735,132.7248387,5.326,True
23,10-09-2010,1145558.5650000002,1,63.21,2.717,132.7564516,5.326,True
23,17-09-2010,1043219.322,0,55.3,2.716,132.7670667,5.326,True
23,24-09-2010,989150.085,0,57.75,2.718,132.7619333,5.326,True
23,01-10-2010,1016918.4959999999,0,62.07,2.717,132.7568,5.287,True
23,08-10-2010,1061866.5119999999,0,50.75,2.776,132.7516667,5.287,True
23,15-10-2010,1007828.739,0,45.55,2.878,132.7633548,5.287,True
23,22-10-2010,1032753.5279999999,0,43.19,2.919,132.8170968,5.287,True
23,29-10-2010,1001584.107,0,48.68,2.938,132.8708387,5.287,True
23,05-11-2010,1082807.964,0,36.6,2.938,132.9245806,5.287,True
23,12-11-2010,1249158.375,0,35.59,2.961,132.9783226,5.287,True
23,19-11-2010,1183494.888,0,41.66,3.03,132.9172,5.287,True
23,26-11-2010,1865416.5450000002,1,34.95,3.07,132.8369333,5.287,True
23,03-12-2010,1455322.869,0,34.3,3.065,132.7566667,5.287,True
23,10-12-2010,1685129.391,0,20.12,3.132,132.6764,5.287,True
23,17-12-2010,2014716.132,0,23.05,3.139,132.6804516,5.287,True
23,24-12-2010,2460849.39,0,22.96,3.15,132.7477419,5.287,True
23,31-12-2010,1052796.465,1,19.05,3.177,132.8150323,5.287,True
23,07-01-2011,1009831.032,0,27.81,3.193,132.8823226,5.114,True
23,14-01-2011,915080.49,0,18.2,3.215,132.9510645,5.114,True
23,21-01-2011,999635.454,0,15.58,3.232,133.0285161,5.114,True
23,28-01-2011,975291.8490000002,0,10.91,3.243,133.1059677,5.114,True
23,04-02-2011,1043494.677,0,14.5,3.24,133.1834194,5.114,True
23,11-02-2011,1124807.76,1,21.52,3.255,133.260871,5.114,True
23,18-02-2011,1232974.4130000002,0,26.6,3.263,133.3701429,5.114,True
23,25-02-2011,1086225.48,0,17.0,3.281,133.4921429,5.114,True
23,04-03-2011,1171066.752,0,20.67,3.437,133.6141429,5.114,True
23,11-03-2011,937839.1950000001,0,29.36,3.6,133.7361429,5.114,True
23,18-03-2011,1083314.3580000002,0,37.28,3.634,133.8492258,5.114,True
23,25-03-2011,1033762.3470000001,0,29.11,3.624,133.9587419,5.114,True
23,01-04-2011,1064425.455,0,29.44,3.638,134.0682581,4.781,True
23,08-04-2011,1124011.7820000001,0,36.74,3.72,134.1777742,4.781,True
23,15-04-2011,1137312.459,0,45.51,3.823,134.2784667,4.781,True
23,22-04-2011,1302571.116,0,39.62,3.919,134.3571,4.781,True
23,29-04-2011,1055976.66,0,54.2,3.988,134.4357333,4.781,True
23,06-05-2011,1223929.017,0,50.07,4.078,134.5143667,4.781,True
23,13-05-2011,1129423.3830000001,0,55.12,4.095,134.593,4.781,True
23,20-05-2011,1203855.7950000002,0,56.67,4.101,134.6803871,4.781,True
23,27-05-2011,1225750.662,0,63.27,4.034,134.7677742,4.781,True
23,03-06-2011,1405945.773,0,67.21,3.973,134.8551613,4.781,True
23,10-06-2011,1302325.2540000002,0,65.23,3.924,134.9425484,4.781,True
23,17-06-2011,1323468.7470000002,0,61.06,3.873,135.0837333,4.781,True
23,24-06-2011,1290632.562,0,63.8,3.851,135.2652667,4.781,True
23,01-07-2011,1343256.696,0,65.65,3.815,135.4468,4.584,True
23,08-07-2011,1241539.245,0,69.92,3.784,135.6283333,4.584,True
23,15-07-2011,1224468.5040000002,0,69.8,3.827,135.7837419,4.584,True
23,22-07-2011,1225929.6,0,76.74,3.882,135.8738387,4.584,True
23,29-07-2011,1187790.7950000002,0,69.55,3.898,135.9639355,4.584,True
23,05-08-2011,1274710.212,0,69.53,3.903,136.0540323,4.584,True
23,12-08-2011,1242856.845,0,69.86,3.88,136.144129,4.584,True
23,19-08-2011,1308074.877,0,67.09,3.82,136.183129,4.584,True
23,26-08-2011,1473539.661,0,67.04,3.796,136.2136129,4.584,True
23,02-09-2011,1317866.121,0,65.33,3.784,136.2440968,4.584,True
23,09-09-2011,1280960.91,1,66.04,3.809,136.2745806,4.584,True
23,16-09-2011,1127996.253,0,60.52,3.809,136.3145,4.584,True
23,23-09-2011,1160174.529,0,57.14,3.758,136.367,4.584,True
23,30-09-2011,1148038.0650000002,0,64.76,3.684,136.4195,4.584,True
23,07-10-2011,1317151.791,0,49.0,3.633,136.472,4.42,True
23,14-10-2011,1132000.506,0,56.79,3.583,136.5150968,4.42,True
23,21-10-2011,1296929.331,0,52.12,3.618,136.5017742,4.42,True
23,28-10-2011,1266472.764,0,42.57,3.604,136.4884516,4.42,True
23,04-11-2011,1285592.6970000002,0,39.18,3.586,136.475129,4.42,True
23,11-11-2011,1293246.702,0,44.04,3.57,136.4618065,4.42,True
23,18-11-2011,1211068.764,0,45.48,3.571,136.4666667,4.42,True
23,25-11-2011,1851353.577,1,35.23,3.536,136.4788,4.42,True
23,02-12-2011,1397597.931,0,43.6,3.501,136.4909333,4.42,True
23,09-12-2011,1657056.2400000002,0,36.4,3.47,136.5030667,4.42,True
23,16-12-2011,1956259.0800000003,0,32.99,3.445,136.5335161,4.42,True
23,23-12-2011,2329157.988,0,27.8,3.413,136.5883871,4.42,True
23,30-12-2011,1092138.255,1,22.3,3.402,136.6432581,4.42,True
23,06-01-2012,1035596.295,0,24.29,3.439,136.698129,4.261,True
23,13-01-2012,928306.215,0,28.49,3.523,136.753,4.261,True
23,20-01-2012,1032292.9169999999,0,15.33,3.542,136.8564194,4.261,True
23,27-01-2012,933728.742,0,25.71,3.568,136.9598387,4.261,True
23,03-02-2012,1135685.403,0,29.71,3.633,137.0632581,4.261,True
23,10-02-2012,1222599.6630000002,1,26.6,3.655,137.1666774,4.261,True
23,17-02-2012,1228992.021,0,27.01,3.703,137.2583103,4.261,True
23,24-02-2012,1145653.443,0,31.12,3.751,137.3411034,4.261,True
23,02-03-2012,1190566.98,0,25.91,3.827,137.4238966,4.261,True
23,09-03-2012,1163452.41,0,33.11,3.876,137.5066897,4.261,True
23,16-03-2012,1132527.8790000002,0,41.19,3.867,137.5843871,4.261,True
23,23-03-2012,1159338.6900000002,0,57.82,3.889,137.6552903,4.261,True
23,30-03-2012,1135768.464,0,36.71,3.921,137.7261935,4.261,True
23,06-04-2012,1444145.121,0,37.43,3.957,137.7970968,4.125,True
23,13-04-2012,1108577.286,0,41.81,4.025,137.868,4.125,True
23,20-04-2012,1159109.469,0,56.55,4.046,137.9230667,4.125,True
23,27-04-2012,1149982.884,0,44.62,4.023,137.9781333,4.125,True
23,04-05-2012,1185641.712,0,45.88,3.991,138.0332,4.125,True
23,11-05-2012,1189722.9060000002,0,52.9,3.947,138.0882667,4.125,True
23,18-05-2012,1199657.223,0,58.42,3.899,138.1065806,4.125,True
23,25-05-2012,1397641.176,0,66.43,3.85,138.1101935,4.125,True
23,01-06-2012,1328529.9060000002,0,66.22,3.798,138.1138065,4.125,True
23,08-06-2012,1411243.686,0,56.82,3.746,138.1174194,4.125,True
23,15-06-2012,1389300.912,0,64.73,3.683,138.1295333,4.125,True
23,22-06-2012,1369838.313,0,71.82,3.629,138.1629,4.125,True
23,29-06-2012,1306603.944,0,64.23,3.577,138.1962667,4.125,True
23,06-07-2012,1390833.1439999999,0,70.86,3.538,138.2296333,4.156,True
23,13-07-2012,1246429.467,0,69.19,3.561,138.263,4.156,True
23,20-07-2012,1243205.307,0,71.13,3.61,138.2331935,4.156,True
23,27-07-2012,1190639.124,0,69.31,3.701,138.2033871,4.156,True
23,03-08-2012,1275233.679,0,71.51,3.698,138.1735806,4.156,True
23,10-08-2012,1292680.584,0,71.12,3.772,138.1437742,4.156,True
23,17-08-2012,1359118.305,0,69.97,3.84,138.1857097,4.156,True
23,24-08-2012,1531998.864,0,64.63,3.874,138.2814516,4.156,True
23,31-08-2012,1419721.902,0,68.34,3.884,138.3771935,4.156,True
23,07-09-2012,1284446.034,1,66.74,3.921,138.4729355,4.156,True
23,14-09-2012,1151137.476,0,61.37,3.988,138.5673,4.156,True
23,21-09-2012,1204764.7950000002,0,56.8,4.056,138.6534,4.156,True
23,28-09-2012,1187131.554,0,53.71,4.018,138.7395,4.156,True
23,05-10-2012,1318154.931,0,56.65,4.027,138.8256,4.145,True
23,12-10-2012,1271632.725,0,48.1,4.029,138.9117,4.145,True
23,19-10-2012,1226840.193,0,47.89,4.0,138.8336129,4.145,True
23,26-10-2012,1212709.131,0,50.56,3.917,138.7281613,4.145,True
24,05-02-2010,1249853.067,0,22.43,2.954,131.5279032,8.326,True
24,12-02-2010,1272696.3900000001,1,25.94,2.94,131.5866129,8.326,True
24,19-02-2010,1246826.241,0,31.05,2.909,131.637,8.326,True
24,26-02-2010,1042850.466,0,33.98,2.91,131.686,8.326,True
24,05-03-2010,1271148.6330000001,0,36.73,2.919,131.735,8.326,True
24,12-03-2010,1178406.1439999999,0,42.31,2.938,131.784,8.326,True
24,19-03-2010,1100260.161,0,46.09,2.96,131.8242903,8.326,True
24,26-03-2010,1132480.404,0,48.87,2.963,131.863129,8.326,True
24,02-04-2010,1330489.134,0,45.22,2.957,131.9019677,8.211,True
24,09-04-2010,1241621.667,0,62.06,2.992,131.9408065,8.211,True
24,16-04-2010,1141440.048,0,51.08,3.01,131.9809,8.211,True
24,23-04-2010,1137705.3090000001,0,51.07,3.021,132.0226667,8.211,True
24,30-04-2010,1133889.471,0,51.48,3.042,132.0644333,8.211,True
24,07-05-2010,1268734.527,0,66.65,3.095,132.1062,8.211,True
24,14-05-2010,1212105.0150000001,0,51.31,3.112,132.152129,8.211,True
24,21-05-2010,1155134.5650000002,0,60.44,3.096,132.2230323,8.211,True
24,28-05-2010,1326481.335,0,69.59,3.046,132.2939355,8.211,True
24,04-06-2010,1410002.0189999999,0,71.99,3.006,132.3648387,8.211,True
24,11-06-2010,1237912.389,0,64.84,2.972,132.4357419,8.211,True
24,18-06-2010,1218751.362,0,67.17,2.942,132.4733333,8.211,True
24,25-06-2010,1259166.375,0,74.9,2.958,132.4976,8.211,True
24,02-07-2010,1407049.146,0,71.12,2.958,132.5218667,8.117,True
24,09-07-2010,1498952.2950000002,0,79.05,2.94,132.5461333,8.117,True
24,16-07-2010,1276827.345,0,76.56,2.933,132.5667742,8.117,True
24,23-07-2010,1200366.3150000002,0,75.27,2.924,132.5825806,8.117,True
24,30-07-2010,1248765.8669999999,0,75.91,2.932,132.5983871,8.117,True
24,06-08-2010,1298537.352,0,74.54,2.942,132.6141935,8.117,True
24,13-08-2010,1245819.375,0,74.17,2.923,132.63,8.117,True
24,20-08-2010,1237776.786,0,72.17,2.913,132.6616129,8.117,True
24,27-08-2010,1215053.415,0,67.0,2.885,132.6932258,8.117,True
24,03-09-2010,1229743.4400000002,0,73.52,2.86,132.7248387,8.117,True
24,10-09-2010,1327048.7310000001,1,67.11,2.837,132.7564516,8.117,True
24,17-09-2010,1145965.914,0,60.31,2.846,132.7670667,8.117,True
24,24-09-2010,1052471.943,0,64.3,2.837,132.7619333,8.117,True
24,01-10-2010,1093745.88,0,66.88,2.84,132.7568,8.275,True
24,08-10-2010,1225750.446,0,54.82,2.903,132.7516667,8.275,True
24,15-10-2010,1170726.066,0,52.83,2.999,132.7633548,8.275,True
24,22-10-2010,1111387.797,0,48.69,3.049,132.8170968,8.275,True
24,29-10-2010,1120433.346,0,57.29,3.055,132.8708387,8.275,True
24,05-11-2010,1156822.209,0,42.2,3.049,132.9245806,8.275,True
24,12-11-2010,1181589.3090000001,0,41.76,3.065,132.9783226,8.275,True
24,19-11-2010,1149435.54,0,45.63,3.138,132.9172,8.275,True
24,26-11-2010,1601348.859,1,41.92,3.186,132.8369333,8.275,True
24,03-12-2010,1271972.43,0,37.08,3.2,132.7566667,8.275,True
24,10-12-2010,1433711.475,0,27.11,3.255,132.6764,8.275,True
24,17-12-2010,1497173.193,0,27.99,3.301,132.6804516,8.275,True
24,24-12-2010,2147414.1750000003,0,27.74,3.309,132.7477419,8.275,True
24,31-12-2010,1087740.0450000002,1,25.9,3.336,132.8150323,8.275,True
24,07-01-2011,1060777.539,0,30.72,3.351,132.8823226,8.252,True
24,14-01-2011,1050966.18,0,22.41,3.367,132.9510645,8.252,True
24,21-01-2011,996453.3509999999,0,23.69,3.391,133.0285161,8.252,True
24,28-01-2011,1014229.2060000001,0,17.91,3.402,133.1059677,8.252,True
24,04-02-2011,1102663.8360000001,0,23.83,3.4,133.1834194,8.252,True
24,11-02-2011,1207116.5580000002,1,26.51,3.416,133.260871,8.252,True
24,18-02-2011,1224135.1080000002,0,34.04,3.42,133.3701429,8.252,True
24,25-02-2011,1111609.1970000002,0,26.09,3.452,133.4921429,8.252,True
24,04-03-2011,1212295.077,0,31.36,3.605,133.6141429,8.252,True
24,11-03-2011,1127896.83,0,39.51,3.752,133.7361429,8.252,True
24,18-03-2011,1051557.534,0,43.39,3.796,133.8492258,8.252,True
24,25-03-2011,1042823.8080000001,0,36.88,3.789,133.9587419,8.252,True
24,01-04-2011,1047422.9700000001,0,35.73,3.811,134.0682581,8.212,True
24,08-04-2011,1146303.2880000002,0,44.7,3.895,134.1777742,8.212,True
24,15-04-2011,1121018.9849999999,0,52.36,3.981,134.2784667,8.212,True
24,22-04-2011,1235236.41,0,46.0,4.061,134.3571,8.212,True
24,29-04-2011,1077985.053,0,60.48,4.117,134.4357333,8.212,True
24,06-05-2011,1205667.3150000002,0,55.75,4.192,134.5143667,8.212,True
24,13-05-2011,1180755.1439999999,0,58.49,4.211,134.593,8.212,True
24,20-05-2011,1110853.53,0,59.84,4.202,134.6803871,8.212,True
24,27-05-2011,1180038.348,0,65.74,4.134,134.7677742,8.212,True
24,03-06-2011,1399353.8580000002,0,73.12,4.069,134.8551613,8.212,True
24,10-06-2011,1236457.719,0,70.02,4.025,134.9425484,8.212,True
24,17-06-2011,1188323.307,0,64.34,3.989,135.0837333,8.212,True
24,24-06-2011,1174365.603,0,68.88,3.964,135.2652667,8.212,True
24,01-07-2011,1301036.949,0,70.27,3.916,135.4468,8.358,True
24,08-07-2011,1410606.063,0,72.56,3.886,135.6283333,8.358,True
24,15-07-2011,1221245.055,0,74.43,3.915,135.7837419,8.358,True
24,22-07-2011,1221905.016,0,79.29,3.972,135.8738387,8.358,True
24,29-07-2011,1179875.7540000002,0,74.84,4.004,135.9639355,8.358,True
24,05-08-2011,1275855.1290000002,0,74.64,4.02,136.0540323,8.358,True
24,12-08-2011,1262536.209,0,72.52,3.995,136.144129,8.358,True
24,19-08-2011,1216835.892,0,69.93,3.942,136.183129,8.358,True
24,26-08-2011,1262134.881,0,69.94,3.906,136.2136129,8.358,True
24,02-09-2011,1076494.896,0,68.14,3.879,136.2440968,8.358,True
24,09-09-2011,1374709.671,1,68.32,3.93,136.2745806,8.358,True
24,16-09-2011,1104782.373,0,65.56,3.937,136.3145,8.358,True
24,23-09-2011,1109138.841,0,60.61,3.899,136.367,8.358,True
24,30-09-2011,1121618.3490000002,0,68.0,3.858,136.4195,8.358,True
24,07-10-2011,1265322.951,0,53.87,3.775,136.472,8.454,True
24,14-10-2011,1199983.527,0,60.21,3.744,136.5150968,8.454,True
24,21-10-2011,1155207.087,0,56.6,3.757,136.5017742,8.454,True
24,28-10-2011,1176428.475,0,48.0,3.757,136.4884516,8.454,True
24,04-11-2011,1247274.342,0,39.87,3.738,136.475129,8.454,True
24,11-11-2011,1282570.7310000001,0,46.78,3.719,136.4618065,8.454,True
24,18-11-2011,1167782.121,0,48.17,3.717,136.4666667,8.454,True
24,25-11-2011,1585112.103,1,41.83,3.689,136.4788,8.454,True
24,02-12-2011,1202082.3900000001,0,47.21,3.666,136.4909333,8.454,True
24,09-12-2011,1376653.986,0,42.3,3.627,136.5030667,8.454,True
24,16-12-2011,1462494.987,0,36.0,3.611,136.5335161,8.454,True
24,23-12-2011,1951509.807,0,36.93,3.587,136.5883871,8.454,True
24,30-12-2011,1227575.844,1,33.45,3.566,136.6432581,8.454,True
24,06-01-2012,1126423.701,0,32.86,3.585,136.698129,8.659,True
24,13-01-2012,1040034.78,0,36.5,3.666,136.753,8.659,True
24,20-01-2012,1036794.4650000001,0,25.73,3.705,136.8564194,8.659,True
24,27-01-2012,951561.369,0,31.92,3.737,136.9598387,8.659,True
24,03-02-2012,1124727.273,0,38.61,3.796,137.0632581,8.659,True
24,10-02-2012,1263114.783,1,33.82,3.826,137.1666774,8.659,True
24,17-02-2012,1193733.0720000002,0,33.92,3.874,137.2583103,8.659,True
24,24-02-2012,1172909.835,0,37.35,3.917,137.3411034,8.659,True
24,02-03-2012,1092594.951,0,35.36,3.983,137.4238966,8.659,True
24,09-03-2012,1193252.13,0,41.5,4.021,137.5066897,8.659,True
24,16-03-2012,1115369.208,0,48.68,4.021,137.5843871,8.659,True
24,23-03-2012,1099551.546,0,59.51,4.054,137.6552903,8.659,True
24,30-03-2012,1107095.517,0,47.28,4.098,137.7261935,8.659,True
24,06-04-2012,1372260.861,0,45.25,4.143,137.7970968,8.983,True
24,13-04-2012,1157205.4830000002,0,48.65,4.187,137.868,8.983,True
24,20-04-2012,1087788.96,0,61.05,4.17,137.9230667,8.983,True
24,27-04-2012,1074901.185,0,49.26,4.163,137.9781333,8.983,True
24,04-05-2012,1175896.539,0,52.14,4.124,138.0332,8.983,True
24,11-05-2012,1219852.611,0,58.7,4.055,138.0882667,8.983,True
24,18-05-2012,1168928.82,0,63.1,4.029,138.1065806,8.983,True
24,25-05-2012,1267107.813,0,65.79,3.979,138.1101935,8.983,True
24,01-06-2012,1320949.971,0,71.79,3.915,138.1138065,8.983,True
24,08-06-2012,1265681.817,0,59.93,3.871,138.1174194,8.983,True
24,15-06-2012,1228001.382,0,68.28,3.786,138.1295333,8.983,True
24,22-06-2012,1291238.667,0,72.29,3.722,138.1629,8.983,True
24,29-06-2012,1285982.91,0,70.4,3.667,138.1962667,8.983,True
24,06-07-2012,1480587.975,0,77.18,3.646,138.2296333,8.953,True
24,13-07-2012,1264928.202,0,75.36,3.689,138.263,8.953,True
24,20-07-2012,1254869.1,0,76.42,3.732,138.2331935,8.953,True
24,27-07-2012,1176605.226,0,73.62,3.82,138.2033871,8.953,True
24,03-08-2012,1296336.717,0,73.26,3.819,138.1735806,8.953,True
24,10-08-2012,1347349.3290000001,0,75.53,3.863,138.1437742,8.953,True
24,17-08-2012,1258173.486,0,72.87,3.963,138.1857097,8.953,True
24,24-08-2012,1173353.8860000002,0,68.13,3.997,138.2814516,8.953,True
24,31-08-2012,1210103.028,0,71.18,4.026,138.3771935,8.953,True
24,07-09-2012,1329421.2750000001,1,72.81,4.076,138.4729355,8.953,True
24,14-09-2012,1118618.577,0,64.28,4.088,138.5673,8.953,True
24,21-09-2012,1135042.623,0,61.25,4.203,138.6534,8.953,True
24,28-09-2012,1133350.5240000002,0,58.86,4.158,138.7395,8.953,True
24,05-10-2012,1275048.486,0,60.35,4.151,138.8256,8.693,True
24,12-10-2012,1274671.053,0,51.64,4.186,138.9117,8.693,True
24,19-10-2012,1129873.3560000001,0,52.59,4.153,138.8336129,8.693,True
24,26-10-2012,1176464.061,0,55.16,4.071,138.7281613,8.693,True
25,05-02-2010,609508.4670000001,0,21.1,2.784,204.2471935,8.187,True
25,12-02-2010,525027.618,1,19.64,2.773,204.3857472,8.187,True
25,19-02-2010,608634.603,0,24.16,2.745,204.4321004,8.187,True
25,26-02-2010,565664.913,0,29.16,2.754,204.4630869,8.187,True
25,05-03-2010,599175.0540000001,0,29.45,2.777,204.4940734,8.187,True
25,12-03-2010,594557.991,0,40.05,2.818,204.5250598,8.187,True
25,19-03-2010,593816.2559999999,0,45.0,2.844,204.3782258,8.187,True
25,26-03-2010,627018.84,0,45.84,2.854,204.201755,8.187,True
25,02-04-2010,740237.733,0,47.2,2.85,204.0252842,7.856,True
25,09-04-2010,641383.173,0,61.36,2.869,203.8488134,7.856,True
25,16-04-2010,643780.44,0,52.16,2.899,203.7307486,7.856,True
25,23-04-2010,625078.548,0,46.12,2.902,203.6905586,7.856,True
25,30-04-2010,636231.618,0,50.97,2.921,203.6503685,7.856,True
25,07-05-2010,652022.073,0,63.67,2.966,203.6101784,7.856,True
25,14-05-2010,628266.5549999999,0,50.27,2.982,203.6133915,7.856,True
25,21-05-2010,633701.898,0,57.17,2.958,203.8770235,7.856,True
25,28-05-2010,713198.2860000001,0,69.31,2.899,204.1406556,7.856,True
25,04-06-2010,687739.896,0,69.22,2.847,204.4042877,7.856,True
25,11-06-2010,663446.88,0,63.68,2.809,204.6679198,7.856,True
25,18-06-2010,702400.446,0,69.56,2.78,204.670036,7.856,True
25,25-06-2010,663812.226,0,72.17,2.808,204.5675459,7.856,True
25,02-07-2010,683467.083,0,66.42,2.815,204.4650559,7.527,True
25,09-07-2010,647632.017,0,75.24,2.793,204.3625658,7.527,True
25,16-07-2010,654298.056,0,73.43,2.783,204.3571656,7.527,True
25,23-07-2010,598761.837,0,75.37,2.771,204.4812188,7.527,True
25,30-07-2010,613911.906,0,71.99,2.781,204.605272,7.527,True
25,06-08-2010,629517.9870000001,0,71.79,2.784,204.7293252,7.527,True
25,13-08-2010,617465.1510000001,0,72.73,2.805,204.8533784,7.527,True
25,20-08-2010,652049.829,0,71.81,2.779,204.8217044,7.527,True
25,27-08-2010,640315.755,0,67.15,2.755,204.7900305,7.527,True
25,03-09-2010,617130.0719999999,0,71.17,2.715,204.7583566,7.527,True
25,10-09-2010,590230.755,1,61.14,2.699,204.7266827,7.527,True
25,17-09-2010,566090.892,0,60.13,2.706,204.7513279,7.527,True
25,24-09-2010,547037.397,0,65.06,2.713,204.8182126,7.527,True
25,01-10-2010,592776.126,0,57.56,2.707,204.8850973,7.484,True
25,08-10-2010,606855.474,0,48.46,2.764,204.951982,7.484,True
25,15-10-2010,554485.248,0,54.09,2.868,205.0137637,7.484,True
25,22-10-2010,595479.771,0,46.73,2.917,205.0627881,7.484,True
25,29-10-2010,607012.2270000001,0,55.72,2.921,205.1118126,7.484,True
25,05-11-2010,626683.077,0,38.8,2.917,205.160837,7.484,True
25,12-11-2010,641925.0719999999,0,40.68,2.931,205.2098614,7.484,True
25,19-11-2010,646251.057,0,42.72,3.0,205.0992811,7.484,True
25,26-11-2010,1003716.5490000001,1,43.43,3.039,204.9621,7.484,True
25,03-12-2010,797015.664,0,32.41,3.046,204.8249189,7.484,True
25,10-12-2010,868256.2620000001,0,22.65,3.109,204.6877378,7.484,True
25,17-12-2010,942936.831,0,21.6,3.14,204.6321194,7.484,True
25,24-12-2010,1165852.071,0,22.94,3.141,204.6376731,7.484,True
25,31-12-2010,560783.2860000001,1,25.89,3.179,204.6432267,7.484,True
25,07-01-2011,502915.167,0,29.0,3.193,204.6487803,7.343,True
25,14-01-2011,515124.747,0,18.3,3.205,204.7026042,7.343,True
25,21-01-2011,511284.213,0,23.21,3.229,205.0460497,7.343,True
25,28-01-2011,540403.821,0,18.92,3.237,205.3894952,7.343,True
25,04-02-2011,575847.405,0,23.94,3.231,205.7329407,7.343,True
25,11-02-2011,554100.1020000001,1,21.18,3.239,206.0763862,7.343,True
25,18-02-2011,571173.327,0,38.42,3.245,206.3694701,7.343,True
25,25-02-2011,513734.706,0,28.36,3.274,206.6424093,7.343,True
25,04-03-2011,576820.962,0,31.59,3.433,206.9153485,7.343,True
25,11-03-2011,539845.551,0,36.73,3.582,207.1882876,7.343,True
25,18-03-2011,543054.2760000001,0,40.94,3.631,207.4283845,7.343,True
25,25-03-2011,554691.816,0,38.51,3.625,207.6553444,7.343,True
25,01-04-2011,556540.011,0,28.5,3.638,207.8823043,7.287,True
25,08-04-2011,583745.517,0,42.11,3.72,208.1092642,7.287,True
25,15-04-2011,607106.205,0,51.43,3.821,208.3172811,7.287,True
25,22-04-2011,680929.5780000001,0,45.87,3.892,208.4779405,7.287,True
25,29-04-2011,584320.5,0,58.43,3.962,208.6386,7.287,True
25,06-05-2011,593501.895,0,49.5,4.046,208.7992595,7.287,True
25,13-05-2011,616304.8350000001,0,60.1,4.066,208.9599189,7.287,True
25,20-05-2011,610174.1969999999,0,56.56,4.062,208.7583165,7.287,True
25,27-05-2011,646536.546,0,67.18,3.985,208.556714,7.287,True
25,03-06-2011,663796.566,0,70.69,3.922,208.3551116,7.287,True
25,10-06-2011,666233.667,0,71.45,3.881,208.1535092,7.287,True
25,17-06-2011,645636.087,0,63.58,3.842,208.1265604,7.287,True
25,24-06-2011,629343.09,0,70.71,3.804,208.2306018,7.287,True
25,01-07-2011,635586.174,0,66.61,3.748,208.3346432,7.274,True
25,08-07-2011,628676.676,0,71.64,3.711,208.4386847,7.274,True
25,15-07-2011,612459.207,0,72.67,3.76,208.5309337,7.274,True
25,22-07-2011,603769.464,0,78.1,3.811,208.5937018,7.274,True
25,29-07-2011,601551.738,0,74.72,3.829,208.6564699,7.274,True
25,05-08-2011,611735.409,0,74.0,3.842,208.719238,7.274,True
25,12-08-2011,600417.432,0,70.93,3.812,208.7820061,7.274,True
25,19-08-2011,620062.875,0,68.09,3.747,208.8424359,7.274,True
25,26-08-2011,653780.295,0,66.8,3.704,208.902476,7.274,True
25,02-09-2011,629801.1,0,67.2,3.703,208.9625161,7.274,True
25,09-09-2011,605923.632,1,67.51,3.738,209.0225562,7.274,True
25,16-09-2011,565848.414,0,62.05,3.742,209.1893892,7.274,True
25,23-09-2011,558797.337,0,60.28,3.711,209.4986126,7.274,True
25,30-09-2011,575244.216,0,60.7,3.645,209.807836,7.274,True
25,07-10-2011,604370.583,0,50.82,3.583,210.1170595,7.082,True
25,14-10-2011,582223.923,0,58.95,3.541,210.4027602,7.082,True
25,21-10-2011,621607.9500000001,0,50.22,3.57,210.5473252,7.082,True
25,28-10-2011,651999.573,0,46.28,3.569,210.6918901,7.082,True
25,04-11-2011,646554.249,0,40.88,3.551,210.8364551,7.082,True
25,11-11-2011,647311.563,0,44.81,3.53,210.9810201,7.082,True
25,18-11-2011,655673.04,0,46.41,3.53,211.1847207,7.082,True
25,25-11-2011,1004590.2509999999,1,43.49,3.492,211.4120757,7.082,True
25,02-12-2011,790483.113,0,42.85,3.452,211.6394306,7.082,True
25,09-12-2011,824801.4180000001,0,38.69,3.415,211.8667856,7.082,True
25,16-12-2011,897752.223,0,33.09,3.413,212.0685039,7.082,True
25,23-12-2011,1161479.673,0,36.56,3.389,212.2360401,7.082,True
25,30-12-2011,615298.833,1,32.42,3.389,212.4035763,7.082,True
25,06-01-2012,572777.208,0,30.23,3.422,212.5711125,6.961,True
25,13-01-2012,553287.8790000001,0,34.6,3.513,212.7386486,6.961,True
25,20-01-2012,535270.4010000001,0,23.87,3.533,212.8336399,6.961,True
25,27-01-2012,530598.861,0,32.24,3.567,212.9286312,6.961,True
25,03-02-2012,578498.76,0,34.98,3.617,213.0236225,6.961,True
25,10-02-2012,593085.942,1,32.47,3.64,213.1186138,6.961,True
25,17-02-2012,588679.218,0,32.23,3.695,213.2732106,6.961,True
25,24-02-2012,552150.9450000001,0,35.51,3.739,213.4725116,6.961,True
25,02-03-2012,578840.301,0,36.01,3.816,213.6718127,6.961,True
25,09-03-2012,579340.3770000001,0,37.44,3.848,213.8711137,6.961,True
25,16-03-2012,574383.843,0,50.64,3.862,214.0167132,6.961,True
25,23-03-2012,605548.6020000001,0,62.7,3.9,214.0907105,6.961,True
25,30-03-2012,615914.028,0,47.92,3.953,214.1647079,6.961,True
25,06-04-2012,712221.2100000001,0,44.73,3.996,214.2387053,7.139,True
25,13-04-2012,592822.4040000001,0,42.46,4.044,214.3127027,7.139,True
25,20-04-2012,595409.832,0,57.1,4.027,214.3675045,7.139,True
25,27-04-2012,589641.588,0,44.2,4.004,214.4223063,7.139,True
25,04-05-2012,626779.548,0,58.76,3.951,214.4771081,7.139,True
25,11-05-2012,665879.544,0,59.21,3.889,214.5319099,7.139,True
25,18-05-2012,645486.471,0,58.21,3.848,214.5485571,7.139,True
25,25-05-2012,705033.9180000001,0,67.69,3.798,214.5499425,7.139,True
25,01-06-2012,625289.355,0,69.54,3.742,214.5513278,7.139,True
25,08-06-2012,657228.771,0,58.48,3.689,214.5527132,7.139,True
25,15-06-2012,678474.801,0,68.34,3.62,214.5653243,7.139,True
25,22-06-2012,649441.7100000001,0,73.52,3.564,214.606,7.139,True
25,29-06-2012,647001.729,0,69.84,3.506,214.6466757,7.139,True
25,06-07-2012,678046.9950000001,0,75.52,3.475,214.6873514,7.28,True
25,13-07-2012,642684.5549999999,0,73.87,3.523,214.728027,7.28,True
25,20-07-2012,617108.922,0,74.32,3.567,214.7331351,7.28,True
25,27-07-2012,593198.577,0,72.98,3.647,214.7382432,7.28,True
25,03-08-2012,638752.14,0,72.08,3.654,214.7433514,7.28,True
25,10-08-2012,639447.273,0,71.93,3.722,214.7484595,7.28,True
25,17-08-2012,655620.948,0,66.99,3.807,214.825578,7.28,True
25,24-08-2012,680874.876,0,64.53,3.834,214.9567044,7.28,True
25,31-08-2012,643345.857,0,68.55,3.867,215.0878309,7.28,True
25,07-09-2012,604334.61,1,72.79,3.911,215.2189573,7.28,True
25,14-09-2012,591517.4670000001,0,60.9,3.948,215.3583757,7.28,True
25,21-09-2012,598270.6799999999,0,57.6,4.038,215.5475459,7.28,True
25,28-09-2012,614970.7559999999,0,54.52,3.997,215.7367162,7.28,True
25,05-10-2012,629583.057,0,57.58,3.985,215.9258865,7.293,True
25,12-10-2012,627585.669,0,43.74,4.0,216.1150568,7.293,True
25,19-10-2012,616978.665,0,51.93,3.969,216.1464699,7.293,True
25,26-10-2012,620046.846,0,56.69,3.882,216.1515902,7.293,True
26,05-02-2010,930707.289,0,9.55,2.788,131.5279032,8.488,True
26,12-02-2010,914115.681,1,18.14,2.771,131.5866129,8.488,True
26,19-02-2010,899413.6950000001,0,22.62,2.747,131.637,8.488,True
26,26-02-2010,769846.5090000001,0,27.32,2.753,131.686,8.488,True
26,05-03-2010,905102.622,0,28.6,2.766,131.735,8.488,True
26,12-03-2010,867043.8809999999,0,31.1,2.805,131.784,8.488,True
26,19-03-2010,813029.895,0,35.34,2.834,131.8242903,8.488,True
26,26-03-2010,804251.7000000001,0,35.26,2.831,131.863129,8.488,True
26,02-04-2010,926864.28,0,36.53,2.826,131.9019677,8.512,True
26,09-04-2010,920064.4290000001,0,50.13,2.849,131.9408065,8.512,True
26,16-04-2010,814993.542,0,36.6,2.885,131.9809,8.512,True
26,23-04-2010,793737.783,0,39.68,2.895,132.0226667,8.512,True
26,30-04-2010,814053.465,0,40.56,2.935,132.0644333,8.512,True
26,07-05-2010,967031.757,0,54.72,2.981,132.1062,8.512,True
26,14-05-2010,875397.231,0,39.08,2.983,132.152129,8.512,True
26,21-05-2010,888088.5090000001,0,50.81,2.961,132.2230323,8.512,True
26,28-05-2010,962866.4310000001,0,61.65,2.906,132.2939355,8.512,True
26,04-06-2010,902882.3940000001,0,58.46,2.857,132.3648387,8.512,True
26,11-06-2010,966476.3310000001,0,51.62,2.83,132.4357419,8.512,True
26,18-06-2010,901158.003,0,53.62,2.805,132.4733333,8.512,True
26,25-06-2010,878617.8809999999,0,63.78,2.81,132.4976,8.512,True
26,02-07-2010,970609.932,0,58.9,2.815,132.5218667,8.445,True
26,09-07-2010,1010120.8770000001,0,71.08,2.806,132.5461333,8.445,True
26,16-07-2010,925336.548,0,67.66,2.796,132.5667742,8.445,True
26,23-07-2010,874454.058,0,65.4,2.784,132.5825806,8.445,True
26,30-07-2010,904791.8520000001,0,63.79,2.792,132.5983871,8.445,True
26,06-08-2010,1012796.7930000001,0,62.93,2.792,132.6141935,8.445,True
26,13-08-2010,910744.461,0,61.58,2.81,132.63,8.445,True
26,20-08-2010,906646.824,0,62.68,2.796,132.6616129,8.445,True
26,27-08-2010,879590.268,0,57.23,2.77,132.6932258,8.445,True
26,03-09-2010,933794.739,0,66.93,2.735,132.7248387,8.445,True
26,10-09-2010,938003.67,1,54.82,2.717,132.7564516,8.445,True
26,17-09-2010,831126.33,0,50.08,2.716,132.7670667,8.445,True
26,24-09-2010,781772.67,0,52.47,2.718,132.7619333,8.445,True
26,01-10-2010,830899.368,0,57.8,2.717,132.7568,8.149,True
26,08-10-2010,900962.5680000001,0,46.81,2.776,132.7516667,8.149,True
26,15-10-2010,844161.201,0,39.93,2.878,132.7633548,8.149,True
26,22-10-2010,824870.3940000001,0,36.13,2.919,132.8170968,8.149,True
26,29-10-2010,805562.892,0,40.3,2.938,132.8708387,8.149,True
26,05-11-2010,873202.059,0,30.51,2.938,132.9245806,8.149,True
26,12-11-2010,874073.709,0,37.51,2.961,132.9783226,8.149,True
26,19-11-2010,811775.4299999999,0,36.73,3.03,132.9172,8.149,True
26,26-11-2010,1158150.2580000001,1,28.11,3.07,132.8369333,8.149,True
26,03-12-2010,914529.2760000001,0,27.73,3.065,132.7566667,8.149,True
26,10-12-2010,1034650.836,0,16.6,3.132,132.6764,8.149,True
26,17-12-2010,1077131.9970000002,0,20.61,3.139,132.6804516,8.149,True
26,24-12-2010,1416584.223,0,21.81,3.15,132.7477419,8.149,True
26,31-12-2010,789541.461,1,18.73,3.177,132.8150323,8.149,True
26,07-01-2011,844334.289,0,21.13,3.193,132.8823226,7.907,True
26,14-01-2011,731090.961,0,16.7,3.215,132.9510645,7.907,True
26,21-01-2011,728849.889,0,12.98,3.232,133.0285161,7.907,True
26,28-01-2011,735736.626,0,5.54,3.243,133.1059677,7.907,True
26,04-02-2011,820626.3180000001,0,11.17,3.24,133.1834194,7.907,True
26,11-02-2011,909639.972,1,15.12,3.255,133.260871,7.907,True
26,18-02-2011,883780.218,0,19.63,3.263,133.3701429,7.907,True
26,25-02-2011,819268.596,0,16.3,3.281,133.4921429,7.907,True
26,04-03-2011,851078.853,0,14.31,3.437,133.6141429,7.907,True
26,11-03-2011,851953.0950000001,0,28.13,3.6,133.7361429,7.907,True
26,18-03-2011,798683.508,0,31.76,3.634,133.8492258,7.907,True
26,25-03-2011,779909.886,0,22.99,3.624,133.9587419,7.907,True
26,01-04-2011,764308.449,0,22.99,3.638,134.0682581,7.818,True
26,08-04-2011,886706.829,0,29.09,3.72,134.1777742,7.818,True
26,15-04-2011,776939.508,0,39.46,3.823,134.2784667,7.818,True
26,22-04-2011,829530.549,0,33.81,3.919,134.3571,7.818,True
26,29-04-2011,786105.261,0,47.17,3.988,134.4357333,7.818,True
26,06-05-2011,922300.407,0,45.0,4.078,134.5143667,7.818,True
26,13-05-2011,846907.965,0,48.2,4.095,134.593,7.818,True
26,20-05-2011,844501.158,0,48.86,4.101,134.6803871,7.818,True
26,27-05-2011,897051.222,0,56.74,4.034,134.7677742,7.818,True
26,03-06-2011,949008.96,0,60.49,3.973,134.8551613,7.818,True
26,10-06-2011,984652.8119999999,0,59.85,3.924,134.9425484,7.818,True
26,17-06-2011,883481.814,0,54.5,3.873,135.0837333,7.818,True
26,24-06-2011,897727.437,0,56.94,3.851,135.2652667,7.818,True
26,01-07-2011,963107.1810000001,0,59.89,3.815,135.4468,7.767,True
26,08-07-2011,1020426.327,0,63.34,3.784,135.6283333,7.767,True
26,15-07-2011,919381.23,0,64.43,3.827,135.7837419,7.767,True
26,22-07-2011,916081.02,0,69.52,3.882,135.8738387,7.767,True
26,29-07-2011,904824.4500000001,0,63.32,3.898,135.9639355,7.767,True
26,05-08-2011,996797.1869999999,0,63.16,3.903,136.0540323,7.767,True
26,12-08-2011,978880.05,0,62.99,3.88,136.144129,7.767,True
26,19-08-2011,919590.0750000001,0,60.58,3.82,136.183129,7.767,True
26,26-08-2011,958155.8580000001,0,61.1,3.796,136.2136129,7.767,True
26,02-09-2011,936128.826,0,59.67,3.784,136.2440968,7.767,True
26,09-09-2011,962739.873,1,60.98,3.809,136.2745806,7.767,True
26,16-09-2011,856412.856,0,55.19,3.809,136.3145,7.767,True
26,23-09-2011,831280.14,0,50.72,3.758,136.367,7.767,True
26,30-09-2011,863405.559,0,59.42,3.684,136.4195,7.767,True
26,07-10-2011,1017020.691,0,46.84,3.633,136.472,7.598,True
26,14-10-2011,889097.472,0,53.91,3.583,136.5150968,7.598,True
26,21-10-2011,877416.552,0,45.23,3.618,136.5017742,7.598,True
26,28-10-2011,875031.282,0,35.06,3.604,136.4884516,7.598,True
26,04-11-2011,890055.675,0,31.7,3.586,136.475129,7.598,True
26,11-11-2011,969876.117,0,40.08,3.57,136.4618065,7.598,True
26,18-11-2011,851482.611,0,37.78,3.571,136.4666667,7.598,True
26,25-11-2011,1154088.0450000002,1,31.07,3.536,136.4788,7.598,True
26,02-12-2011,911248.6410000001,0,36.74,3.501,136.4909333,7.598,True
26,09-12-2011,1034088.714,0,34.24,3.47,136.5030667,7.598,True
26,16-12-2011,1084327.047,0,28.24,3.445,136.5335161,7.598,True
26,23-12-2011,1363657.509,0,22.53,3.413,136.5883871,7.598,True
26,30-12-2011,875550.978,1,18.8,3.402,136.6432581,7.598,True
26,06-01-2012,874401.858,0,22.94,3.439,136.698129,7.467,True
26,13-01-2012,752675.0850000001,0,25.55,3.523,136.753,7.467,True
26,20-01-2012,754876.35,0,15.22,3.542,136.8564194,7.467,True
26,27-01-2012,738053.9010000001,0,24.16,3.568,136.9598387,7.467,True
26,03-02-2012,845242.425,0,25.24,3.633,137.0632581,7.467,True
26,10-02-2012,972905.0759999999,1,23.89,3.655,137.1666774,7.467,True
26,17-02-2012,869209.8840000001,0,23.9,3.703,137.2583103,7.467,True
26,24-02-2012,826132.023,0,28.06,3.751,137.3411034,7.467,True
26,02-03-2012,860077.566,0,22.49,3.827,137.4238966,7.467,True
26,09-03-2012,925712.109,0,29.03,3.876,137.5066897,7.467,True
26,16-03-2012,827553.06,0,35.06,3.867,137.5843871,7.467,True
26,23-03-2012,787311.6120000001,0,49.97,3.889,137.6552903,7.467,True
26,30-03-2012,829816.587,0,33.33,3.921,137.7261935,7.467,True
26,06-04-2012,1005146.307,0,33.35,3.957,137.7970968,7.489,True
26,13-04-2012,800703.261,0,36.9,4.025,137.868,7.489,True
26,20-04-2012,831240.018,0,50.81,4.046,137.9230667,7.489,True
26,27-04-2012,820772.1,0,43.6,4.023,137.9781333,7.489,True
26,04-05-2012,851915.961,0,40.29,3.991,138.0332,7.489,True
26,11-05-2012,956293.857,0,47.11,3.947,138.0882667,7.489,True
26,18-05-2012,880274.556,0,52.55,3.899,138.1065806,7.489,True
26,25-05-2012,960579.666,0,58.2,3.85,138.1101935,7.489,True
26,01-06-2012,914267.7270000001,0,58.51,3.798,138.1138065,7.489,True
26,08-06-2012,995559.1470000001,0,49.43,3.746,138.1174194,7.489,True
26,15-06-2012,926323.398,0,57.84,3.683,138.1295333,7.489,True
26,22-06-2012,950654.619,0,63.04,3.629,138.1629,7.489,True
26,29-06-2012,946071.396,0,60.71,3.577,138.1962667,7.489,True
26,06-07-2012,1062423.72,0,64.94,3.538,138.2296333,7.405,True
26,13-07-2012,956834.802,0,64.47,3.561,138.263,7.405,True
26,20-07-2012,944663.3099999999,0,66.75,3.61,138.2331935,7.405,True
26,27-07-2012,928570.626,0,64.12,3.701,138.2033871,7.405,True
26,03-08-2012,981823.5810000001,0,65.6,3.698,138.1735806,7.405,True
26,10-08-2012,1009328.859,0,67.01,3.772,138.1437742,7.405,True
26,17-08-2012,961463.3040000001,0,65.54,3.84,138.1857097,7.405,True
26,24-08-2012,920433.78,0,62.08,3.874,138.2814516,7.405,True
26,31-08-2012,948145.959,0,63.69,3.884,138.3771935,7.405,True
26,07-09-2012,973686.6270000001,1,61.58,3.921,138.4729355,7.405,True
26,14-09-2012,887518.7459999999,0,57.69,3.988,138.5673,7.405,True
26,21-09-2012,864975.672,0,52.68,4.056,138.6534,7.405,True
26,28-09-2012,868253.733,0,50.66,4.018,138.7395,7.405,True
26,05-10-2012,985953.834,0,54.07,4.027,138.8256,7.138,True
26,12-10-2012,940175.721,0,45.19,4.029,138.9117,7.138,True
26,19-10-2012,878020.218,0,43.51,4.0,138.8336129,7.138,True
26,26-10-2012,862757.8200000001,0,46.95,3.917,138.7281613,7.138,True
27,05-02-2010,1686860.811,0,27.19,2.954,135.3524608,8.237,True
27,12-02-2010,1570826.448,1,29.81,2.94,135.4113076,8.237,True
27,19-02-2010,1750563.297,0,32.44,2.909,135.4657781,8.237,True
27,26-02-2010,1251840.843,0,36.0,2.91,135.5195191,8.237,True
27,05-03-2010,1182356.748,0,38.07,2.919,135.5732602,8.237,True
27,12-03-2010,1732601.8080000002,0,45.98,2.938,135.6270013,8.237,True
27,19-03-2010,1530565.173,0,49.04,2.96,135.6682247,8.237,True
27,26-03-2010,1653043.3560000001,0,52.34,2.963,135.7073618,8.237,True
27,02-04-2010,1848557.673,0,46.9,2.957,135.7464988,8.058,True
27,09-04-2010,1760232.717,0,62.62,2.992,135.7856359,8.058,True
27,16-04-2010,1671750.864,0,54.95,3.01,135.82725,8.058,True
27,23-04-2010,1665184.923,0,53.91,3.021,135.8721667,8.058,True
27,30-04-2010,1625296.536,0,53.55,3.042,135.9170833,8.058,True
27,07-05-2010,1745512.956,0,69.02,3.095,135.962,8.058,True
27,14-05-2010,1658219.202,0,53.82,3.112,136.010394,8.058,True
27,21-05-2010,1652936.022,0,63.31,3.096,136.0796521,8.058,True
27,28-05-2010,1766221.803,0,67.88,3.046,136.1489101,8.058,True
27,04-06-2010,1865792.331,0,74.29,3.006,136.2181682,8.058,True
27,11-06-2010,1686431.6369999999,0,68.9,2.972,136.2874263,8.058,True
27,18-06-2010,1698464.043,0,70.0,2.942,136.3243393,8.058,True
27,25-06-2010,1766362.509,0,78.02,2.958,136.3483143,8.058,True
27,02-07-2010,1822098.6900000002,0,76.25,2.958,136.3722893,7.982,True
27,09-07-2010,1907246.7089999998,0,82.69,2.94,136.3962643,7.982,True
27,16-07-2010,1692622.476,0,78.26,2.933,136.4179827,7.982,True
27,23-07-2010,1627425.639,0,81.56,2.924,136.4366924,7.982,True
27,30-07-2010,1634840.577,0,79.78,2.932,136.4554021,7.982,True
27,06-08-2010,1717233.0119999999,0,77.45,2.942,136.4741118,7.982,True
27,13-08-2010,1677992.5080000001,0,77.36,2.923,136.4928214,7.982,True
27,20-08-2010,1743190.614,0,75.16,2.913,136.5249182,7.982,True
27,27-08-2010,1683615.789,0,70.31,2.885,136.557015,7.982,True
27,03-09-2010,1717299.81,0,78.52,2.86,136.5891118,7.982,True
27,10-09-2010,1722145.3290000001,1,70.38,2.837,136.6212085,7.982,True
27,17-09-2010,1466980.614,0,64.5,2.846,136.6338071,7.982,True
27,24-09-2010,1437302.439,0,67.08,2.837,136.6317821,7.982,True
27,01-10-2010,1389179.547,0,70.19,2.84,136.6297571,8.021,True
27,08-10-2010,1536896.583,0,57.78,2.903,136.6277321,8.021,True
27,15-10-2010,1555549.38,0,58.38,2.999,136.6401935,8.021,True
27,22-10-2010,1524541.7610000002,0,52.82,3.049,136.688871,8.021,True
27,29-10-2010,1520059.941,0,61.02,3.055,136.7375484,8.021,True
27,05-11-2010,1517409.0180000002,0,45.91,3.049,136.7862258,8.021,True
27,12-11-2010,1645209.225,0,45.9,3.065,136.8349032,8.021,True
27,19-11-2010,1534307.166,0,50.81,3.138,136.7715714,8.021,True
27,26-11-2010,2365119.6750000003,1,46.67,3.186,136.6895714,8.021,True
27,03-12-2010,1695909.303,0,41.81,3.2,136.6075714,8.021,True
27,10-12-2010,1925760.3120000002,0,30.83,3.255,136.5255714,8.021,True
27,17-12-2010,2115088.5239999997,0,31.62,3.301,136.5292811,8.021,True
27,24-12-2010,2770345.872,0,31.34,3.309,136.597273,8.021,True
27,31-12-2010,1296866.7,1,29.59,3.336,136.665265,8.021,True
27,07-01-2011,1411343.5320000001,0,34.42,3.351,136.7332569,7.827,True
27,14-01-2011,1379077.7580000001,0,25.7,3.367,136.803477,7.827,True
27,21-01-2011,1365326.91,0,30.13,3.391,136.8870657,7.827,True
27,28-01-2011,1279000.395,0,23.64,3.402,136.9706544,7.827,True
27,04-02-2011,1465290.7110000001,0,28.7,3.4,137.0542431,7.827,True
27,11-02-2011,1472602.293,1,30.45,3.416,137.1378318,7.827,True
27,18-02-2011,1538428.671,0,39.32,3.42,137.2511849,7.827,True
27,25-02-2011,1520042.139,0,33.05,3.452,137.3764439,7.827,True
27,04-03-2011,1490517.603,0,36.99,3.605,137.5017028,7.827,True
27,11-03-2011,1451933.793,0,43.64,3.752,137.6269617,7.827,True
27,18-03-2011,1462085.289,0,46.65,3.796,137.7398929,7.827,True
27,25-03-2011,1399185.972,0,40.11,3.789,137.8478929,7.827,True
27,01-04-2011,1465981.452,0,37.27,3.811,137.9558929,7.725,True
27,08-04-2011,1520859.7619999999,0,46.87,3.895,138.0638929,7.725,True
27,15-04-2011,1554458.049,0,52.24,3.981,138.1646952,7.725,True
27,22-04-2011,1729489.932,0,50.02,4.061,138.2475036,7.725,True
27,29-04-2011,1477867.176,0,61.71,4.117,138.3303119,7.725,True
27,06-05-2011,1581337.764,0,56.48,4.192,138.4131202,7.725,True
27,13-05-2011,1587190.7880000002,0,60.07,4.211,138.4959286,7.725,True
27,20-05-2011,1552741.7040000001,0,60.22,4.202,138.587106,7.725,True
27,27-05-2011,1638650.853,0,66.43,4.134,138.6782834,7.725,True
27,03-06-2011,1848337.209,0,74.17,4.069,138.7694608,7.725,True
27,10-06-2011,1636123.239,0,73.26,4.025,138.8606382,7.725,True
27,17-06-2011,1633266.081,0,67.03,3.989,139.0028333,7.725,True
27,24-06-2011,1630309.635,0,72.02,3.964,139.1832917,7.725,True
27,01-07-2011,1754985.537,0,73.76,3.916,139.36375,7.85,True
27,08-07-2011,1800049.743,0,76.87,3.886,139.5442083,7.85,True
27,15-07-2011,1585940.2110000001,0,77.83,3.915,139.7006325,7.85,True
27,22-07-2011,1579391.505,0,82.28,3.972,139.7969712,7.85,True
27,29-07-2011,1570391.154,0,79.41,4.004,139.8933099,7.85,True
27,05-08-2011,1572560.577,0,78.14,4.02,139.9896486,7.85,True
27,12-08-2011,1582594.164,0,76.67,3.995,140.0859873,7.85,True
27,19-08-2011,1603714.716,0,72.97,3.942,140.1289205,7.85,True
27,26-08-2011,1830960.702,0,72.88,3.906,140.1629528,7.85,True
27,02-09-2011,1360545.777,0,71.44,3.879,140.196985,7.85,True
27,09-09-2011,1720323.756,1,70.93,3.93,140.2310173,7.85,True
27,16-09-2011,1452396.51,0,69.65,3.937,140.2735,7.85,True
27,23-09-2011,1445587.812,0,63.61,3.899,140.32725,7.85,True
27,30-09-2011,1439663.634,0,70.92,3.858,140.381,7.85,True
27,07-10-2011,1505105.343,0,56.91,3.775,140.43475,7.906,True
27,14-10-2011,1514387.259,0,64.78,3.744,140.4784194,7.906,True
27,21-10-2011,1520632.296,0,59.62,3.757,140.4616048,7.906,True
27,28-10-2011,1539335.16,0,51.81,3.757,140.4447903,7.906,True
27,04-11-2011,1458998.37,0,44.46,3.738,140.4279758,7.906,True
27,11-11-2011,1620655.263,0,49.69,3.719,140.4111613,7.906,True
27,18-11-2011,1551365.496,0,51.42,3.717,140.4127857,7.906,True
27,25-11-2011,2253960.639,1,47.88,3.689,140.4217857,7.906,True
27,02-12-2011,1626232.266,0,50.55,3.666,140.4307857,7.906,True
27,09-12-2011,1813199.382,0,46.28,3.627,140.4397857,7.906,True
27,16-12-2011,1985327.8739999998,0,40.68,3.611,140.4700795,7.906,True
27,23-12-2011,2465117.775,0,41.59,3.587,140.528765,7.906,True
27,30-12-2011,1485544.1400000001,1,37.85,3.566,140.5874505,7.906,True
27,06-01-2012,1381758.66,0,35.8,3.585,140.6461359,8.009,True
27,13-01-2012,1343159.217,0,41.3,3.666,140.7048214,8.009,True
27,20-01-2012,1387917.945,0,30.35,3.705,140.8086118,8.009,True
27,27-01-2012,1137181.374,0,36.96,3.737,140.9124021,8.009,True
27,03-02-2012,1407821.418,0,42.52,3.796,141.0161924,8.009,True
27,10-02-2012,1486444.8150000002,1,37.86,3.826,141.1199827,8.009,True
27,17-02-2012,1445599.404,0,37.24,3.874,141.2140357,8.009,True
27,24-02-2012,1483742.1509999998,0,41.74,3.917,141.3007857,8.009,True
27,02-03-2012,1358390.7810000002,0,40.07,3.983,141.3875357,8.009,True
27,09-03-2012,1446609.069,0,44.32,4.021,141.4742857,8.009,True
27,16-03-2012,1472385.6630000002,0,49.6,4.021,141.55478,8.009,True
27,23-03-2012,1458755.4060000002,0,57.3,4.054,141.6269332,8.009,True
27,30-03-2012,1453944.726,0,49.4,4.098,141.6990864,8.009,True
27,06-04-2012,1709112.006,0,48.73,4.143,141.7712396,8.253,True
27,13-04-2012,1485364.689,0,52.22,4.187,141.8433929,8.253,True
27,20-04-2012,1475999.523,0,62.62,4.17,141.9015262,8.253,True
27,27-04-2012,1408948.956,0,52.33,4.163,141.9596595,8.253,True
27,04-05-2012,1502449.605,0,53.68,4.124,142.0177929,8.253,True
27,11-05-2012,1506875.679,0,58.97,4.055,142.0759262,8.253,True
27,18-05-2012,1536442.938,0,65.15,4.029,142.0970115,8.253,True
27,25-05-2012,1637016.057,0,64.77,3.979,142.1032776,8.253,True
27,01-06-2012,1710574.7400000002,0,73.4,3.915,142.1095438,8.253,True
27,08-06-2012,1588280.679,0,64.05,3.871,142.1158099,8.253,True
27,15-06-2012,1596150.5040000002,0,69.52,3.786,142.1292548,8.253,True
27,22-06-2012,1654096.311,0,73.23,3.722,142.1606464,8.253,True
27,29-06-2012,1658299.7880000002,0,73.94,3.667,142.1920381,8.253,True
27,06-07-2012,1856002.428,0,82.08,3.646,142.2234298,8.239,True
27,13-07-2012,1580300.577,0,78.95,3.689,142.2548214,8.239,True
27,20-07-2012,1557822.294,0,78.64,3.732,142.2337569,8.239,True
27,27-07-2012,1463295.339,0,76.01,3.82,142.2126924,8.239,True
27,03-08-2012,1535229.756,0,75.22,3.819,142.1916279,8.239,True
27,10-08-2012,1548483.534,0,78.44,3.863,142.1705634,8.239,True
27,17-08-2012,1561805.631,0,76.51,3.963,142.2157385,8.239,True
27,24-08-2012,1602399.0240000002,0,72.93,3.997,142.3105933,8.239,True
27,31-08-2012,1558741.8869999999,0,75.0,4.026,142.4054482,8.239,True
27,07-09-2012,1656859.707,1,76.0,4.076,142.500303,8.239,True
27,14-09-2012,1367644.05,0,68.72,4.088,142.5938833,8.239,True
27,21-09-2012,1401737.175,0,66.1,4.203,142.6798167,8.239,True
27,28-09-2012,1386618.8669999999,0,64.92,4.158,142.76575,8.239,True
27,05-10-2012,1432635.192,0,64.5,4.151,142.8516833,8.0,True
27,12-10-2012,1494073.161,0,55.4,4.186,142.9376167,8.0,True
27,19-10-2012,1458336.816,0,56.53,4.153,142.8633629,8.0,True
27,26-10-2012,1532742.966,0,58.99,4.071,142.7624113,8.0,True
28,05-02-2010,1505117.061,0,49.47,2.962,126.4420645,13.975,True
28,12-02-2010,1403071.641,1,47.87,2.946,126.4962581,13.975,True
28,19-02-2010,1342170.378,0,54.83,2.915,126.5262857,13.975,True
28,26-02-2010,1387955.9970000002,0,50.23,2.825,126.5522857,13.975,True
28,05-03-2010,1447591.905,0,53.77,2.987,126.5782857,13.975,True
28,12-03-2010,1194189.3990000002,0,50.11,2.925,126.6042857,13.975,True
28,19-03-2010,1151837.487,0,59.57,3.054,126.6066452,13.975,True
28,26-03-2010,1120741.8930000002,0,60.06,3.083,126.6050645,13.975,True
28,02-04-2010,1297403.46,0,59.84,3.086,126.6034839,14.099,True
28,09-04-2010,1244123.289,0,59.25,3.09,126.6019032,14.099,True
28,16-04-2010,1141416.594,0,64.95,3.109,126.5621,14.099,True
28,23-04-2010,1119759.489,0,64.55,3.05,126.4713333,14.099,True
28,30-04-2010,1068273.918,0,67.38,3.105,126.3805667,14.099,True
28,07-05-2010,1379603.898,0,70.15,3.127,126.2898,14.099,True
28,14-05-2010,1121308.857,0,68.44,3.145,126.2085484,14.099,True
28,21-05-2010,1096131.339,0,76.2,3.12,126.1843871,14.099,True
28,28-05-2010,1058929.425,0,67.84,3.058,126.1602258,14.099,True
28,04-06-2010,1389310.218,0,81.39,2.941,126.1360645,14.099,True
28,11-06-2010,1214095.653,0,90.84,2.949,126.1119032,14.099,True
28,18-06-2010,1140857.154,0,81.06,3.043,126.114,14.099,True
28,25-06-2010,1107922.563,0,87.27,3.084,126.1266,14.099,True
28,02-07-2010,1259964.135,0,91.98,3.105,126.1392,14.18,True
28,09-07-2010,1206264.4830000002,0,90.37,3.1,126.1518,14.18,True
28,16-07-2010,1102802.7689999999,0,97.18,3.094,126.1498065,14.18,True
28,23-07-2010,1085296.482,0,99.22,3.112,126.1283548,14.18,True
28,30-07-2010,1035184.239,0,96.31,3.017,126.1069032,14.18,True
28,06-08-2010,1370791.2419999999,0,92.95,3.123,126.0854516,14.18,True
28,13-08-2010,1096819.2810000002,0,87.01,3.159,126.064,14.18,True
28,20-08-2010,1076307.84,0,92.81,3.041,126.0766452,14.18,True
28,27-08-2010,1072427.328,0,93.19,3.129,126.0892903,14.18,True
28,03-09-2010,1371069.639,0,83.12,3.087,126.1019355,14.18,True
28,10-09-2010,1121455.953,1,83.63,3.044,126.1145806,14.18,True
28,17-09-2010,1043831.1150000001,0,82.45,3.028,126.1454667,14.18,True
28,24-09-2010,1000617.489,0,81.77,2.939,126.1900333,14.18,True
28,01-10-2010,1082772.369,0,85.2,3.001,126.2346,14.313,True
28,08-10-2010,1201114.6830000002,0,71.82,3.013,126.2791667,14.313,True
28,15-10-2010,1042256.691,0,75.0,2.976,126.3266774,14.313,True
28,22-10-2010,1008557.388,0,68.85,3.014,126.3815484,14.313,True
28,29-10-2010,1108519.632,0,61.09,3.016,126.4364194,14.313,True
28,05-11-2010,1351496.9340000001,0,65.49,3.129,126.4912903,14.313,True
28,12-11-2010,1139814.405,0,57.79,3.13,126.5461613,14.313,True
28,19-11-2010,1061384.148,0,58.18,3.161,126.6072,14.313,True
28,26-11-2010,1743330.1500000001,1,47.66,3.162,126.6692667,14.313,True
28,03-12-2010,1303124.661,0,43.33,3.041,126.7313333,14.313,True
28,10-12-2010,1319548.041,0,50.01,3.203,126.7934,14.313,True
28,17-12-2010,1359399.2580000001,0,52.77,3.236,126.8794839,14.313,True
28,24-12-2010,1823423.751,0,52.02,3.236,126.9835806,14.313,True
28,31-12-2010,981502.7130000001,1,45.64,3.148,127.0876774,14.313,True
28,07-01-2011,1262612.223,0,37.64,3.287,127.1917742,14.021,True
28,14-01-2011,988457.9490000001,0,43.15,3.312,127.3009355,14.021,True
28,21-01-2011,971702.1990000001,0,53.53,3.223,127.4404839,14.021,True
28,28-01-2011,1015073.721,0,50.74,3.342,127.5800323,14.021,True
28,04-02-2011,1408407.588,0,45.14,3.348,127.7195806,14.021,True
28,11-02-2011,1257571.2419999999,1,51.3,3.381,127.859129,14.021,True
28,18-02-2011,1363345.938,0,53.35,3.43,127.99525,14.021,True
28,25-02-2011,1180617.219,0,48.45,3.53,128.13,14.021,True
28,04-03-2011,1551363.219,0,51.72,3.674,128.26475,14.021,True
28,11-03-2011,1242752.715,0,57.75,3.818,128.3995,14.021,True
28,18-03-2011,1157772.339,0,64.21,3.692,128.5121935,14.021,True
28,25-03-2011,1080953.748,0,54.4,3.909,128.6160645,14.021,True
28,01-04-2011,1203154.569,0,63.63,3.772,128.7199355,13.736,True
28,08-04-2011,1273242.1500000001,0,64.47,4.003,128.8238065,13.736,True
28,15-04-2011,1116113.463,0,57.63,3.868,128.9107333,13.736,True
28,22-04-2011,1167706.8,0,72.12,4.134,128.9553,13.736,True
28,29-04-2011,1100131.1099999999,0,68.27,4.151,128.9998667,13.736,True
28,06-05-2011,1364301.342,0,68.4,4.193,129.0444333,13.736,True
28,13-05-2011,1127984.6700000002,0,70.93,4.202,129.089,13.736,True
28,20-05-2011,1036154.079,0,66.59,4.169,129.0756774,13.736,True
28,27-05-2011,1044039.582,0,76.67,4.087,129.0623548,13.736,True
28,03-06-2011,1263401.325,0,71.81,4.031,129.0490323,13.736,True
28,10-06-2011,1205975.547,0,78.72,3.981,129.0357097,13.736,True
28,17-06-2011,1141653.141,0,86.84,3.935,129.0432,13.736,True
28,24-06-2011,1087928.4060000002,0,88.95,3.898,129.0663,13.736,True
28,01-07-2011,1187149.1130000001,0,89.85,3.842,129.0894,13.503,True
28,08-07-2011,1313690.2650000001,0,89.9,3.705,129.1125,13.503,True
28,15-07-2011,1077635.817,0,88.1,3.692,129.1338387,13.503,True
28,22-07-2011,1049283.486,0,91.17,3.794,129.1507742,13.503,True
28,29-07-2011,1003077.261,0,93.29,3.805,129.1677097,13.503,True
28,05-08-2011,1371483.801,0,90.61,3.803,129.1846452,13.503,True
28,12-08-2011,1096888.446,0,91.04,3.701,129.2015806,13.503,True
28,19-08-2011,1080017.766,0,91.74,3.743,129.2405806,13.503,True
28,26-08-2011,1049831.5590000001,0,94.61,3.74,129.2832581,13.503,True
28,02-09-2011,1321984.341,0,93.66,3.798,129.3259355,13.503,True
28,09-09-2011,1179078.3,1,88.0,3.913,129.3686129,13.503,True
28,16-09-2011,1043290.8900000001,0,76.36,3.918,129.4306,13.503,True
28,23-09-2011,998195.328,0,82.95,3.789,129.5183333,13.503,True
28,30-09-2011,1008658.584,0,83.26,3.877,129.6060667,13.503,True
28,07-10-2011,1401583.1220000002,0,70.44,3.827,129.6938,12.89,True
28,14-10-2011,1098886.446,0,67.31,3.805,129.7706452,12.89,True
28,21-10-2011,1082854.845,0,73.05,3.842,129.7821613,12.89,True
28,28-10-2011,1118471.4540000001,0,67.41,3.727,129.7936774,12.89,True
28,04-11-2011,1418989.203,0,59.77,3.828,129.8051935,12.89,True
28,11-11-2011,1262389.455,0,48.76,3.824,129.8167097,12.89,True
28,18-11-2011,1129573.098,0,54.2,3.813,129.8268333,12.89,True
28,25-11-2011,1736764.443,1,53.25,3.622,129.8364,12.89,True
28,02-12-2011,1231317.3150000002,0,52.5,3.701,129.8459667,12.89,True
28,09-12-2011,1320321.87,0,42.17,3.644,129.8555333,12.89,True
28,16-12-2011,1286959.194,0,43.29,3.6,129.8980645,12.89,True
28,23-12-2011,1616583.159,0,45.4,3.541,129.9845484,12.89,True
28,30-12-2011,1143032.877,1,44.64,3.428,130.0710323,12.89,True
28,06-01-2012,1319441.463,0,50.43,3.599,130.1575161,12.187,True
28,13-01-2012,1045071.261,0,48.07,3.657,130.244,12.187,True
28,20-01-2012,1016586.432,0,46.2,3.66,130.2792258,12.187,True
28,27-01-2012,1019653.632,0,50.43,3.675,130.3144516,12.187,True
28,03-02-2012,1378439.496,0,50.58,3.702,130.3496774,12.187,True
28,10-02-2012,1415669.535,1,52.27,3.722,130.3849032,12.187,True
28,17-02-2012,1351353.312,0,51.8,3.781,130.4546207,12.187,True
28,24-02-2012,1191139.119,0,53.13,3.95,130.5502069,12.187,True
28,02-03-2012,1306566.513,0,52.27,4.178,130.6457931,12.187,True
28,09-03-2012,1512687.654,0,54.54,4.25,130.7413793,12.187,True
28,16-03-2012,1204087.941,0,64.44,4.273,130.8261935,12.187,True
28,23-03-2012,1094453.469,0,56.26,4.038,130.8966452,12.187,True
28,30-03-2012,1088571.699,0,64.36,4.294,130.9670968,12.187,True
28,06-04-2012,1403633.5110000002,0,64.05,4.121,131.0375484,11.627,True
28,13-04-2012,1161616.455,0,64.28,4.254,131.108,11.627,True
28,20-04-2012,1062717.48,0,66.73,4.222,131.1173333,11.627,True
28,27-04-2012,1053410.544,0,77.99,4.193,131.1266667,11.627,True
28,04-05-2012,1305565.965,0,76.03,4.171,131.136,11.627,True
28,11-05-2012,1138117.662,0,77.27,4.186,131.1453333,11.627,True
28,18-05-2012,1091979.405,0,84.51,4.11,131.0983226,11.627,True
28,25-05-2012,1036092.9689999999,0,83.84,4.293,131.0287742,11.627,True
28,01-06-2012,1120932.855,0,78.11,4.277,130.9592258,11.627,True
28,08-06-2012,1296618.921,0,84.83,4.103,130.8896774,11.627,True
28,15-06-2012,1106784.873,0,85.94,4.144,130.8295333,11.627,True
28,22-06-2012,1062604.395,0,91.61,4.014,130.7929,11.627,True
28,29-06-2012,1016128.782,0,90.47,3.875,130.7562667,11.627,True
28,06-07-2012,1350777.186,0,89.13,3.765,130.7196333,10.926,True
28,13-07-2012,1061923.536,0,95.61,3.723,130.683,10.926,True
28,20-07-2012,1034484.732,0,85.53,3.726,130.7012903,10.926,True
28,27-07-2012,1021531.5810000001,0,93.47,3.769,130.7195806,10.926,True
28,03-08-2012,1238868.09,0,88.16,3.76,130.737871,10.926,True
28,10-08-2012,1142202.069,0,95.91,3.811,130.7561613,10.926,True
28,17-08-2012,1065778.569,0,94.87,4.002,130.7909677,10.926,True
28,24-08-2012,1079378.631,0,85.32,4.055,130.8381613,10.926,True
28,31-08-2012,1104406.875,0,89.78,4.093,130.8853548,10.926,True
28,07-09-2012,1322724.591,1,88.52,4.124,130.9325484,10.926,True
28,14-09-2012,1012194.6930000001,0,83.64,4.133,130.9776667,10.926,True
28,21-09-2012,1021806.171,0,82.97,4.125,131.0103333,10.926,True
28,28-09-2012,1016557.7490000001,0,81.22,3.966,131.043,10.926,True
28,05-10-2012,1316646.9270000001,0,81.61,3.966,131.0756667,10.199,True
28,12-10-2012,1084983.039,0,71.74,4.468,131.1083333,10.199,True
28,19-10-2012,1029352.032,0,68.66,4.449,131.1499677,10.199,True
28,26-10-2012,1092474.549,0,65.95,4.301,131.1930968,10.199,True
29,05-02-2010,484771.01399999997,0,24.36,2.788,131.5279032,10.064,True
29,12-02-2010,476705.65499999997,1,28.14,2.771,131.5866129,10.064,True
29,19-02-2010,488159.16299999994,0,31.96,2.747,131.637,10.064,True
29,26-02-2010,439575.849,0,35.98,2.753,131.686,10.064,True
29,05-03-2010,481579.11900000006,0,36.82,2.766,131.735,10.064,True
29,12-03-2010,467138.241,0,43.43,2.805,131.784,10.064,True
29,19-03-2010,447166.44,0,46.03,2.834,131.8242903,10.064,True
29,26-03-2010,497686.806,0,48.56,2.831,131.863129,10.064,True
29,02-04-2010,539666.3250000001,0,44.96,2.826,131.9019677,10.16,True
29,09-04-2010,512943.507,0,57.06,2.849,131.9408065,10.16,True
29,16-04-2010,458190.75600000005,0,51.14,2.885,131.9809,10.16,True
29,23-04-2010,454796.69399999996,0,51.04,2.895,132.0226667,10.16,True
29,30-04-2010,450912.12299999996,0,50.96,2.935,132.0644333,10.16,True
29,07-05-2010,511647.615,0,63.81,2.981,132.1062,10.16,True
29,14-05-2010,467046.792,0,50.99,2.983,132.152129,10.16,True
29,21-05-2010,451819.63800000004,0,59.99,2.961,132.2230323,10.16,True
29,28-05-2010,519864.89400000003,0,65.64,2.906,132.2939355,10.16,True
29,04-06-2010,529215.8940000001,0,69.49,2.857,132.3648387,10.16,True
29,11-06-2010,486644.92199999996,0,65.01,2.83,132.4357419,10.16,True
29,18-06-2010,502858.566,0,67.13,2.805,132.4733333,10.16,True
29,25-06-2010,526993.9110000001,0,74.37,2.81,132.4976,10.16,True
29,02-07-2010,523326.19500000007,0,72.88,2.815,132.5218667,10.409,True
29,09-07-2010,507104.4870000001,0,79.22,2.806,132.5461333,10.409,True
29,16-07-2010,461062.809,0,76.3,2.796,132.5667742,10.409,True
29,23-07-2010,455851.88100000005,0,76.91,2.784,132.5825806,10.409,True
29,30-07-2010,458885.493,0,76.35,2.792,132.5983871,10.409,True
29,06-08-2010,467809.137,0,74.37,2.792,132.6141935,10.409,True
29,13-08-2010,445742.10000000003,0,74.75,2.81,132.63,10.409,True
29,20-08-2010,478476.171,0,73.21,2.796,132.6616129,10.409,True
29,27-08-2010,491189.517,0,68.99,2.77,132.6932258,10.409,True
29,03-09-2010,521345.142,0,75.85,2.735,132.7248387,10.409,True
29,10-09-2010,442161.333,1,68.6,2.717,132.7564516,10.409,True
29,17-09-2010,417377.601,0,62.49,2.716,132.7670667,10.409,True
29,24-09-2010,418804.56899999996,0,65.14,2.718,132.7619333,10.409,True
29,01-10-2010,427228.20900000003,0,69.31,2.717,132.7568,10.524,True
29,08-10-2010,477053.15400000004,0,56.32,2.776,132.7516667,10.524,True
29,15-10-2010,434710.521,0,55.23,2.878,132.7633548,10.524,True
29,22-10-2010,454699.053,0,50.24,2.919,132.8170968,10.524,True
29,29-10-2010,474352.73099999997,0,57.73,2.938,132.8708387,10.524,True
29,05-11-2010,468902.673,0,44.34,2.938,132.9245806,10.524,True
29,12-11-2010,472005.62999999995,0,44.42,2.961,132.9783226,10.524,True
29,19-11-2010,457357.095,0,48.62,3.03,132.9172,10.524,True
29,26-11-2010,877742.0190000001,1,44.61,3.07,132.8369333,10.524,True
29,03-12-2010,578410.677,0,39.42,3.065,132.7566667,10.524,True
29,10-12-2010,642451.2660000001,0,28.43,3.132,132.6764,10.524,True
29,17-12-2010,765484.425,0,30.46,3.139,132.6804516,10.524,True
29,24-12-2010,1017834.111,0,29.76,3.15,132.7477419,10.524,True
29,31-12-2010,419392.818,1,28.49,3.177,132.8150323,10.524,True
29,07-01-2011,410356.962,0,32.56,3.193,132.8823226,10.256,True
29,14-01-2011,384214.734,0,24.76,3.215,132.9510645,10.256,True
29,21-01-2011,400620.73500000004,0,26.8,3.232,133.0285161,10.256,True
29,28-01-2011,369384.273,0,20.61,3.243,133.1059677,10.256,True
29,04-02-2011,453714.201,0,26.39,3.24,133.1834194,10.256,True
29,11-02-2011,495349.00200000004,1,28.89,3.255,133.260871,10.256,True
29,18-02-2011,488276.289,0,35.34,3.263,133.3701429,10.256,True
29,25-02-2011,435294.135,0,30.23,3.281,133.4921429,10.256,True
29,04-03-2011,482428.503,0,33.52,3.437,133.6141429,10.256,True
29,11-03-2011,444087.405,0,41.42,3.6,133.7361429,10.256,True
29,18-03-2011,444288.087,0,43.38,3.634,133.8492258,10.256,True
29,25-03-2011,430895.745,0,38.77,3.624,133.9587419,10.256,True
29,01-04-2011,428053.734,0,36.04,3.638,134.0682581,9.966,True
29,08-04-2011,454773.897,0,44.42,3.72,134.1777742,9.966,True
29,15-04-2011,466421.37299999996,0,48.88,3.823,134.2784667,9.966,True
29,22-04-2011,530327.421,0,47.76,3.919,134.3571,9.966,True
29,29-04-2011,443770.776,0,57.2,3.988,134.4357333,9.966,True
29,06-05-2011,480935.27700000006,0,53.63,4.078,134.5143667,9.966,True
29,13-05-2011,494595.918,0,57.71,4.095,134.593,9.966,True
29,20-05-2011,443639.259,0,58.56,4.101,134.6803871,9.966,True
29,27-05-2011,495662.076,0,62.59,4.034,134.7677742,9.966,True
29,03-06-2011,538426.413,0,70.09,3.973,134.8551613,9.966,True
29,10-06-2011,502588.296,0,69.53,3.924,134.9425484,9.966,True
29,17-06-2011,483222.753,0,63.97,3.873,135.0837333,9.966,True
29,24-06-2011,490831.35300000006,0,68.53,3.851,135.2652667,9.966,True
29,01-07-2011,510403.14,0,70.8,3.815,135.4468,9.863,True
29,08-07-2011,492827.463,0,74.22,3.784,135.6283333,9.863,True
29,15-07-2011,454721.53500000003,0,75.2,3.827,135.7837419,9.863,True
29,22-07-2011,456602.175,0,77.79,3.882,135.8738387,9.863,True
29,29-07-2011,427187.754,0,75.32,3.898,135.9639355,9.863,True
29,05-08-2011,453137.733,0,75.33,3.903,136.0540323,9.863,True
29,12-08-2011,424180.35000000003,0,74.69,3.88,136.144129,9.863,True
29,19-08-2011,448250.4,0,71.3,3.82,136.183129,9.863,True
29,26-08-2011,547465.482,0,72.22,3.796,136.2136129,9.863,True
29,02-09-2011,447377.31899999996,0,69.16,3.784,136.2440968,9.863,True
29,09-09-2011,454866.048,1,69.14,3.809,136.2745806,9.863,True
29,16-09-2011,426716.415,0,68.08,3.809,136.3145,9.863,True
29,23-09-2011,428126.733,0,62.36,3.758,136.367,9.863,True
29,30-09-2011,401864.634,0,69.78,3.684,136.4195,9.863,True
29,07-10-2011,463493.7,0,56.44,3.633,136.472,9.357,True
29,14-10-2011,428198.805,0,62.63,3.583,136.5150968,9.357,True
29,21-10-2011,454561.398,0,59.3,3.618,136.5017742,9.357,True
29,28-10-2011,463607.67600000004,0,49.31,3.604,136.4884516,9.357,True
29,04-11-2011,558662.148,0,42.81,3.586,136.475129,9.357,True
29,11-11-2011,478440.558,0,47.8,3.57,136.4618065,9.357,True
29,18-11-2011,454141.16099999996,0,50.62,3.571,136.4666667,9.357,True
29,25-11-2011,821848.671,1,46.28,3.536,136.4788,9.357,True
29,02-12-2011,521886.798,0,49.11,3.501,136.4909333,9.357,True
29,09-12-2011,569916.4770000001,0,45.35,3.47,136.5030667,9.357,True
29,16-12-2011,663125.094,0,39.11,3.445,136.5335161,9.357,True
29,23-12-2011,914973.6510000001,0,39.83,3.413,136.5883871,9.357,True
29,30-12-2011,496568.74500000005,1,36.28,3.402,136.6432581,9.357,True
29,06-01-2012,422796.46499999997,0,34.61,3.439,136.698129,8.988,True
29,13-01-2012,400280.733,0,39.0,3.523,136.753,8.988,True
29,20-01-2012,402176.979,0,29.16,3.542,136.8564194,8.988,True
29,27-01-2012,356388.516,0,35.68,3.568,136.9598387,8.988,True
29,03-02-2012,443843.415,0,40.58,3.633,137.0632581,8.988,True
29,10-02-2012,491256.04500000004,1,35.68,3.655,137.1666774,8.988,True
29,17-02-2012,503646.21900000004,0,36.25,3.703,137.2583103,8.988,True
29,24-02-2012,439904.367,0,39.0,3.751,137.3411034,8.988,True
29,02-03-2012,450721.548,0,37.47,3.827,137.4238966,8.988,True
29,09-03-2012,454275.315,0,41.72,3.876,137.5066897,8.988,True
29,16-03-2012,440364.348,0,46.06,3.867,137.5843871,8.988,True
29,23-03-2012,465667.632,0,54.68,3.889,137.6552903,8.988,True
29,30-03-2012,454109.65200000006,0,46.4,3.921,137.7261935,8.988,True
29,06-04-2012,570443.895,0,46.38,3.957,137.7970968,9.14,True
29,13-04-2012,468444.44700000004,0,49.89,4.025,137.868,9.14,True
29,20-04-2012,472680.53099999996,0,58.81,4.046,137.9230667,9.14,True
29,27-04-2012,447525.198,0,51.42,4.023,137.9781333,9.14,True
29,04-05-2012,454467.456,0,50.75,3.991,138.0332,9.14,True
29,11-05-2012,476737.083,0,56.72,3.947,138.0882667,9.14,True
29,18-05-2012,489335.43600000005,0,61.9,3.899,138.1065806,9.14,True
29,25-05-2012,494699.10300000006,0,62.39,3.85,138.1101935,9.14,True
29,01-06-2012,518627.115,0,70.01,3.798,138.1138065,9.14,True
29,08-06-2012,498683.835,0,61.71,3.746,138.1174194,9.14,True
29,15-06-2012,497104.884,0,66.56,3.683,138.1295333,9.14,True
29,22-06-2012,523669.05,0,70.61,3.629,138.1629,9.14,True
29,29-06-2012,500358.717,0,70.99,3.577,138.1962667,9.14,True
29,06-07-2012,520949.16900000005,0,77.41,3.538,138.2296333,9.419,True
29,13-07-2012,463238.78400000004,0,75.81,3.561,138.263,9.419,True
29,20-07-2012,456034.824,0,76.57,3.61,138.2331935,9.419,True
29,27-07-2012,427642.416,0,73.52,3.701,138.2033871,9.419,True
29,03-08-2012,454279.266,0,72.99,3.698,138.1735806,9.419,True
29,10-08-2012,466765.578,0,76.74,3.772,138.1437742,9.419,True
29,17-08-2012,375193.494,0,74.92,3.84,138.1857097,9.419,True
29,24-08-2012,553523.535,0,70.42,3.874,138.2814516,9.419,True
29,31-08-2012,491260.41900000005,0,71.93,3.884,138.3771935,9.419,True
29,07-09-2012,486730.665,1,73.3,3.921,138.4729355,9.419,True
29,14-09-2012,427614.462,0,66.42,3.988,138.5673,9.419,True
29,21-09-2012,440171.307,0,63.38,4.056,138.6534,9.419,True
29,28-09-2012,440706.807,0,62.17,4.018,138.7395,9.419,True
29,05-10-2012,468569.52,0,62.09,4.027,138.8256,9.151,True
29,12-10-2012,462363.3,0,54.18,4.029,138.9117,9.151,True
29,19-10-2012,465218.316,0,55.28,4.0,138.8336129,9.151,True
29,26-10-2012,481473.6120000001,0,57.58,3.917,138.7281613,9.151,True
30,05-02-2010,418597.668,0,39.05,2.572,210.7526053,8.324,True
30,12-02-2010,447637.113,1,37.77,2.548,210.8979935,8.324,True
30,19-02-2010,417161.934,0,39.75,2.514,210.9451605,8.324,True
30,26-02-2010,425097.639,0,45.31,2.561,210.9759573,8.324,True
30,05-03-2010,425331.963,0,48.61,2.625,211.0067542,8.324,True
30,12-03-2010,421370.937,0,57.1,2.667,211.037551,8.324,True
30,19-03-2010,401162.724,0,54.68,2.72,210.8733316,8.324,True
30,26-03-2010,398211.615,0,51.66,2.732,210.6766095,8.324,True
30,02-04-2010,412095.654,0,64.12,2.719,210.4798874,8.2,True
30,09-04-2010,409320.864,0,65.74,2.77,210.2831653,8.2,True
30,16-04-2010,423948.744,0,67.87,2.808,210.1495463,8.2,True
30,23-04-2010,416208.951,0,64.21,2.795,210.1000648,8.2,True
30,30-04-2010,410526.30600000004,0,66.93,2.78,210.0505833,8.2,True
30,07-05-2010,412095.54600000003,0,70.87,2.835,210.0011018,8.2,True
30,14-05-2010,415681.281,0,73.08,2.854,209.9984585,8.2,True
30,21-05-2010,410176.656,0,74.24,2.826,210.2768443,8.2,True
30,28-05-2010,416226.744,0,80.94,2.759,210.5552301,8.2,True
30,04-06-2010,412509.33,0,82.68,2.705,210.833616,8.2,True
30,11-06-2010,400977.144,0,83.51,2.668,211.1120018,8.2,True
30,18-06-2010,402954.76800000004,0,86.18,2.637,211.1096543,8.2,True
30,25-06-2010,407889.216,0,87.01,2.653,210.9950134,8.2,True
30,02-07-2010,405303.723,0,82.29,2.669,210.8803726,8.099,True
30,09-07-2010,392664.06000000006,0,81.67,2.642,210.7657317,8.099,True
30,16-07-2010,394261.83900000004,0,85.61,2.623,210.7577954,8.099,True
30,23-07-2010,396442.19700000004,0,87.17,2.608,210.8921319,8.099,True
30,30-07-2010,394104.384,0,83.59,2.64,211.0264684,8.099,True
30,06-08-2010,397266.354,0,90.3,2.627,211.1608049,8.099,True
30,13-08-2010,399744.063,0,89.65,2.692,211.2951413,8.099,True
30,20-08-2010,402425.82,0,89.58,2.664,211.2596586,8.099,True
30,27-08-2010,399429.70200000005,0,86.2,2.619,211.2241759,8.099,True
30,03-09-2010,415394.082,0,82.57,2.577,211.1886931,8.099,True
30,10-09-2010,409646.62799999997,1,79.3,2.565,211.1532104,8.099,True
30,17-09-2010,415852.371,0,83.03,2.582,211.1806415,8.099,True
30,24-09-2010,403552.953,0,80.79,2.624,211.2552578,8.099,True
30,01-10-2010,400927.77,0,70.28,2.603,211.3298742,8.163,True
30,08-10-2010,415872.423,0,65.76,2.633,211.4044906,8.163,True
30,15-10-2010,408549.50100000005,0,68.61,2.72,211.4713286,8.163,True
30,22-10-2010,413668.566,0,70.72,2.725,211.5187208,8.163,True
30,29-10-2010,394500.951,0,67.51,2.716,211.5661131,8.163,True
30,05-11-2010,436195.683,0,58.71,2.689,211.6135053,8.163,True
30,12-11-2010,388139.976,0,60.95,2.728,211.6608975,8.163,True
30,19-11-2010,381336.92100000003,0,51.71,2.771,211.5470304,8.163,True
30,26-11-2010,416459.124,1,62.96,2.735,211.4062867,8.163,True
30,03-12-2010,366400.99799999996,0,50.43,2.708,211.265543,8.163,True
30,10-12-2010,385768.719,0,46.35,2.843,211.1247993,8.163,True
30,17-12-2010,400799.052,0,48.63,2.869,211.0645458,8.163,True
30,24-12-2010,467419.392,0,51.29,2.886,211.0646599,8.163,True
30,31-12-2010,357867.918,1,47.19,2.943,211.064774,8.163,True
30,07-01-2011,405969.489,0,44.24,2.976,211.0648881,8.028,True
30,14-01-2011,418867.848,0,34.14,2.983,211.1176713,8.028,True
30,21-01-2011,395219.358,0,42.72,3.016,211.4864691,8.028,True
30,28-01-2011,383390.136,0,44.04,3.01,211.8552668,8.028,True
30,04-02-2011,441873.85500000004,0,36.33,2.989,212.2240646,8.028,True
30,11-02-2011,423829.116,1,34.61,3.022,212.5928624,8.028,True
30,18-02-2011,375363.45900000003,0,59.87,3.045,212.9033115,8.028,True
30,25-02-2011,389419.173,0,61.27,3.065,213.190421,8.028,True
30,04-03-2011,399001.239,0,59.52,3.288,213.4775305,8.028,True
30,11-03-2011,394676.829,0,54.69,3.459,213.7646401,8.028,True
30,18-03-2011,382923.75600000005,0,63.26,3.488,214.0156238,8.028,True
30,25-03-2011,388578.609,0,70.33,3.473,214.2521573,8.028,True
30,01-04-2011,394134.111,0,56.36,3.524,214.4886908,7.931,True
30,08-04-2011,399500.55,0,68.62,3.622,214.7252242,7.931,True
30,15-04-2011,384000.228,0,71.01,3.743,214.9420631,7.931,True
30,22-04-2011,400822.857,0,70.79,3.807,215.1096657,7.931,True
30,29-04-2011,381318.48000000004,0,70.19,3.81,215.2772683,7.931,True
30,06-05-2011,394910.568,0,61.87,3.906,215.4448709,7.931,True
30,13-05-2011,382153.13100000005,0,75.04,3.899,215.6124735,7.931,True
30,20-05-2011,391591.98000000004,0,68.36,3.907,215.3834778,7.931,True
30,27-05-2011,386375.238,0,76.86,3.786,215.1544822,7.931,True
30,03-06-2011,389527.632,0,83.82,3.699,214.9254865,7.931,True
30,10-06-2011,382227.345,0,84.71,3.648,214.6964908,7.931,True
30,17-06-2011,391932.927,0,87.54,3.637,214.6513538,7.931,True
30,24-06-2011,380444.166,0,85.72,3.594,214.7441108,7.931,True
30,01-07-2011,385904.142,0,87.57,3.524,214.8368678,7.852,True
30,08-07-2011,377787.933,0,89.16,3.48,214.9296249,7.852,True
30,15-07-2011,378464.06700000004,0,91.05,3.575,215.0134426,7.852,True
30,22-07-2011,381097.58400000003,0,90.27,3.651,215.0749122,7.852,True
30,29-07-2011,372821.364,0,91.56,3.682,215.1363819,7.852,True
30,05-08-2011,388618.776,0,94.22,3.684,215.1978515,7.852,True
30,12-08-2011,371002.203,0,92.32,3.638,215.2593211,7.852,True
30,19-08-2011,373005.549,0,90.11,3.554,215.3229307,7.852,True
30,26-08-2011,349150.347,0,92.07,3.523,215.386897,7.852,True
30,02-09-2011,332750.088,0,91.94,3.533,215.4508632,7.852,True
30,09-09-2011,333808.038,1,78.87,3.546,215.5148295,7.852,True
30,16-09-2011,344623.19399999996,0,80.62,3.526,215.6944378,7.852,True
30,23-09-2011,352653.804,0,75.68,3.467,216.0282356,7.852,True
30,30-09-2011,348301.017,0,78.91,3.355,216.3620333,7.852,True
30,07-10-2011,375775.434,0,71.64,3.285,216.6958311,7.441,True
30,14-10-2011,369640.791,0,69.79,3.274,217.0048261,7.441,True
30,21-10-2011,386062.677,0,65.16,3.353,217.1650042,7.441,True
30,28-10-2011,383536.69200000004,0,65.46,3.372,217.3251824,7.441,True
30,04-11-2011,389123.136,0,56.01,3.332,217.4853605,7.441,True
30,11-11-2011,368717.967,0,59.8,3.297,217.6455387,7.441,True
30,18-11-2011,392816.367,0,61.9,3.308,217.8670218,7.441,True
30,25-11-2011,406947.537,1,56.43,3.236,218.1130269,7.441,True
30,02-12-2011,371147.175,0,48.72,3.172,218.3590319,7.441,True
30,09-12-2011,393066.918,0,41.44,3.158,218.605037,7.441,True
30,16-12-2011,397138.57200000004,0,50.56,3.159,218.8217928,7.441,True
30,23-12-2011,442820.412,0,46.54,3.112,218.9995495,7.441,True
30,30-12-2011,339099.705,1,45.16,3.129,219.1773063,7.441,True
30,06-01-2012,411327.774,0,48.1,3.157,219.355063,7.057,True
30,13-01-2012,402321.519,0,45.0,3.261,219.5328198,7.057,True
30,20-01-2012,394884.558,0,52.21,3.268,219.6258417,7.057,True
30,27-01-2012,389733.894,0,50.79,3.29,219.7188636,7.057,True
30,03-02-2012,390672.666,0,55.83,3.36,219.8118854,7.057,True
30,10-02-2012,406229.391,1,46.52,3.409,219.9049073,7.057,True
30,17-02-2012,391598.199,0,45.03,3.51,220.0651993,7.057,True
30,24-02-2012,382694.139,0,54.81,3.555,220.275944,7.057,True
30,02-03-2012,394776.549,0,59.3,3.63,220.4866886,7.057,True
30,09-03-2012,401956.101,0,57.16,3.669,220.6974332,7.057,True
30,16-03-2012,372255.705,0,63.39,3.734,220.8498468,7.057,True
30,23-03-2012,387200.673,0,62.96,3.787,220.9244858,7.057,True
30,30-03-2012,404643.519,0,67.87,3.845,220.9991248,7.057,True
30,06-04-2012,415360.728,0,69.02,3.891,221.0737638,6.891,True
30,13-04-2012,385906.23000000004,0,69.03,3.891,221.1484028,6.891,True
30,20-04-2012,416618.469,0,66.97,3.877,221.2021074,6.891,True
30,27-04-2012,390370.347,0,69.21,3.814,221.255812,6.891,True
30,04-05-2012,409029.78599999996,0,77.53,3.749,221.3095166,6.891,True
30,11-05-2012,392463.405,0,74.14,3.688,221.3632212,6.891,True
30,18-05-2012,414850.62600000005,0,72.42,3.63,221.380331,6.891,True
30,25-05-2012,404420.31899999996,0,79.49,3.561,221.3828029,6.891,True
30,01-06-2012,384319.062,0,79.24,3.501,221.3852748,6.891,True
30,08-06-2012,393500.646,0,79.47,3.452,221.3877467,6.891,True
30,15-06-2012,394670.916,0,81.51,3.393,221.4009901,6.891,True
30,22-06-2012,385699.167,0,81.78,3.346,221.4411622,6.891,True
30,29-06-2012,380873.16000000003,0,88.05,3.286,221.4813343,6.891,True
30,06-07-2012,396498.078,0,85.26,3.227,221.5215064,6.565,True
30,13-07-2012,375876.30600000004,0,82.51,3.256,221.5616784,6.565,True
30,20-07-2012,384741.936,0,84.25,3.311,221.5701123,6.565,True
30,27-07-2012,382123.053,0,88.09,3.407,221.5785461,6.565,True
30,03-08-2012,382622.895,0,91.57,3.417,221.5869799,6.565,True
30,10-08-2012,387790.45200000005,0,89.57,3.494,221.5954138,6.565,True
30,17-08-2012,381016.03500000003,0,85.55,3.571,221.6751459,6.565,True
30,24-08-2012,382766.98500000004,0,77.72,3.62,221.8083518,6.565,True
30,31-08-2012,395219.25,0,83.58,3.638,221.9415576,6.565,True
30,07-09-2012,390209.193,1,88.4,3.73,222.0747635,6.565,True
30,14-09-2012,393995.979,0,76.1,3.717,222.2174395,6.565,True
30,21-09-2012,399502.476,0,71.54,3.721,222.4169362,6.565,True
30,28-09-2012,382869.03599999996,0,80.38,3.666,222.6164329,6.565,True
30,05-10-2012,402076.305,0,70.28,3.617,222.8159296,6.17,True
30,12-10-2012,391133.934,0,61.53,3.601,223.0154263,6.17,True
30,19-10-2012,393783.561,0,68.52,3.594,223.0598077,6.17,True
30,26-10-2012,395482.05,0,70.5,3.506,223.0783366,6.17,True
31,05-02-2010,1322326.845,0,39.05,2.572,210.7526053,8.324,True
31,12-02-2010,1389552.507,1,37.77,2.548,210.8979935,8.324,True
31,19-02-2010,1326048.075,0,39.75,2.514,210.9451605,8.324,True
31,26-02-2010,1209918.969,0,45.31,2.561,210.9759573,8.324,True
31,05-03-2010,1246383.459,0,48.61,2.625,211.0067542,8.324,True
31,12-03-2010,1229574.0150000001,0,57.1,2.667,211.037551,8.324,True
31,19-03-2010,1199034.909,0,54.68,2.72,210.8733316,8.324,True
31,26-03-2010,1106672.13,0,51.66,2.732,210.6766095,8.324,True
31,02-04-2010,1221840.612,0,64.12,2.719,210.4798874,8.2,True
31,09-04-2010,1256139.081,0,65.74,2.77,210.2831653,8.2,True
31,16-04-2010,1230703.452,0,67.87,2.808,210.1495463,8.2,True
31,23-04-2010,1152419.22,0,64.21,2.795,210.1000648,8.2,True
31,30-04-2010,1118880.216,0,66.93,2.78,210.0505833,8.2,True
31,07-05-2010,1243617.12,0,70.87,2.835,210.0011018,8.2,True
31,14-05-2010,1158559.7310000001,0,73.08,2.854,209.9984585,8.2,True
31,21-05-2010,1203665.04,0,74.24,2.826,210.2768443,8.2,True
31,28-05-2010,1178493.453,0,80.94,2.759,210.5552301,8.2,True
31,04-06-2010,1284862.05,0,82.68,2.705,210.833616,8.2,True
31,11-06-2010,1239383.097,0,83.51,2.668,211.1120018,8.2,True
31,18-06-2010,1231281.0720000002,0,86.18,2.637,211.1096543,8.2,True
31,25-06-2010,1173171.357,0,87.01,2.653,210.9950134,8.2,True
31,02-07-2010,1180534.428,0,82.29,2.669,210.8803726,8.099,True
31,09-07-2010,1183606.56,0,81.67,2.642,210.7657317,8.099,True
31,16-07-2010,1201890.348,0,85.61,2.623,210.7577954,8.099,True
31,23-07-2010,1148428.6560000002,0,87.17,2.608,210.8921319,8.099,True
31,30-07-2010,1108793.826,0,83.59,2.64,211.0264684,8.099,True
31,06-08-2010,1217160.972,0,90.3,2.627,211.1608049,8.099,True
31,13-08-2010,1194947.4060000002,0,89.65,2.692,211.2951413,8.099,True
31,20-08-2010,1238914.089,0,89.58,2.664,211.2596586,8.099,True
31,27-08-2010,1193959.7820000001,0,86.2,2.619,211.2241759,8.099,True
31,03-09-2010,1171842.732,0,82.57,2.577,211.1886931,8.099,True
31,10-09-2010,1177361.118,1,79.3,2.565,211.1532104,8.099,True
31,17-09-2010,1164694.509,0,83.03,2.582,211.1806415,8.099,True
31,24-09-2010,1107225.225,0,80.79,2.624,211.2552578,8.099,True
31,01-10-2010,1092583.476,0,70.28,2.603,211.3298742,8.163,True
31,08-10-2010,1170118.5119999999,0,65.76,2.633,211.4044906,8.163,True
31,15-10-2010,1139267.187,0,68.61,2.72,211.4713286,8.163,True
31,22-10-2010,1136060.361,0,70.72,2.725,211.5187208,8.163,True
31,29-10-2010,1132129.152,0,67.51,2.716,211.5661131,8.163,True
31,05-11-2010,1192010.148,0,58.71,2.689,211.6135053,8.163,True
31,12-11-2010,1217502.6840000001,0,60.95,2.728,211.6608975,8.163,True
31,19-11-2010,1223242.713,0,51.71,2.771,211.5470304,8.163,True
31,26-11-2010,1672970.4540000001,1,62.96,2.735,211.4062867,8.163,True
31,03-12-2010,1204844.7330000002,0,50.43,2.708,211.265543,8.163,True
31,10-12-2010,1328116.59,0,46.35,2.843,211.1247993,8.163,True
31,17-12-2010,1543200.3,0,48.63,2.869,211.0645458,8.163,True
31,24-12-2010,1862048.673,0,51.29,2.886,211.0646599,8.163,True
31,31-12-2010,1078264.4400000002,1,47.19,2.943,211.064774,8.163,True
31,07-01-2011,1180788.1830000002,0,44.24,2.976,211.0648881,8.028,True
31,14-01-2011,1215657.279,0,34.14,2.983,211.1176713,8.028,True
31,21-01-2011,1209750.417,0,42.72,3.016,211.4864691,8.028,True
31,28-01-2011,1129460.112,0,44.04,3.01,211.8552668,8.028,True
31,04-02-2011,1298885.814,0,36.33,2.989,212.2240646,8.028,True
31,11-02-2011,1385307.2880000002,1,34.61,3.022,212.5928624,8.028,True
31,18-02-2011,1385157.5189999999,0,59.87,3.045,212.9033115,8.028,True
31,25-02-2011,1229110.398,0,61.27,3.065,213.190421,8.028,True
31,04-03-2011,1271449.062,0,59.52,3.288,213.4775305,8.028,True
31,11-03-2011,1265015.6369999999,0,54.69,3.459,213.7646401,8.028,True
31,18-03-2011,1283003.118,0,63.26,3.488,214.0156238,8.028,True
31,25-03-2011,1221332.4900000002,0,70.33,3.473,214.2521573,8.028,True
31,01-04-2011,1210401.6570000001,0,56.36,3.524,214.4886908,7.931,True
31,08-04-2011,1275111.153,0,68.62,3.622,214.7252242,7.931,True
31,15-04-2011,1267617.672,0,71.01,3.743,214.9420631,7.931,True
31,22-04-2011,1315254.5189999999,0,70.79,3.807,215.1096657,7.931,True
31,29-04-2011,1198024.164,0,70.19,3.81,215.2772683,7.931,True
31,06-05-2011,1249880.049,0,61.87,3.906,215.4448709,7.931,True
31,13-05-2011,1267306.398,0,75.04,3.899,215.6124735,7.931,True
31,20-05-2011,1248628.671,0,68.36,3.907,215.3834778,7.931,True
31,27-05-2011,1208046.2759999998,0,76.86,3.786,215.1544822,7.931,True
31,03-06-2011,1287313.29,0,83.82,3.699,214.9254865,7.931,True
31,10-06-2011,1282769.4330000002,0,84.71,3.648,214.6964908,7.931,True
31,17-06-2011,1341935.226,0,87.54,3.637,214.6513538,7.931,True
31,24-06-2011,1238366.214,0,85.72,3.594,214.7441108,7.931,True
31,01-07-2011,1234700.343,0,87.57,3.524,214.8368678,7.852,True
31,08-07-2011,1280830.023,0,89.16,3.48,214.9296249,7.852,True
31,15-07-2011,1273926.5189999999,0,91.05,3.575,215.0134426,7.852,True
31,22-07-2011,1261750.32,0,90.27,3.651,215.0749122,7.852,True
31,29-07-2011,1177309.935,0,91.56,3.682,215.1363819,7.852,True
31,05-08-2011,1286093.9970000002,0,94.22,3.684,215.1978515,7.852,True
31,12-08-2011,1298980.341,0,92.32,3.638,215.2593211,7.852,True
31,19-08-2011,1338788.277,0,90.11,3.554,215.3229307,7.852,True
31,26-08-2011,1275540.3630000001,0,92.07,3.523,215.386897,7.852,True
31,02-09-2011,1247192.127,0,91.94,3.533,215.4508632,7.852,True
31,09-09-2011,1239003.243,1,78.87,3.546,215.5148295,7.852,True
31,16-09-2011,1227114.7740000002,0,80.62,3.526,215.6944378,7.852,True
31,23-09-2011,1212846.966,0,75.68,3.467,216.0282356,7.852,True
31,30-09-2011,1156981.266,0,78.91,3.355,216.3620333,7.852,True
31,07-10-2011,1284644.916,0,71.64,3.285,216.6958311,7.441,True
31,14-10-2011,1240506.162,0,69.79,3.274,217.0048261,7.441,True
31,21-10-2011,1268379.3599999999,0,65.16,3.353,217.1650042,7.441,True
31,28-10-2011,1212176.448,0,65.46,3.372,217.3251824,7.441,True
31,04-11-2011,1283764.914,0,56.01,3.332,217.4853605,7.441,True
31,11-11-2011,1300305.2759999998,0,59.8,3.297,217.6455387,7.441,True
31,18-11-2011,1300657.311,0,61.9,3.308,217.8670218,7.441,True
31,25-11-2011,1740689.685,1,56.43,3.236,218.1130269,7.441,True
31,02-12-2011,1249928.487,0,48.72,3.172,218.3590319,7.441,True
31,09-12-2011,1401119.046,0,41.44,3.158,218.605037,7.441,True
31,16-12-2011,1450076.949,0,50.56,3.159,218.8217928,7.441,True
31,23-12-2011,1823558.5259999998,0,46.54,3.112,218.9995495,7.441,True
31,30-12-2011,1219865.355,1,45.16,3.129,219.1773063,7.441,True
31,06-01-2012,1261109.2680000002,0,48.1,3.157,219.355063,7.057,True
31,13-01-2012,1239736.6080000002,0,45.0,3.261,219.5328198,7.057,True
31,20-01-2012,1235254.41,0,52.21,3.268,219.6258417,7.057,True
31,27-01-2012,1133947.332,0,50.79,3.29,219.7188636,7.057,True
31,03-02-2012,1252331.919,0,55.83,3.36,219.8118854,7.057,True
31,10-02-2012,1374919.722,1,46.52,3.409,219.9049073,7.057,True
31,17-02-2012,1413732.168,0,45.03,3.51,220.0651993,7.057,True
31,24-02-2012,1253289.033,0,54.81,3.555,220.275944,7.057,True
31,02-03-2012,1285093.098,0,59.3,3.63,220.4866886,7.057,True
31,09-03-2012,1295131.374,0,57.16,3.669,220.6974332,7.057,True
31,16-03-2012,1333555.317,0,63.39,3.734,220.8498468,7.057,True
31,23-03-2012,1229242.473,0,62.96,3.787,220.9244858,7.057,True
31,30-03-2012,1186968.798,0,67.87,3.845,220.9991248,7.057,True
31,06-04-2012,1346552.8290000001,0,69.02,3.891,221.0737638,6.891,True
31,13-04-2012,1267058.619,0,69.03,3.891,221.1484028,6.891,True
31,20-04-2012,1266332.931,0,66.97,3.877,221.2021074,6.891,True
31,27-04-2012,1180217.0250000001,0,69.21,3.814,221.255812,6.891,True
31,04-05-2012,1252131.5520000001,0,77.53,3.749,221.3095166,6.891,True
31,11-05-2012,1253644.2540000002,0,74.14,3.688,221.3632212,6.891,True
31,18-05-2012,1297326.438,0,72.42,3.63,221.380331,6.891,True
31,25-05-2012,1257384.834,0,79.49,3.561,221.3828029,6.891,True
31,01-06-2012,1264064.661,0,79.24,3.501,221.3852748,6.891,True
31,08-06-2012,1298957.2110000001,0,79.47,3.452,221.3877467,6.891,True
31,15-06-2012,1287903.087,0,81.51,3.393,221.4009901,6.891,True
31,22-06-2012,1254659.1840000001,0,81.78,3.346,221.4411622,6.891,True
31,29-06-2012,1214282.0250000001,0,88.05,3.286,221.4813343,6.891,True
31,06-07-2012,1312253.478,0,85.26,3.227,221.5215064,6.565,True
31,13-07-2012,1236871.206,0,82.51,3.256,221.5616784,6.565,True
31,20-07-2012,1253155.68,0,84.25,3.311,221.5701123,6.565,True
31,27-07-2012,1173359.124,0,88.09,3.407,221.5785461,6.565,True
31,03-08-2012,1251157.167,0,91.57,3.417,221.5869799,6.565,True
31,10-08-2012,1247825.331,0,89.57,3.494,221.5954138,6.565,True
31,17-08-2012,1269163.53,0,85.55,3.571,221.6751459,6.565,True
31,24-08-2012,1241804.889,0,77.72,3.62,221.8083518,6.565,True
31,31-08-2012,1236286.341,0,83.58,3.638,221.9415576,6.565,True
31,07-09-2012,1222300.458,1,88.4,3.73,222.0747635,6.565,True
31,14-09-2012,1194934.896,0,76.1,3.717,222.2174395,6.565,True
31,21-09-2012,1235758.3830000001,0,71.54,3.721,222.4169362,6.565,True
31,28-09-2012,1151172.522,0,80.38,3.666,222.6164329,6.565,True
31,05-10-2012,1227028.5450000002,0,70.28,3.617,222.8159296,6.17,True
31,12-10-2012,1261002.078,0,61.53,3.601,223.0154263,6.17,True
31,19-10-2012,1240857.405,0,68.52,3.594,223.0598077,6.17,True
31,26-10-2012,1206209.2950000002,0,70.5,3.506,223.0783366,6.17,True
32,05-02-2010,978854.571,0,34.43,2.58,189.3816974,9.014,True
32,12-02-2010,1011209.5080000001,1,28.09,2.572,189.4642725,9.014,True
32,19-02-2010,974303.1540000001,0,29.16,2.55,189.5340998,9.014,True
32,26-02-2010,947922.3900000001,0,26.64,2.586,189.6018023,9.014,True
32,05-03-2010,959910.066,0,37.72,2.62,189.6695049,9.014,True
32,12-03-2010,983987.4330000001,0,39.88,2.684,189.7372075,9.014,True
32,19-03-2010,953803.6020000001,0,42.43,2.692,189.734262,9.014,True
32,26-03-2010,968419.4220000001,0,36.59,2.717,189.7195417,9.014,True
32,02-04-2010,1018559.646,0,48.28,2.725,189.7048215,8.963,True
32,09-04-2010,986300.298,0,44.88,2.75,189.6901012,8.963,True
32,16-04-2010,974486.9430000001,0,53.49,2.765,189.6628845,8.963,True
32,23-04-2010,965227.3200000001,0,50.06,2.776,189.6190057,8.963,True
32,30-04-2010,960113.367,0,47.51,2.766,189.575127,8.963,True
32,07-05-2010,1020291.822,0,48.94,2.771,189.5312483,8.963,True
32,14-05-2010,971383.0680000001,0,46.42,2.788,189.4904116,8.963,True
32,21-05-2010,1029437.4150000002,0,55.89,2.776,189.467827,8.963,True
32,28-05-2010,1085096.5650000002,0,64.69,2.737,189.4452425,8.963,True
32,04-06-2010,1034311.464,0,66.69,2.7,189.422658,8.963,True
32,11-06-2010,1072866.681,0,70.86,2.684,189.4000734,8.963,True
32,18-06-2010,1035172.548,0,60.94,2.674,189.4185259,8.963,True
32,25-06-2010,1012287.366,0,72.42,2.715,189.4533931,8.963,True
32,02-07-2010,1069189.7759999998,0,74.74,2.728,189.4882603,9.017,True
32,09-07-2010,969528.303,0,67.55,2.711,189.5231276,9.017,True
32,16-07-2010,1008155.0160000001,0,76.2,2.699,189.6125456,9.017,True
32,23-07-2010,998616.6990000001,0,75.69,2.691,189.774698,9.017,True
32,30-07-2010,958815.5040000001,0,75.62,2.69,189.9368504,9.017,True
32,06-08-2010,1030096.881,0,72.95,2.69,190.0990028,9.017,True
32,13-08-2010,1042178.112,0,74.97,2.723,190.2611552,9.017,True
32,20-08-2010,1070899.074,0,71.46,2.732,190.2948237,9.017,True
32,27-08-2010,1026450.927,0,74.95,2.731,190.3284922,9.017,True
32,03-09-2010,986339.2590000001,0,70.2,2.773,190.3621607,9.017,True
32,10-09-2010,925771.851,1,68.44,2.78,190.3958293,9.017,True
32,17-09-2010,939566.124,0,67.17,2.8,190.4688287,9.017,True
32,24-09-2010,960688.8900000001,0,64.19,2.793,190.5713264,9.017,True
32,01-10-2010,954980.604,0,66.14,2.759,190.6738241,9.137,True
32,08-10-2010,976935.096,0,61.81,2.745,190.7763218,9.137,True
32,15-10-2010,987023.592,0,52.96,2.762,190.8623087,9.137,True
32,22-10-2010,991966.5,0,52.3,2.762,190.9070184,9.137,True
32,29-10-2010,1003624.659,0,45.45,2.748,190.951728,9.137,True
32,05-11-2010,956750.589,0,49.2,2.729,190.9964377,9.137,True
32,12-11-2010,1026917.1990000001,0,42.3,2.737,191.0411474,9.137,True
32,19-11-2010,1035656.901,0,36.24,2.758,191.0312172,9.137,True
32,26-11-2010,1471172.2740000002,1,29.97,2.742,191.0121805,9.137,True
32,03-12-2010,1080803.304,0,35.18,2.712,190.9931437,9.137,True
32,10-12-2010,1239590.457,0,36.62,2.728,190.9741069,9.137,True
32,17-12-2010,1401998.4900000002,0,36.07,2.778,191.0303376,9.137,True
32,24-12-2010,1754264.826,0,30.72,2.781,191.1430189,9.137,True
32,31-12-2010,859917.456,1,27.7,2.829,191.2557002,9.137,True
32,07-01-2011,941774.5530000001,0,23.78,2.882,191.3683815,8.818,True
32,14-01-2011,925385.859,0,21.69,2.911,191.4784939,8.818,True
32,21-01-2011,970514.019,0,34.54,2.973,191.5731924,8.818,True
32,28-01-2011,906133.365,0,34.86,3.008,191.667891,8.818,True
32,04-02-2011,963412.02,0,15.47,3.011,191.7625895,8.818,True
32,11-02-2011,1011921.48,1,18.51,3.037,191.8572881,8.818,True
32,18-02-2011,1065175.722,0,42.09,3.051,191.9178331,8.818,True
32,25-02-2011,949279.203,0,33.0,3.101,191.9647167,8.818,True
32,04-03-2011,996162.8580000001,0,39.17,3.232,192.0116004,8.818,True
32,11-03-2011,991312.389,0,36.51,3.372,192.058484,8.818,True
32,18-03-2011,990688.9500000001,0,45.25,3.406,192.1237981,8.818,True
32,25-03-2011,961847.298,0,46.7,3.414,192.1964844,8.818,True
32,01-04-2011,946008.9180000001,0,44.83,3.461,192.2691707,8.595,True
32,08-04-2011,992678.0310000001,0,48.81,3.532,192.3418571,8.595,True
32,15-04-2011,1008457.3259999999,0,45.97,3.611,192.4225954,8.595,True
32,22-04-2011,1089542.619,0,48.69,3.636,192.5234638,8.595,True
32,29-04-2011,996745.0950000001,0,44.86,3.663,192.6243322,8.595,True
32,06-05-2011,1063614.195,0,46.65,3.735,192.7252006,8.595,True
32,13-05-2011,1024346.484,0,56.09,3.767,192.826069,8.595,True
32,20-05-2011,1030576.284,0,45.71,3.828,192.831317,8.595,True
32,27-05-2011,1057902.741,0,55.13,3.795,192.8365651,8.595,True
32,03-06-2011,1050981.3,0,61.25,3.763,192.8418131,8.595,True
32,10-06-2011,1115767.206,0,65.49,3.735,192.8470612,8.595,True
32,17-06-2011,1072828.2419999999,0,67.38,3.697,192.9034759,8.595,True
32,24-06-2011,1047482.5680000001,0,65.06,3.661,192.9982655,8.595,True
32,01-07-2011,1079860.7610000002,0,72.86,3.597,193.0930552,8.622,True
32,08-07-2011,999220.0680000001,0,72.56,3.54,193.1878448,8.622,True
32,15-07-2011,1029828.834,0,70.55,3.532,193.3125484,8.622,True
32,22-07-2011,1067107.0320000001,0,76.0,3.545,193.5120367,8.622,True
32,29-07-2011,1052989.7580000001,0,75.91,3.547,193.711525,8.622,True
32,05-08-2011,1081524.726,0,74.83,3.554,193.9110133,8.622,True
32,12-08-2011,1086116.166,0,74.2,3.542,194.1105017,8.622,True
32,19-08-2011,1099186.353,0,73.72,3.499,194.2500634,8.622,True
32,26-08-2011,1065366.819,0,75.64,3.485,194.3796374,8.622,True
32,02-09-2011,1036905.75,0,74.6,3.511,194.5092113,8.622,True
32,09-09-2011,1015413.5700000001,1,61.24,3.566,194.6387853,8.622,True
32,16-09-2011,1028249.3250000001,0,60.88,3.596,194.7419707,8.622,True
32,23-09-2011,1004526.261,0,58.66,3.581,194.8099713,8.622,True
32,30-09-2011,980049.582,0,65.04,3.538,194.8779718,8.622,True
32,07-10-2011,1034503.218,0,62.62,3.498,194.9459724,8.513,True
32,14-10-2011,1057878.234,0,50.15,3.491,195.0261012,8.513,True
32,21-10-2011,1036132.866,0,48.87,3.548,195.1789994,8.513,True
32,28-10-2011,1066852.764,0,42.76,3.55,195.3318977,8.513,True
32,04-11-2011,1084165.452,0,37.95,3.527,195.4847959,8.513,True
32,11-11-2011,1064459.7,0,38.1,3.505,195.6376941,8.513,True
32,18-11-2011,1063486.395,0,42.61,3.479,195.7184713,8.513,True
32,25-11-2011,1516021.794,1,40.22,3.424,195.7704,8.513,True
32,02-12-2011,1061796.4919999999,0,33.8,3.378,195.8223287,8.513,True
32,09-12-2011,1274172.219,0,17.94,3.331,195.8742575,8.513,True
32,16-12-2011,1400416.119,0,26.23,3.266,195.9841685,8.513,True
32,23-12-2011,1763574.264,0,25.97,3.173,196.1713893,8.513,True
32,30-12-2011,992130.8849999999,1,32.99,3.119,196.3586101,8.513,True
32,06-01-2012,989943.525,0,36.75,3.095,196.5458309,8.256,True
32,13-01-2012,964438.5240000001,0,28.99,3.077,196.7330517,8.256,True
32,20-01-2012,972010.836,0,36.86,3.055,196.7796652,8.256,True
32,27-01-2012,946678.1400000001,0,36.67,3.038,196.8262786,8.256,True
32,03-02-2012,1041143.6790000001,0,35.89,3.031,196.8728921,8.256,True
32,10-02-2012,1016480.5740000001,1,23.34,3.103,196.9195056,8.256,True
32,17-02-2012,1119431.331,0,24.26,3.113,196.9432711,8.256,True
32,24-02-2012,982640.448,0,33.41,3.129,196.9499007,8.256,True
32,02-03-2012,1037999.6009999999,0,33.4,3.191,196.9565303,8.256,True
32,09-03-2012,1012084.173,0,39.9,3.286,196.9631599,8.256,True
32,16-03-2012,1024291.0619999999,0,51.51,3.486,197.0457208,8.256,True
32,23-03-2012,1031969.214,0,47.64,3.664,197.2295234,8.256,True
32,30-03-2012,997818.1830000001,0,56.09,3.75,197.4133259,8.256,True
32,06-04-2012,1143519.3090000001,0,51.49,3.854,197.5971285,8.09,True
32,13-04-2012,1054651.023,0,52.1,3.901,197.780931,8.09,True
32,20-04-2012,1009265.3189999999,0,49.15,3.936,197.7227385,8.09,True
32,27-04-2012,1014266.196,0,61.76,3.927,197.664546,8.09,True
32,04-05-2012,1068646.077,0,58.29,3.903,197.6063534,8.09,True
32,11-05-2012,1068345.963,0,55.4,3.87,197.5481609,8.09,True
32,18-05-2012,1059785.739,0,57.46,3.837,197.5553137,8.09,True
32,25-05-2012,1109505.798,0,59.74,3.804,197.5886046,8.09,True
32,01-06-2012,1041802.011,0,62.84,3.764,197.6218954,8.09,True
32,08-06-2012,1121690.196,0,71.14,3.741,197.6551863,8.09,True
32,15-06-2012,1111283.5860000001,0,70.91,3.723,197.692292,8.09,True
32,22-06-2012,1077192.0990000002,0,74.85,3.735,197.7389345,8.09,True
32,29-06-2012,1060390.6290000002,0,81.95,3.693,197.785577,8.09,True
32,06-07-2012,1092765.573,0,78.68,3.646,197.8322195,7.872,True
32,13-07-2012,1027066.1939999999,0,71.57,3.613,197.8788621,7.872,True
32,20-07-2012,1051046.397,0,77.76,3.585,197.9290378,7.872,True
32,27-07-2012,1030411.368,0,77.56,3.57,197.9792136,7.872,True
32,03-08-2012,1065214.215,0,75.09,3.528,198.0293893,7.872,True
32,10-08-2012,1104722.28,0,75.93,3.509,198.0795651,7.872,True
32,17-08-2012,1135175.7330000002,0,70.75,3.545,198.1001057,7.872,True
32,24-08-2012,1145528.199,0,70.12,3.558,198.0984199,7.872,True
32,31-08-2012,1065581.343,0,76.12,3.556,198.0967341,7.872,True
32,07-09-2012,1014017.355,1,72.56,3.596,198.0950484,7.872,True
32,14-09-2012,1040739.723,0,64.05,3.659,198.1267184,7.872,True
32,21-09-2012,1043207.6400000001,0,63.49,3.765,198.358523,7.872,True
32,28-09-2012,1041400.0349999999,0,60.62,3.789,198.5903276,7.872,True
32,05-10-2012,1082497.716,0,55.34,3.779,198.8221322,7.557,True
32,12-10-2012,1059013.179,0,43.49,3.76,199.0539368,7.557,True
32,19-10-2012,1079362.854,0,53.57,3.75,199.1481963,7.557,True
32,26-10-2012,1097981.361,0,47.22,3.686,199.2195317,7.557,True
33,05-02-2010,247134.087,0,58.4,2.962,126.4420645,10.115,True
33,12-02-2010,265394.547,1,55.47,2.828,126.4962581,10.115,True
33,19-02-2010,267165.74700000003,0,62.16,2.915,126.5262857,10.115,True
33,26-02-2010,255647.49300000002,0,56.5,2.825,126.5522857,10.115,True
33,05-03-2010,262336.401,0,59.17,2.877,126.5782857,10.115,True
33,12-03-2010,280944.9,0,55.61,3.034,126.6042857,10.115,True
33,19-03-2010,254012.15699999998,0,64.6,3.054,126.6066452,10.115,True
33,26-03-2010,236604.38400000002,0,64.09,2.98,126.6050645,10.115,True
33,02-04-2010,247171.06800000003,0,66.79,3.086,126.6034839,9.849,True
33,09-04-2010,292680.945,0,68.43,3.004,126.6019032,9.849,True
33,16-04-2010,277001.67600000004,0,72.44,3.109,126.5621,9.849,True
33,23-04-2010,236936.71800000002,0,71.59,3.05,126.4713333,9.849,True
33,30-04-2010,248294.90699999998,0,73.29,3.105,126.3805667,9.849,True
33,07-05-2010,294183.117,0,75.4,3.127,126.2898,9.849,True
33,14-05-2010,298056.15900000004,0,76.8,3.145,126.2085484,9.849,True
33,21-05-2010,264837.78,0,82.8,3.12,126.1843871,9.849,True
33,28-05-2010,251321.69700000001,0,78.47,3.058,126.1602258,9.849,True
33,04-06-2010,256590.0,0,86.06,2.941,126.1360645,9.849,True
33,11-06-2010,279720.711,0,93.52,3.057,126.1119032,9.849,True
33,18-06-2010,245159.17200000002,0,87.69,2.935,126.114,9.849,True
33,25-06-2010,233477.919,0,93.66,3.084,126.1266,9.849,True
33,02-07-2010,240746.184,0,97.66,2.978,126.1392,9.495,True
33,09-07-2010,272181.537,0,95.88,3.1,126.1518,9.495,True
33,16-07-2010,252844.05600000004,0,100.14,2.971,126.1498065,9.495,True
33,23-07-2010,227460.87900000002,0,97.04,3.112,126.1283548,9.495,True
33,30-07-2010,217842.327,0,92.71,3.017,126.1069032,9.495,True
33,06-08-2010,236510.95500000002,0,92.51,3.123,126.0854516,9.495,True
33,13-08-2010,238830.75900000002,0,95.57,3.049,126.064,9.495,True
33,20-08-2010,207467.541,0,96.46,3.041,126.0766452,9.495,True
33,27-08-2010,201628.071,0,94.0,3.022,126.0892903,9.495,True
33,03-09-2010,213665.238,0,90.82,3.087,126.1019355,9.495,True
33,10-09-2010,245551.39200000002,1,91.77,2.961,126.1145806,9.495,True
33,17-09-2010,221649.462,0,89.43,3.028,126.1454667,9.495,True
33,24-09-2010,208779.156,0,91.18,2.939,126.1900333,9.495,True
33,01-10-2010,201864.95100000003,0,91.45,3.001,126.2346,9.265,True
33,08-10-2010,239835.771,0,79.02,2.924,126.2791667,9.265,True
33,15-10-2010,226559.62800000003,0,80.49,3.08,126.3266774,9.265,True
33,22-10-2010,210758.328,0,74.2,3.014,126.3815484,9.265,True
33,29-10-2010,192184.488,0,71.34,3.13,126.4364194,9.265,True
33,05-11-2010,221512.149,0,74.23,3.009,126.4912903,9.265,True
33,12-11-2010,245523.546,0,65.21,3.13,126.5461613,9.265,True
33,19-11-2010,202175.784,0,61.95,3.047,126.6072,9.265,True
33,26-11-2010,216040.113,1,56.87,3.162,126.6692667,9.265,True
33,03-12-2010,188987.625,0,52.82,3.041,126.7313333,9.265,True
33,10-12-2010,227745.09,0,60.72,3.091,126.7934,9.265,True
33,17-12-2010,214987.73400000003,0,61.12,3.125,126.8794839,9.265,True
33,24-12-2010,224322.12,0,60.43,3.236,126.9835806,9.265,True
33,31-12-2010,197824.36500000002,1,52.91,3.148,127.0876774,9.265,True
33,07-01-2011,219553.93800000002,0,46.25,3.287,127.1917742,8.951,True
33,14-01-2011,233574.975,0,53.63,3.312,127.3009355,8.951,True
33,21-01-2011,220370.796,0,59.46,3.336,127.4404839,8.951,True
33,28-01-2011,208040.31,0,56.62,3.231,127.5800323,8.951,True
33,04-02-2011,210796.227,0,49.26,3.348,127.7195806,8.951,True
33,11-02-2011,248578.866,1,53.35,3.381,127.859129,8.951,True
33,18-02-2011,227114.64,0,62.03,3.43,127.99525,8.951,True
33,25-02-2011,218611.089,0,54.89,3.398,128.13,8.951,True
33,04-03-2011,220892.22,0,59.51,3.674,128.26475,8.951,True
33,11-03-2011,243829.296,0,66.51,3.63,128.3995,8.951,True
33,18-03-2011,222511.02300000002,0,72.72,3.892,128.5121935,8.951,True
33,25-03-2011,214275.672,0,63.34,3.716,128.6160645,8.951,True
33,01-04-2011,209492.181,0,71.41,3.772,128.7199355,8.687,True
33,08-04-2011,244732.25699999998,0,75.11,3.818,128.8238065,8.687,True
33,15-04-2011,248174.604,0,64.64,4.089,128.9107333,8.687,True
33,22-04-2011,223742.97,0,79.46,3.917,128.9553,8.687,True
33,29-04-2011,223705.674,0,77.44,4.151,128.9998667,8.687,True
33,06-05-2011,231328.071,0,77.92,4.193,129.0444333,8.687,True
33,13-05-2011,251520.183,0,78.24,4.202,129.089,8.687,True
33,20-05-2011,215285.63400000002,0,76.07,3.99,129.0756774,8.687,True
33,27-05-2011,215488.665,0,82.32,3.933,129.0623548,8.687,True
33,03-06-2011,219129.327,0,82.93,3.893,129.0490323,8.687,True
33,10-06-2011,232584.651,0,87.02,3.981,129.0357097,8.687,True
33,17-06-2011,214355.394,0,91.11,3.935,129.0432,8.687,True
33,24-06-2011,214590.177,0,94.11,3.807,129.0663,8.687,True
33,01-07-2011,204032.12399999998,0,98.43,3.842,129.0894,8.442,True
33,08-07-2011,236445.939,0,96.44,3.793,129.1125,8.442,True
33,15-07-2011,238503.123,0,92.83,3.779,129.1338387,8.442,True
33,22-07-2011,215023.54499999998,0,97.17,3.697,129.1507742,8.442,True
33,29-07-2011,202326.264,0,95.28,3.694,129.1677097,8.442,True
33,05-08-2011,218210.75100000002,0,96.93,3.803,129.1846452,8.442,True
33,12-08-2011,247249.66499999998,0,96.0,3.794,129.2015806,8.442,True
33,19-08-2011,218494.233,0,95.89,3.743,129.2405806,8.442,True
33,26-08-2011,213386.238,0,99.66,3.663,129.2832581,8.442,True
33,02-09-2011,215278.524,0,99.2,3.798,129.3259355,8.442,True
33,09-09-2011,253658.05200000003,1,96.22,3.771,129.3686129,8.442,True
33,16-09-2011,236166.81300000002,0,85.79,3.784,129.4306,8.442,True
33,23-09-2011,211313.808,0,88.93,3.789,129.5183333,8.442,True
33,30-09-2011,206758.782,0,89.1,3.877,129.6060667,8.442,True
33,07-10-2011,235943.217,0,81.16,3.827,129.6938,8.01,True
33,14-10-2011,245238.597,0,76.49,3.698,129.7706452,8.01,True
33,21-10-2011,210188.772,0,81.74,3.842,129.7821613,8.01,True
33,28-10-2011,208187.964,0,76.73,3.843,129.7936774,8.01,True
33,04-11-2011,212541.408,0,71.91,3.828,129.8051935,8.01,True
33,11-11-2011,244764.936,0,58.75,3.677,129.8167097,8.01,True
33,18-11-2011,226165.05000000002,0,63.35,3.669,129.8268333,8.01,True
33,25-11-2011,230396.823,1,62.35,3.76,129.8364,8.01,True
33,02-12-2011,198054.315,0,59.12,3.701,129.8459667,8.01,True
33,09-12-2011,243335.745,0,47.7,3.644,129.8555333,8.01,True
33,16-12-2011,233674.515,0,53.18,3.489,129.8980645,8.01,True
33,23-12-2011,230611.671,0,53.39,3.541,129.9845484,8.01,True
33,30-12-2011,193823.289,1,51.6,3.428,130.0710323,8.01,True
33,06-01-2012,240352.27200000003,0,60.92,3.443,130.1575161,7.603,True
33,13-01-2012,251502.498,0,54.61,3.477,130.244,7.603,True
33,20-01-2012,220409.28000000003,0,55.99,3.66,130.2792258,7.603,True
33,27-01-2012,213228.441,0,56.33,3.675,130.3144516,7.603,True
33,03-02-2012,230482.18800000002,0,59.53,3.543,130.3496774,7.603,True
33,10-02-2012,254297.32200000001,1,59.94,3.722,130.3849032,7.603,True
33,17-02-2012,239670.88199999998,0,57.8,3.781,130.4546207,7.603,True
33,24-02-2012,218274.03000000003,0,59.41,3.95,130.5502069,7.603,True
33,02-03-2012,223246.377,0,60.91,3.882,130.6457931,7.603,True
33,09-03-2012,258611.661,0,62.2,3.963,130.7413793,7.603,True
33,16-03-2012,250260.957,0,65.99,4.273,130.8261935,7.603,True
33,23-03-2012,222273.873,0,60.82,4.288,130.8966452,7.603,True
33,30-03-2012,226194.90300000002,0,71.34,4.294,130.9670968,7.603,True
33,06-04-2012,248320.773,0,70.75,4.282,131.0375484,7.396,True
33,13-04-2012,281428.803,0,73.17,4.254,131.108,7.396,True
33,20-04-2012,235653.48,0,72.94,4.111,131.1173333,7.396,True
33,27-04-2012,224818.875,0,83.07,4.088,131.1266667,7.396,True
33,04-05-2012,243447.75900000002,0,82.43,4.058,131.136,7.396,True
33,11-05-2012,266257.656,0,81.02,4.186,131.1453333,7.396,True
33,18-05-2012,249209.95500000002,0,89.81,4.308,131.0983226,7.396,True
33,25-05-2012,235666.566,0,88.89,4.127,131.0287742,7.396,True
33,01-06-2012,235017.981,0,83.57,4.277,130.9592258,7.396,True
33,08-06-2012,257474.48400000003,0,90.94,4.103,130.8896774,7.396,True
33,15-06-2012,261399.87900000002,0,92.44,4.144,130.8295333,7.396,True
33,22-06-2012,235499.66100000002,0,95.75,4.014,130.7929,7.396,True
33,29-06-2012,219904.479,0,98.15,3.875,130.7562667,7.396,True
33,06-07-2012,246321.333,0,93.21,3.666,130.7196333,7.147,True
33,13-07-2012,258330.276,0,97.6,3.723,130.683,7.147,True
33,20-07-2012,227885.301,0,91.49,3.589,130.7012903,7.147,True
33,27-07-2012,224220.888,0,93.95,3.769,130.7195806,7.147,True
33,03-08-2012,232679.808,0,92.13,3.595,130.737871,7.147,True
33,10-08-2012,267978.141,0,100.07,3.811,130.7561613,7.147,True
33,17-08-2012,243087.98400000003,0,96.79,4.002,130.7909677,7.147,True
33,24-08-2012,222905.304,0,89.62,4.055,130.8381613,7.147,True
33,31-08-2012,213416.829,0,94.55,3.886,130.8853548,7.147,True
33,07-09-2012,257785.90200000003,1,92.02,4.124,130.9325484,7.147,True
33,14-09-2012,249675.77700000003,0,83.4,3.966,130.9776667,7.147,True
33,21-09-2012,227438.622,0,86.53,4.125,131.0103333,7.147,True
33,28-09-2012,218532.159,0,86.42,3.966,131.043,7.147,True
33,05-10-2012,238900.41000000003,0,85.18,4.132,131.0756667,6.895,True
33,12-10-2012,262603.03500000003,0,79.64,4.468,131.1083333,6.895,True
33,19-10-2012,228971.106,0,75.55,4.449,131.1499677,6.895,True
33,26-10-2012,228358.01700000002,0,73.7,4.301,131.1930968,6.895,True
34,05-02-2010,860606.064,0,35.44,2.598,126.4420645,9.521,True
34,12-02-2010,895149.8910000001,1,36.13,2.573,126.4962581,9.521,True
34,19-02-2010,885566.7629999999,0,38.36,2.54,126.5262857,9.521,True
34,26-02-2010,815180.517,0,37.28,2.59,126.5522857,9.521,True
34,05-03-2010,826466.211,0,42.65,2.654,126.5782857,9.521,True
34,12-03-2010,829123.0920000001,0,42.26,2.704,126.6042857,9.521,True
34,19-03-2010,802863.738,0,45.86,2.743,126.6066452,9.521,True
34,26-03-2010,792668.115,0,42.91,2.752,126.6050645,9.521,True
34,02-04-2010,881485.794,0,50.07,2.74,126.6034839,9.593,True
34,09-04-2010,855615.78,0,51.26,2.773,126.6019032,9.593,True
34,16-04-2010,831010.086,0,59.18,2.81,126.5621,9.593,True
34,23-04-2010,819216.6120000001,0,55.04,2.805,126.4713333,9.593,True
34,30-04-2010,773929.971,0,56.58,2.787,126.3805667,9.593,True
34,07-05-2010,858145.932,0,57.39,2.836,126.2898,9.593,True
34,14-05-2010,840531.9959999999,0,60.74,2.845,126.2085484,9.593,True
34,21-05-2010,822254.688,0,63.99,2.82,126.1843871,9.593,True
34,28-05-2010,848581.542,0,68.68,2.756,126.1602258,9.593,True
34,04-06-2010,869568.7590000001,0,72.17,2.701,126.1360645,9.593,True
34,11-06-2010,859213.4040000001,0,80.84,2.668,126.1119032,9.593,True
34,18-06-2010,847450.836,0,73.48,2.635,126.114,9.593,True
34,25-06-2010,806220.063,0,78.47,2.654,126.1266,9.593,True
34,02-07-2010,827306.424,0,73.66,2.668,126.1392,9.816,True
34,09-07-2010,820089.729,0,75.0,2.637,126.1518,9.816,True
34,16-07-2010,837242.8110000001,0,78.53,2.621,126.1498065,9.816,True
34,23-07-2010,811845.855,0,79.58,2.612,126.1283548,9.816,True
34,30-07-2010,788379.147,0,72.26,2.65,126.1069032,9.816,True
34,06-08-2010,888691.815,0,73.8,2.64,126.0854516,9.816,True
34,13-08-2010,856087.785,0,76.72,2.698,126.064,9.816,True
34,20-08-2010,886637.646,0,76.45,2.671,126.0766452,9.816,True
34,27-08-2010,769879.251,0,72.87,2.621,126.0892903,9.816,True
34,03-09-2010,867921.066,0,72.59,2.584,126.1019355,9.816,True
34,10-09-2010,839016.864,1,72.61,2.574,126.1145806,9.816,True
34,17-09-2010,796900.923,0,70.71,2.594,126.1454667,9.816,True
34,24-09-2010,780785.163,0,69.78,2.642,126.1900333,9.816,True
34,01-10-2010,779138.199,0,70.13,2.619,126.2346,10.21,True
34,08-10-2010,838539.603,0,65.21,2.645,126.2791667,10.21,True
34,15-10-2010,799833.258,0,59.57,2.732,126.3266774,10.21,True
34,22-10-2010,842664.24,0,58.11,2.736,126.3815484,10.21,True
34,29-10-2010,833664.618,0,50.78,2.718,126.4364194,10.21,True
34,05-11-2010,875063.079,0,52.43,2.699,126.4912903,10.21,True
34,12-11-2010,881757.702,0,47.2,2.741,126.5461613,10.21,True
34,19-11-2010,860189.6969999999,0,40.93,2.78,126.6072,10.21,True
34,26-11-2010,1178529.0119999999,1,41.13,2.752,126.6692667,10.21,True
34,03-12-2010,901360.989,0,34.7,2.727,126.7313333,10.21,True
34,10-12-2010,977994.9180000001,0,41.93,2.86,126.7934,10.21,True
34,17-12-2010,1104433.317,0,42.64,2.884,126.8794839,10.21,True
34,24-12-2010,1458673.425,0,42.74,2.887,126.9835806,10.21,True
34,31-12-2010,811898.721,1,34.11,2.955,127.0876774,10.21,True
34,07-01-2011,810582.2459999999,0,24.5,2.98,127.1917742,10.398,True
34,14-01-2011,808749.297,0,30.75,2.992,127.3009355,10.398,True
34,21-01-2011,801922.851,0,39.57,3.017,127.4404839,10.398,True
34,28-01-2011,753045.975,0,34.68,3.022,127.5800323,10.398,True
34,04-02-2011,874739.583,0,23.82,2.996,127.7195806,10.398,True
34,11-02-2011,914089.14,1,28.66,3.033,127.859129,10.398,True
34,18-02-2011,956366.3700000001,0,45.12,3.058,127.99525,10.398,True
34,25-02-2011,857998.3049999999,0,44.57,3.087,128.13,10.398,True
34,04-03-2011,867519.729,0,46.21,3.305,128.26475,10.398,True
34,11-03-2011,849556.503,0,45.87,3.461,128.3995,10.398,True
34,18-03-2011,912796.92,0,55.58,3.495,128.5121935,10.398,True
34,25-03-2011,830608.542,0,53.11,3.48,128.6160645,10.398,True
34,01-04-2011,795810.3030000001,0,55.46,3.521,128.7199355,10.581,True
34,08-04-2011,877931.847,0,58.59,3.605,128.8238065,10.581,True
34,15-04-2011,847646.1,0,53.3,3.724,128.9107333,10.581,True
34,22-04-2011,946366.605,0,63.83,3.781,128.9553,10.581,True
34,29-04-2011,806375.718,0,57.73,3.781,128.9998667,10.581,True
34,06-05-2011,869268.222,0,54.4,3.866,129.0444333,10.581,True
34,13-05-2011,869609.421,0,63.05,3.872,129.089,10.581,True
34,20-05-2011,850516.9469999999,0,61.47,3.881,129.0756774,10.581,True
34,27-05-2011,847180.647,0,65.99,3.771,129.0623548,10.581,True
34,03-06-2011,852506.316,0,74.64,3.683,129.0490323,10.581,True
34,10-06-2011,849521.493,0,74.57,3.64,129.0357097,10.581,True
34,17-06-2011,871432.281,0,76.58,3.618,129.0432,10.581,True
34,24-06-2011,831415.5360000001,0,77.16,3.57,129.0663,10.581,True
34,01-07-2011,819995.598,0,81.96,3.504,129.0894,10.641,True
34,08-07-2011,834241.113,0,80.84,3.469,129.1125,10.641,True
34,15-07-2011,813494.664,0,78.09,3.563,129.1338387,10.641,True
34,22-07-2011,821912.958,0,80.75,3.627,129.1507742,10.641,True
34,29-07-2011,766315.7100000001,0,78.04,3.659,129.1677097,10.641,True
34,05-08-2011,848012.8049999999,0,76.71,3.662,129.1846452,10.641,True
34,12-08-2011,860626.062,0,80.23,3.617,129.2015806,10.641,True
34,19-08-2011,864376.6860000001,0,77.08,3.55,129.2405806,10.641,True
34,26-08-2011,784264.14,0,77.27,3.523,129.2832581,10.641,True
34,02-09-2011,833810.076,0,78.24,3.533,129.3259355,10.641,True
34,09-09-2011,837455.5260000001,1,70.05,3.554,129.3686129,10.641,True
34,16-09-2011,834524.649,0,64.94,3.532,129.4306,10.641,True
34,23-09-2011,812567.457,0,66.23,3.473,129.5183333,10.641,True
34,30-09-2011,784663.065,0,69.44,3.371,129.6060667,10.641,True
34,07-10-2011,858662.505,0,60.42,3.299,129.6938,10.148,True
34,14-10-2011,820609.9110000001,0,54.72,3.283,129.7706452,10.148,True
34,21-10-2011,858323.907,0,58.93,3.361,129.7821613,10.148,True
34,28-10-2011,862257.483,0,54.56,3.362,129.7936774,10.148,True
34,04-11-2011,893359.7370000001,0,48.04,3.322,129.8051935,10.148,True
34,11-11-2011,892413.018,0,41.04,3.286,129.8167097,10.148,True
34,18-11-2011,852797.196,0,46.0,3.294,129.8268333,10.148,True
34,25-11-2011,1211036.2380000001,1,45.99,3.225,129.8364,10.148,True
34,02-12-2011,889867.872,0,39.75,3.176,129.8459667,10.148,True
34,09-12-2011,975819.519,0,24.69,3.153,129.8555333,10.148,True
34,16-12-2011,1035947.5740000001,0,32.31,3.149,129.8980645,10.148,True
34,23-12-2011,1434290.364,0,32.45,3.103,129.9845484,10.148,True
34,30-12-2011,868961.124,1,28.84,3.119,130.0710323,10.148,True
34,06-01-2012,858460.365,0,36.39,3.158,130.1575161,9.653,True
34,13-01-2012,822379.608,0,33.99,3.263,130.244,9.653,True
34,20-01-2012,819809.145,0,39.28,3.273,130.2792258,9.653,True
34,27-01-2012,785205.333,0,39.81,3.29,130.3144516,9.653,True
34,03-02-2012,845430.426,0,38.64,3.354,130.3496774,9.653,True
34,10-02-2012,942892.281,1,36.7,3.411,130.3849032,9.653,True
34,17-02-2012,1011101.859,0,37.25,3.493,130.4546207,9.653,True
34,24-02-2012,855138.816,0,39.89,3.541,130.5502069,9.653,True
34,02-03-2012,891237.33,0,42.74,3.619,130.6457931,9.653,True
34,09-03-2012,878754.087,0,42.7,3.667,130.7413793,9.653,True
34,16-03-2012,899368.587,0,48.09,3.707,130.8261935,9.653,True
34,23-03-2012,850628.997,0,47.93,3.759,130.8966452,9.653,True
34,30-03-2012,844975.593,0,59.29,3.82,130.9670968,9.653,True
34,06-04-2012,981918.3330000001,0,54.42,3.864,131.0375484,9.575,True
34,13-04-2012,888618.285,0,59.12,3.881,131.108,9.575,True
34,20-04-2012,879865.902,0,55.34,3.864,131.1173333,9.575,True
34,27-04-2012,846269.883,0,66.49,3.81,131.1266667,9.575,True
34,04-05-2012,891993.9600000001,0,65.04,3.747,131.136,9.575,True
34,11-05-2012,854662.968,0,61.92,3.685,131.1453333,9.575,True
34,18-05-2012,898805.565,0,64.97,3.62,131.0983226,9.575,True
34,25-05-2012,914163.849,0,72.42,3.551,131.0287742,9.575,True
34,01-06-2012,879356.196,0,70.41,3.483,130.9592258,9.575,True
34,08-06-2012,899560.1610000001,0,75.35,3.433,130.8896774,9.575,True
34,15-06-2012,884110.959,0,76.48,3.372,130.8295333,9.575,True
34,22-06-2012,900256.59,0,78.85,3.329,130.7929,9.575,True
34,29-06-2012,848673.567,0,81.91,3.257,130.7562667,9.575,True
34,06-07-2012,907080.912,0,77.95,3.187,130.7196333,9.285,True
34,13-07-2012,859209.975,0,74.02,3.224,130.683,9.285,True
34,20-07-2012,855836.6309999999,0,77.7,3.263,130.7012903,9.285,True
34,27-07-2012,826095.4110000001,0,77.3,3.356,130.7195806,9.285,True
34,03-08-2012,875925.3690000001,0,78.93,3.374,130.737871,9.285,True
34,10-08-2012,904071.231,0,78.26,3.476,130.7561613,9.285,True
34,17-08-2012,912438.774,0,77.78,3.552,130.7909677,9.285,True
34,24-08-2012,833625.189,0,72.44,3.61,130.8381613,9.285,True
34,31-08-2012,840138.939,0,75.89,3.646,130.8853548,9.285,True
34,07-09-2012,878774.0040000001,1,78.26,3.709,130.9325484,9.285,True
34,14-09-2012,859690.53,0,64.28,3.706,130.9776667,9.285,True
34,21-09-2012,848743.0020000001,0,66.08,3.721,131.0103333,9.285,True
34,28-09-2012,835766.3790000001,0,67.06,3.666,131.043,9.285,True
34,05-10-2012,872007.0120000001,0,65.41,3.62,131.0756667,8.839,True
34,12-10-2012,853752.051,0,59.94,3.603,131.1083333,8.839,True
34,19-10-2012,867164.652,0,58.47,3.61,131.1499677,8.839,True
34,26-10-2012,861289.0290000001,0,57.95,3.514,131.1930968,8.839,True
35,05-02-2010,1107552.1500000001,0,27.19,2.784,135.3524608,9.262,True
35,12-02-2010,1051933.779,1,29.81,2.773,135.4113076,9.262,True
35,19-02-2010,1143592.7759999998,0,32.44,2.745,135.4657781,9.262,True
35,26-02-2010,918586.566,0,36.0,2.754,135.5195191,9.262,True
35,05-03-2010,1046349.243,0,38.07,2.777,135.5732602,9.262,True
35,12-03-2010,1035309.9509999999,0,45.98,2.818,135.6270013,9.262,True
35,19-03-2010,1005782.4810000001,0,49.04,2.844,135.6682247,9.262,True
35,26-03-2010,971010.396,0,52.34,2.854,135.7073618,9.262,True
35,02-04-2010,1070600.823,0,46.9,2.85,135.7464988,9.051,True
35,09-04-2010,1078213.473,0,62.62,2.869,135.7856359,9.051,True
35,16-04-2010,976038.795,0,54.95,2.899,135.82725,9.051,True
35,23-04-2010,999744.732,0,53.91,2.902,135.8721667,9.051,True
35,30-04-2010,987237.585,0,53.55,2.921,135.9170833,9.051,True
35,07-05-2010,1063889.892,0,69.02,2.966,135.962,9.051,True
35,14-05-2010,993849.8130000001,0,53.82,2.982,136.010394,9.051,True
35,21-05-2010,970363.9619999999,0,63.31,2.958,136.0796521,9.051,True
35,28-05-2010,1101399.732,0,67.88,2.899,136.1489101,9.051,True
35,04-06-2010,1154140.839,0,74.29,2.847,136.2181682,9.051,True
35,11-06-2010,1044371.439,0,68.9,2.809,136.2874263,9.051,True
35,18-06-2010,1078223.1840000001,0,70.0,2.78,136.3243393,9.051,True
35,25-06-2010,1107221.166,0,78.02,2.808,136.3483143,9.051,True
35,02-07-2010,1121244.3720000002,0,76.25,2.815,136.3722893,8.861,True
35,09-07-2010,1141890.084,0,82.69,2.793,136.3962643,8.861,True
35,16-07-2010,1011973.3830000001,0,78.26,2.783,136.4179827,8.861,True
35,23-07-2010,1009580.787,0,81.56,2.771,136.4366924,8.861,True
35,30-07-2010,1025218.6020000001,0,79.78,2.781,136.4554021,8.861,True
35,06-08-2010,1062165.051,0,77.45,2.784,136.4741118,8.861,True
35,13-08-2010,981528.75,0,77.36,2.805,136.4928214,8.861,True
35,20-08-2010,930347.55,0,75.16,2.779,136.5249182,8.861,True
35,27-08-2010,825923.7540000001,0,70.31,2.755,136.557015,8.861,True
35,03-09-2010,853794.711,0,78.52,2.715,136.5891118,8.861,True
35,10-09-2010,865517.382,1,70.38,2.699,136.6212085,8.861,True
35,17-09-2010,748299.249,0,64.5,2.706,136.6338071,8.861,True
35,24-09-2010,682262.802,0,67.08,2.713,136.6317821,8.861,True
35,01-10-2010,693958.689,0,70.19,2.707,136.6297571,8.763,True
35,08-10-2010,787153.788,0,57.78,2.764,136.6277321,8.763,True
35,15-10-2010,718539.291,0,58.38,2.868,136.6401935,8.763,True
35,22-10-2010,744935.238,0,52.82,2.917,136.688871,8.763,True
35,29-10-2010,772017.597,0,61.02,2.921,136.7375484,8.763,True
35,05-11-2010,759379.608,0,45.91,2.917,136.7862258,8.763,True
35,12-11-2010,783823.221,0,45.9,2.931,136.8349032,8.763,True
35,19-11-2010,762165.315,0,50.81,3.0,136.7715714,8.763,True
35,26-11-2010,1603680.2820000001,1,46.67,3.039,136.6895714,8.763,True
35,03-12-2010,884338.992,0,41.81,3.046,136.6075714,8.763,True
35,10-12-2010,997722.171,0,30.83,3.109,136.5255714,8.763,True
35,17-12-2010,1183488.66,0,31.62,3.14,136.5292811,8.763,True
35,24-12-2010,1601312.8860000002,0,31.34,3.141,136.597273,8.763,True
35,31-12-2010,518698.84500000003,1,29.59,3.179,136.665265,8.763,True
35,07-01-2011,584360.775,0,34.42,3.193,136.7332569,8.549,True
35,14-01-2011,618903.702,0,25.7,3.205,136.803477,8.549,True
35,21-01-2011,593911.863,0,30.13,3.229,136.8870657,8.549,True
35,28-01-2011,569960.802,0,23.64,3.237,136.9706544,8.549,True
35,04-02-2011,672819.3450000001,0,28.7,3.231,137.0542431,8.549,True
35,11-02-2011,773332.353,1,30.45,3.239,137.1378318,8.549,True
35,18-02-2011,778775.292,0,39.32,3.245,137.2511849,8.549,True
35,25-02-2011,757016.334,0,33.05,3.274,137.3764439,8.549,True
35,04-03-2011,765403.6860000001,0,36.99,3.433,137.5017028,8.549,True
35,11-03-2011,747541.251,0,43.64,3.582,137.6269617,8.549,True
35,18-03-2011,720596.538,0,46.65,3.631,137.7398929,8.549,True
35,25-03-2011,685965.69,0,40.11,3.625,137.8478929,8.549,True
35,01-04-2011,686358.846,0,37.27,3.638,137.9558929,8.512,True
35,08-04-2011,732017.169,0,46.87,3.72,138.0638929,8.512,True
35,15-04-2011,715641.48,0,52.24,3.821,138.1646952,8.512,True
35,22-04-2011,757600.5059999999,0,50.02,3.892,138.2475036,8.512,True
35,29-04-2011,730641.6540000001,0,61.71,3.962,138.3303119,8.512,True
35,06-05-2011,751663.062,0,56.48,4.046,138.4131202,8.512,True
35,13-05-2011,743540.355,0,60.07,4.066,138.4959286,8.512,True
35,20-05-2011,699154.704,0,60.22,4.062,138.587106,8.512,True
35,27-05-2011,765637.74,0,66.43,3.985,138.6782834,8.512,True
35,03-06-2011,859920.156,0,74.17,3.922,138.7694608,8.512,True
35,10-06-2011,769617.189,0,73.26,3.881,138.8606382,8.512,True
35,17-06-2011,745735.374,0,67.03,3.842,139.0028333,8.512,True
35,24-06-2011,764457.813,0,72.02,3.804,139.1832917,8.512,True
35,01-07-2011,787008.492,0,73.76,3.748,139.36375,8.684,True
35,08-07-2011,744946.065,0,76.87,3.711,139.5442083,8.684,True
35,15-07-2011,732460.9500000001,0,77.83,3.76,139.7006325,8.684,True
35,22-07-2011,738169.5780000001,0,82.28,3.811,139.7969712,8.684,True
35,29-07-2011,693738.243,0,79.41,3.829,139.8933099,8.684,True
35,05-08-2011,744138.639,0,78.14,3.842,139.9896486,8.684,True
35,12-08-2011,737920.701,0,76.67,3.812,140.0859873,8.684,True
35,19-08-2011,738259.515,0,72.97,3.747,140.1289205,8.684,True
35,26-08-2011,807333.525,0,72.88,3.704,140.1629528,8.684,True
35,02-09-2011,732137.895,0,71.44,3.703,140.196985,8.684,True
35,09-09-2011,830196.576,1,70.93,3.738,140.2310173,8.684,True
35,16-09-2011,664912.899,0,69.65,3.742,140.2735,8.684,True
35,23-09-2011,635222.205,0,63.61,3.711,140.32725,8.684,True
35,30-09-2011,674709.255,0,70.92,3.645,140.381,8.684,True
35,07-10-2011,712473.777,0,56.91,3.583,140.43475,8.745,True
35,14-10-2011,695573.3250000001,0,64.78,3.541,140.4784194,8.745,True
35,21-10-2011,730195.56,0,59.62,3.57,140.4616048,8.745,True
35,28-10-2011,727939.35,0,51.81,3.569,140.4447903,8.745,True
35,04-11-2011,588121.875,0,44.46,3.551,140.4279758,8.745,True
35,11-11-2011,792518.6969999999,0,49.69,3.53,140.4111613,8.745,True
35,18-11-2011,738867.69,0,51.42,3.53,140.4127857,8.745,True
35,25-11-2011,1560440.16,1,47.88,3.492,140.4217857,8.745,True
35,02-12-2011,813245.427,0,50.55,3.452,140.4307857,8.745,True
35,09-12-2011,854068.491,0,46.28,3.415,140.4397857,8.745,True
35,16-12-2011,1003730.085,0,40.68,3.413,140.4700795,8.745,True
35,23-12-2011,1395192.618,0,41.59,3.389,140.528765,8.745,True
35,30-12-2011,814185.4950000001,1,37.85,3.389,140.5874505,8.745,True
35,06-01-2012,604537.281,0,35.8,3.422,140.6461359,8.744,True
35,13-01-2012,562621.599,0,41.3,3.513,140.7048214,8.744,True
35,20-01-2012,602865.0360000001,0,30.35,3.533,140.8086118,8.744,True
35,27-01-2012,529850.691,0,36.96,3.567,140.9124021,8.744,True
35,03-02-2012,672210.927,0,42.52,3.617,141.0161924,8.744,True
35,10-02-2012,764801.226,1,37.86,3.64,141.1199827,8.744,True
35,17-02-2012,742111.551,0,37.24,3.695,141.2140357,8.744,True
35,24-02-2012,724525.866,0,41.74,3.739,141.3007857,8.744,True
35,02-03-2012,689913.99,0,40.07,3.816,141.3875357,8.744,True
35,09-03-2012,716716.215,0,44.32,3.848,141.4742857,8.744,True
35,16-03-2012,713741.238,0,49.6,3.862,141.55478,8.744,True
35,23-03-2012,684603.99,0,57.3,3.9,141.6269332,8.744,True
35,30-03-2012,670073.1209999999,0,49.4,3.953,141.6990864,8.744,True
35,06-04-2012,774264.114,0,48.73,3.996,141.7712396,8.876,True
35,13-04-2012,709770.0780000001,0,52.22,4.044,141.8433929,8.876,True
35,20-04-2012,715194.216,0,62.62,4.027,141.9015262,8.876,True
35,27-04-2012,649091.205,0,52.33,4.004,141.9596595,8.876,True
35,04-05-2012,694832.94,0,53.68,3.951,142.0177929,8.876,True
35,11-05-2012,722145.267,0,58.97,3.889,142.0759262,8.876,True
35,18-05-2012,737277.0120000001,0,65.15,3.848,142.0970115,8.876,True
35,25-05-2012,739950.4530000001,0,64.77,3.798,142.1032776,8.876,True
35,01-06-2012,838975.968,0,73.4,3.742,142.1095438,8.876,True
35,08-06-2012,786073.5090000001,0,64.05,3.689,142.1158099,8.876,True
35,15-06-2012,763460.469,0,69.52,3.62,142.1292548,8.876,True
35,22-06-2012,820526.4,0,73.23,3.564,142.1606464,8.876,True
35,29-06-2012,802920.069,0,73.94,3.506,142.1920381,8.876,True
35,06-07-2012,886931.676,0,82.08,3.475,142.2234298,8.839,True
35,13-07-2012,743187.132,0,78.95,3.523,142.2548214,8.839,True
35,20-07-2012,757102.2660000001,0,78.64,3.567,142.2337569,8.839,True
35,27-07-2012,727227.135,0,76.01,3.647,142.2126924,8.839,True
35,03-08-2012,779594.724,0,75.22,3.654,142.1916279,8.839,True
35,10-08-2012,799531.92,0,78.44,3.722,142.1705634,8.839,True
35,17-08-2012,799181.523,0,76.51,3.807,142.2157385,8.839,True
35,24-08-2012,805747.248,0,72.93,3.834,142.3105933,8.839,True
35,31-08-2012,838151.073,0,75.0,3.867,142.4054482,8.839,True
35,07-09-2012,886350.015,1,76.0,3.911,142.500303,8.839,True
35,14-09-2012,739411.7760000001,0,68.72,3.948,142.5938833,8.839,True
35,21-09-2012,695072.646,0,66.1,4.038,142.6798167,8.839,True
35,28-09-2012,732689.874,0,64.92,3.997,142.76575,8.839,True
35,05-10-2012,779457.9600000001,0,64.5,3.985,142.8516833,8.665,True
35,12-10-2012,786278.826,0,55.4,4.0,142.9376167,8.665,True
35,19-10-2012,746356.2030000001,0,56.53,3.969,142.8633629,8.665,True
35,26-10-2012,778623.84,0,58.99,3.882,142.7624113,8.665,True
36,05-02-2010,420792.066,0,45.97,2.545,209.8529663,8.554,True
36,12-02-2010,422607.33,1,46.11,2.539,209.9970208,8.554,True
36,19-02-2010,423252.927,0,45.66,2.472,210.0451024,8.554,True
36,26-02-2010,402767.496,0,50.87,2.52,210.0771885,8.554,True
36,05-03-2010,432183.087,0,51.33,2.574,210.1092746,8.554,True
36,12-03-2010,397290.78,0,61.96,2.619,210.1413607,8.554,True
36,19-03-2010,385966.791,0,59.56,2.701,209.9803208,8.554,True
36,26-03-2010,363994.65900000004,0,55.76,2.711,209.7870932,8.554,True
36,02-04-2010,392375.538,0,63.43,2.708,209.5938656,8.464,True
36,09-04-2010,407715.219,0,68.54,2.743,209.400638,8.464,True
36,16-04-2010,435329.604,0,66.74,2.769,209.2691428,8.464,True
36,23-04-2010,390705.12,0,68.03,2.762,209.2199574,8.464,True
36,30-04-2010,412109.67600000004,0,70.9,2.725,209.170772,8.464,True
36,07-05-2010,440434.818,0,75.56,2.786,209.1215867,8.464,True
36,14-05-2010,429060.366,0,77.53,2.805,209.118536,8.464,True
36,21-05-2010,427426.182,0,77.34,2.767,209.3922937,8.464,True
36,28-05-2010,402345.37799999997,0,80.87,2.716,209.6660514,8.464,True
36,04-06-2010,423979.992,0,79.93,2.664,209.9398091,8.464,True
36,11-06-2010,420940.062,0,82.3,2.615,210.2135668,8.464,True
36,18-06-2010,437125.24799999996,0,84.37,2.572,210.2108417,8.464,True
36,25-06-2010,391391.88300000003,0,84.14,2.601,210.0975233,8.464,True
36,02-07-2010,390826.93500000006,0,81.85,2.606,209.984205,8.36,True
36,09-07-2010,424542.231,0,81.74,2.596,209.8708867,8.36,True
36,16-07-2010,420265.836,0,84.43,2.561,209.8630532,8.36,True
36,23-07-2010,406819.08,0,82.6,2.542,209.9958663,8.36,True
36,30-07-2010,389206.719,0,81.88,2.602,210.1286794,8.36,True
36,06-08-2010,420698.646,0,85.49,2.573,210.2614925,8.36,True
36,13-08-2010,423393.12,0,86.06,2.644,210.3943056,8.36,True
36,20-08-2010,394154.91000000003,0,85.54,2.604,210.3617581,8.36,True
36,27-08-2010,370845.657,0,84.62,2.562,210.3292106,8.36,True
36,03-09-2010,388165.005,0,82.29,2.533,210.2966631,8.36,True
36,10-09-2010,391024.242,1,80.58,2.513,210.2641156,8.36,True
36,17-09-2010,409224.78900000005,0,82.1,2.55,210.2924504,8.36,True
36,24-09-2010,377413.731,0,79.17,2.578,210.3664469,8.36,True
36,01-10-2010,379952.523,0,74.66,2.567,210.4404433,8.476,True
36,08-10-2010,399916.449,0,66.34,2.595,210.5144398,8.476,True
36,15-10-2010,407977.335,0,71.57,2.705,210.5805944,8.476,True
36,22-10-2010,382460.67,0,72.24,2.698,210.6271444,8.476,True
36,29-10-2010,353388.83400000003,0,76.22,2.68,210.6736944,8.476,True
36,05-11-2010,365274.333,0,62.72,2.655,210.7202444,8.476,True
36,12-11-2010,383224.32,0,61.97,2.705,210.7667944,8.476,True
36,19-11-2010,370454.139,0,56.73,2.741,210.65429,8.476,True
36,26-11-2010,368002.341,1,67.73,2.725,210.5152765,8.476,True
36,03-12-2010,324239.481,0,54.44,2.694,210.376263,8.476,True
36,10-12-2010,364090.52700000006,0,51.83,2.813,210.2372494,8.476,True
36,17-12-2010,369193.23000000004,0,56.73,2.852,210.1787224,8.476,True
36,24-12-2010,379884.231,0,59.1,2.863,210.1805602,8.476,True
36,31-12-2010,323379.585,1,52.88,2.949,210.182398,8.476,True
36,07-01-2011,346193.865,0,54.11,2.942,210.1842358,8.395,True
36,14-01-2011,369447.957,0,42.87,2.971,210.2379731,8.395,True
36,21-01-2011,359271.945,0,51.18,2.98,210.6031072,8.395,True
36,28-01-2011,334956.708,0,48.74,2.995,210.9682412,8.395,True
36,04-02-2011,375769.53,0,46.68,2.98,211.3333753,8.395,True
36,11-02-2011,361351.08,1,41.16,3.009,211.6985093,8.395,True
36,18-02-2011,384457.52700000006,0,57.48,3.017,212.0063522,8.395,True
36,25-02-2011,342251.496,0,67.73,3.053,212.2912786,8.395,True
36,04-03-2011,362321.856,0,64.55,3.282,212.576205,8.395,True
36,11-03-2011,366756.102,0,59.15,3.448,212.8611313,8.395,True
36,18-03-2011,388270.99799999996,0,64.9,3.487,213.1096787,8.395,True
36,25-03-2011,351658.818,0,71.07,3.488,213.3436744,8.395,True
36,01-04-2011,347104.899,0,67.31,3.529,213.5776701,8.3,True
36,08-04-2011,385854.849,0,69.39,3.645,213.8116658,8.3,True
36,15-04-2011,373487.886,0,73.25,3.763,214.026217,8.3,True
36,22-04-2011,337117.24799999996,0,74.57,3.805,214.1921572,8.3,True
36,29-04-2011,306637.90200000006,0,76.1,3.837,214.3580974,8.3,True
36,06-05-2011,354061.26,0,69.56,3.917,214.5240376,8.3,True
36,13-05-2011,355784.98500000004,0,76.73,3.92,214.6899778,8.3,True
36,20-05-2011,338565.096,0,73.02,3.925,214.465412,8.3,True
36,27-05-2011,313789.68,0,81.28,3.786,214.2408462,8.3,True
36,03-06-2011,336333.555,0,82.96,3.69,214.0162805,8.3,True
36,10-06-2011,336763.836,0,82.41,3.633,213.7917147,8.3,True
36,17-06-2011,355180.72500000003,0,84.43,3.599,213.7481256,8.3,True
36,24-06-2011,324008.946,0,83.95,3.569,213.8402689,8.3,True
36,01-07-2011,318843.693,0,85.33,3.502,213.9324122,8.177,True
36,08-07-2011,339718.158,0,84.71,3.44,214.0245556,8.177,True
36,15-07-2011,347068.332,0,85.63,3.55,214.1083654,8.177,True
36,22-07-2011,325180.269,0,83.31,3.637,214.1713416,8.177,True
36,29-07-2011,318924.972,0,84.99,3.66,214.2343177,8.177,True
36,05-08-2011,342915.97500000003,0,86.71,3.652,214.2972939,8.177,True
36,12-08-2011,342169.821,0,87.64,3.608,214.3602701,8.177,True
36,19-08-2011,335940.82200000004,0,87.24,3.534,214.4239935,8.177,True
36,26-08-2011,310467.78,0,86.02,3.501,214.4878416,8.177,True
36,02-09-2011,315248.66099999996,0,87.5,3.481,214.5516896,8.177,True
36,09-09-2011,317664.576,1,77.94,3.499,214.6155376,8.177,True
36,16-09-2011,308797.308,0,82.06,3.473,214.7934111,8.177,True
36,23-09-2011,290164.617,0,78.35,3.441,215.1233185,8.177,True
36,30-09-2011,283419.333,0,81.52,3.328,215.4532259,8.177,True
36,07-10-2011,311524.083,0,71.2,3.262,215.7831333,7.716,True
36,14-10-2011,307869.291,0,74.16,3.234,216.0885258,7.716,True
36,21-10-2011,295770.00600000005,0,67.89,3.308,216.2468287,7.716,True
36,28-10-2011,275574.429,0,71.31,3.306,216.4051315,7.716,True
36,04-11-2011,282048.399,0,58.97,3.287,216.5634344,7.716,True
36,11-11-2011,295649.028,0,63.5,3.254,216.7217373,7.716,True
36,18-11-2011,299611.746,0,66.28,3.26,216.9395861,7.716,True
36,25-11-2011,299530.395,1,66.41,3.181,217.1812533,7.716,True
36,02-12-2011,264015.45900000003,0,53.57,3.164,217.4229206,7.716,True
36,09-12-2011,281068.533,0,50.64,3.147,217.6645878,7.716,True
36,16-12-2011,307353.528,0,58.31,3.133,217.8781339,7.716,True
36,23-12-2011,292736.21400000004,0,55.41,3.098,218.0541851,7.716,True
36,30-12-2011,258682.69799999997,1,48.26,3.132,218.2302364,7.716,True
36,06-01-2012,296521.038,0,57.18,3.129,218.4062876,7.244,True
36,13-01-2012,293378.706,0,56.28,3.254,218.5823389,7.244,True
36,20-01-2012,297834.489,0,58.9,3.275,218.6755292,7.244,True
36,27-01-2012,271300.446,0,62.73,3.313,218.7687195,7.244,True
36,03-02-2012,279884.583,0,61.33,3.421,218.8619099,7.244,True
36,10-02-2012,302167.71,1,54.49,3.462,218.9551002,7.244,True
36,17-02-2012,293685.057,0,54.38,3.503,219.1148297,7.244,True
36,24-02-2012,281943.405,0,62.21,3.55,219.3244636,7.244,True
36,02-03-2012,283857.048,0,64.54,3.619,219.5340975,7.244,True
36,09-03-2012,286807.437,0,63.19,3.647,219.7437314,7.244,True
36,16-03-2012,301811.238,0,67.48,3.779,219.8956335,7.244,True
36,23-03-2012,286085.259,0,69.18,3.845,219.9705599,7.244,True
36,30-03-2012,273730.41000000003,0,70.48,3.891,220.0454862,7.244,True
36,06-04-2012,297923.499,0,73.95,3.934,220.1204125,6.989,True
36,13-04-2012,305467.146,0,72.54,3.919,220.1953389,6.989,True
36,20-04-2012,291523.788,0,70.87,3.918,220.2483937,6.989,True
36,27-04-2012,277550.838,0,70.06,3.888,220.3014485,6.989,True
36,04-05-2012,281220.76800000004,0,77.17,3.835,220.3545033,6.989,True
36,11-05-2012,297466.50600000005,0,76.55,3.764,220.4075581,6.989,True
36,18-05-2012,292321.017,0,73.7,3.713,220.4252149,6.989,True
36,25-05-2012,275488.353,0,78.94,3.636,220.4287124,6.989,True
36,01-06-2012,275404.977,0,80.74,3.567,220.4322099,6.989,True
36,08-06-2012,304446.042,0,81.5,3.513,220.4357073,6.989,True
36,15-06-2012,299832.19200000004,0,82.15,3.407,220.4494148,6.989,True
36,22-06-2012,275769.90900000004,0,80.4,3.358,220.4886472,6.989,True
36,29-06-2012,262377.387,0,86.68,3.273,220.5278796,6.989,True
36,06-07-2012,275921.00100000005,0,81.52,3.232,220.567112,6.623,True
36,13-07-2012,268503.669,0,78.15,3.245,220.6063444,6.623,True
36,20-07-2012,272960.595,0,81.76,3.301,220.6148749,6.623,True
36,27-07-2012,251679.087,0,84.0,3.392,220.6234054,6.623,True
36,03-08-2012,274490.973,0,85.56,3.404,220.6319358,6.623,True
36,10-08-2012,269052.759,0,84.41,3.49,220.6404663,6.623,True
36,17-08-2012,283146.49799999996,0,85.89,3.571,220.7199609,6.623,True
36,24-08-2012,254290.995,0,81.26,3.574,220.8526787,6.623,True
36,31-08-2012,254382.732,0,84.79,3.608,220.9853964,6.623,True
36,07-09-2012,264355.713,1,84.19,3.697,221.1181142,6.623,True
36,14-09-2012,271704.267,0,78.16,3.692,221.2601207,6.623,True
36,21-09-2012,264424.005,0,75.98,3.709,221.4578604,6.623,True
36,28-09-2012,243610.182,0,79.49,3.66,221.6556,6.623,True
36,05-10-2012,249424.074,0,73.57,3.611,221.8533396,6.228,True
36,12-10-2012,270213.165,0,71.28,3.576,222.0510793,6.228,True
36,19-10-2012,258624.04499999998,0,74.06,3.57,222.0951719,6.228,True
36,26-10-2012,245240.46899999998,0,74.39,3.494,222.1136566,6.228,True
37,05-02-2010,482406.057,0,45.97,2.572,209.8529663,8.554,True
37,12-02-2010,476867.43,1,46.11,2.548,209.9970208,8.554,True
37,19-02-2010,459344.25,0,45.66,2.514,210.0451024,8.554,True
37,26-02-2010,462254.238,0,50.87,2.561,210.0771885,8.554,True
37,05-03-2010,467330.112,0,51.33,2.625,210.1092746,8.554,True
37,12-03-2010,461713.815,0,61.96,2.667,210.1413607,8.554,True
37,19-03-2010,414018.666,0,59.56,2.72,209.9803208,8.554,True
37,26-03-2010,464200.173,0,55.76,2.732,209.7870932,8.554,True
37,02-04-2010,486170.73,0,63.43,2.719,209.5938656,8.464,True
37,09-04-2010,461994.795,0,68.54,2.77,209.400638,8.464,True
37,16-04-2010,472090.34699999995,0,66.74,2.808,209.2691428,8.464,True
37,23-04-2010,474317.802,0,68.03,2.795,209.2199574,8.464,True
37,30-04-2010,466065.74700000003,0,70.9,2.78,209.170772,8.464,True
37,07-05-2010,488911.293,0,75.56,2.835,209.1215867,8.464,True
37,14-05-2010,454676.472,0,77.53,2.854,209.118536,8.464,True
37,21-05-2010,459445.23000000004,0,77.34,2.826,209.3922937,8.464,True
37,28-05-2010,479017.098,0,80.87,2.759,209.6660514,8.464,True
37,04-06-2010,431275.51800000004,0,79.93,2.705,209.9398091,8.464,True
37,11-06-2010,433723.599,0,82.3,2.668,210.2135668,8.464,True
37,18-06-2010,455185.458,0,84.37,2.637,210.2108417,8.464,True
37,25-06-2010,436877.451,0,84.14,2.653,210.0975233,8.464,True
37,02-07-2010,448463.27700000006,0,81.85,2.669,209.984205,8.36,True
37,09-07-2010,452210.436,0,81.74,2.642,209.8708867,8.36,True
37,16-07-2010,436635.009,0,84.43,2.623,209.8630532,8.36,True
37,23-07-2010,442798.308,0,82.6,2.608,209.9958663,8.36,True
37,30-07-2010,439121.655,0,81.88,2.64,210.1286794,8.36,True
37,06-08-2010,457718.958,0,85.49,2.627,210.2614925,8.36,True
37,13-08-2010,442634.24700000003,0,86.06,2.692,210.3943056,8.36,True
37,20-08-2010,438237.648,0,85.54,2.664,210.3617581,8.36,True
37,27-08-2010,460941.525,0,84.62,2.619,210.3292106,8.36,True
37,03-09-2010,459384.77700000006,0,82.29,2.577,210.2966631,8.36,True
37,10-09-2010,459266.463,1,80.58,2.565,210.2641156,8.36,True
37,17-09-2010,451126.26,0,82.1,2.582,210.2924504,8.36,True
37,24-09-2010,444838.932,0,79.17,2.624,210.3664469,8.36,True
37,01-10-2010,476890.13700000005,0,74.66,2.603,210.4404433,8.476,True
37,08-10-2010,472035.28500000003,0,66.34,2.633,210.5144398,8.476,True
37,15-10-2010,449033.274,0,71.57,2.72,210.5805944,8.476,True
37,22-10-2010,459382.86000000004,0,72.24,2.725,210.6271444,8.476,True
37,29-10-2010,463037.31000000006,0,76.22,2.716,210.6736944,8.476,True
37,05-11-2010,485715.07800000004,0,62.72,2.689,210.7202444,8.476,True
37,12-11-2010,465792.021,0,61.97,2.728,210.7667944,8.476,True
37,19-11-2010,466311.744,0,56.73,2.771,210.65429,8.476,True
37,26-11-2010,466398.648,1,67.73,2.735,210.5152765,8.476,True
37,03-12-2010,457391.826,0,54.44,2.708,210.376263,8.476,True
37,10-12-2010,460086.76800000004,0,51.83,2.843,210.2372494,8.476,True
37,17-12-2010,480856.68899999995,0,56.73,2.869,210.1787224,8.476,True
37,24-12-2010,519128.9280000001,0,59.1,2.886,210.1805602,8.476,True
37,31-12-2010,414298.53,1,52.88,2.943,210.182398,8.476,True
37,07-01-2011,488217.618,0,54.11,2.976,210.1842358,8.395,True
37,14-01-2011,473055.21,0,42.87,2.983,210.2379731,8.395,True
37,21-01-2011,473838.138,0,51.18,3.016,210.6031072,8.395,True
37,28-01-2011,462305.124,0,48.74,3.01,210.9682412,8.395,True
37,04-02-2011,525451.662,0,46.68,2.989,211.3333753,8.395,True
37,11-02-2011,470262.88800000004,1,41.16,3.022,211.6985093,8.395,True
37,18-02-2011,483156.621,0,57.48,3.045,212.0063522,8.395,True
37,25-02-2011,463282.371,0,67.73,3.065,212.2912786,8.395,True
37,04-03-2011,474815.025,0,64.55,3.288,212.576205,8.395,True
37,11-03-2011,455049.36000000004,0,59.15,3.459,212.8611313,8.395,True
37,18-03-2011,430652.754,0,64.9,3.488,213.1096787,8.395,True
37,25-03-2011,469895.337,0,71.07,3.473,213.3436744,8.395,True
37,01-04-2011,481120.90200000006,0,67.31,3.524,213.5776701,8.3,True
37,08-04-2011,489332.84400000004,0,69.39,3.622,213.8116658,8.3,True
37,15-04-2011,489398.283,0,73.25,3.743,214.026217,8.3,True
37,22-04-2011,473790.933,0,74.57,3.807,214.1921572,8.3,True
37,29-04-2011,452626.362,0,76.1,3.81,214.3580974,8.3,True
37,06-05-2011,492761.97000000003,0,69.56,3.906,214.5240376,8.3,True
37,13-05-2011,460684.467,0,76.73,3.899,214.6899778,8.3,True
37,20-05-2011,480207.97800000006,0,73.02,3.907,214.465412,8.3,True
37,27-05-2011,456378.075,0,81.28,3.786,214.2408462,8.3,True
37,03-06-2011,450343.107,0,82.96,3.699,214.0162805,8.3,True
37,10-06-2011,458682.525,0,82.41,3.648,213.7917147,8.3,True
37,17-06-2011,472619.124,0,84.43,3.637,213.7481256,8.3,True
37,24-06-2011,458348.598,0,83.95,3.594,213.8402689,8.3,True
37,01-07-2011,465319.17,0,85.33,3.524,213.9324122,8.177,True
37,08-07-2011,440153.937,0,84.71,3.48,214.0245556,8.177,True
37,15-07-2011,448874.658,0,85.63,3.575,214.1083654,8.177,True
37,22-07-2011,454989.177,0,83.31,3.651,214.1713416,8.177,True
37,29-07-2011,454477.455,0,84.99,3.682,214.2343177,8.177,True
37,05-08-2011,459708.71400000004,0,86.71,3.684,214.2972939,8.177,True
37,12-08-2011,452253.951,0,87.64,3.638,214.3602701,8.177,True
37,19-08-2011,456208.182,0,87.24,3.554,214.4239935,8.177,True
37,26-08-2011,475152.489,0,86.02,3.523,214.4878416,8.177,True
37,02-09-2011,477331.04699999996,0,87.5,3.533,214.5516896,8.177,True
37,09-09-2011,455646.366,1,77.94,3.546,214.6155376,8.177,True
37,16-09-2011,462007.746,0,82.06,3.526,214.7934111,8.177,True
37,23-09-2011,464901.246,0,78.35,3.467,215.1233185,8.177,True
37,30-09-2011,464761.89,0,81.52,3.355,215.4532259,8.177,True
37,07-10-2011,470535.165,0,71.2,3.285,215.7831333,7.716,True
37,14-10-2011,462272.40900000004,0,74.16,3.274,216.0885258,7.716,True
37,21-10-2011,470505.897,0,67.89,3.353,216.2468287,7.716,True
37,28-10-2011,465619.896,0,71.31,3.372,216.4051315,7.716,True
37,04-11-2011,500333.04,0,58.97,3.332,216.5634344,7.716,True
37,11-11-2011,451141.90200000006,0,63.5,3.297,216.7217373,7.716,True
37,18-11-2011,474745.581,0,66.28,3.308,216.9395861,7.716,True
37,25-11-2011,470298.636,1,66.41,3.236,217.1812533,7.716,True
37,02-12-2011,474406.02900000004,0,53.57,3.172,217.4229206,7.716,True
37,09-12-2011,483502.068,0,50.64,3.158,217.6645878,7.716,True
37,16-12-2011,480515.10300000006,0,58.31,3.159,217.8781339,7.716,True
37,23-12-2011,545212.314,0,55.41,3.112,218.0541851,7.716,True
37,30-12-2011,406194.849,1,48.26,3.129,218.2302364,7.716,True
37,06-01-2012,502509.213,0,57.18,3.157,218.4062876,7.244,True
37,13-01-2012,491599.26,0,56.28,3.261,218.5823389,7.244,True
37,20-01-2012,489504.66299999994,0,58.9,3.268,218.6755292,7.244,True
37,27-01-2012,462704.922,0,62.73,3.29,218.7687195,7.244,True
37,03-02-2012,499881.816,0,61.33,3.36,218.8619099,7.244,True
37,10-02-2012,474337.31399999995,1,54.49,3.409,218.9551002,7.244,True
37,17-02-2012,486964.161,0,54.38,3.51,219.1148297,7.244,True
37,24-02-2012,466827.201,0,62.21,3.555,219.3244636,7.244,True
37,02-03-2012,473003.253,0,64.54,3.63,219.5340975,7.244,True
37,09-03-2012,482343.525,0,63.19,3.669,219.7437314,7.244,True
37,16-03-2012,436129.50600000005,0,67.48,3.734,219.8956335,7.244,True
37,23-03-2012,468798.507,0,69.18,3.787,219.9705599,7.244,True
37,30-03-2012,480361.44599999994,0,70.48,3.845,220.0454862,7.244,True
37,06-04-2012,508363.90200000006,0,73.95,3.891,220.1204125,6.989,True
37,13-04-2012,456275.853,0,72.54,3.891,220.1953389,6.989,True
37,20-04-2012,471134.871,0,70.87,3.877,220.2483937,6.989,True
37,27-04-2012,475926.70499999996,0,70.06,3.814,220.3014485,6.989,True
37,04-05-2012,481780.476,0,77.17,3.749,220.3545033,6.989,True
37,11-05-2012,475184.73600000003,0,76.55,3.688,220.4075581,6.989,True
37,18-05-2012,481363.164,0,73.7,3.63,220.4252149,6.989,True
37,25-05-2012,486563.21100000007,0,78.94,3.561,220.4287124,6.989,True
37,01-06-2012,478630.665,0,80.74,3.501,220.4322099,6.989,True
37,08-06-2012,476046.70200000005,0,81.5,3.452,220.4357073,6.989,True
37,15-06-2012,457715.844,0,82.15,3.393,220.4494148,6.989,True
37,22-06-2012,435629.47500000003,0,80.4,3.346,220.4886472,6.989,True
37,29-06-2012,457478.829,0,86.68,3.286,220.5278796,6.989,True
37,06-07-2012,467548.488,0,81.52,3.227,220.567112,6.623,True
37,13-07-2012,455404.923,0,78.15,3.256,220.6063444,6.623,True
37,20-07-2012,453370.104,0,81.76,3.311,220.6148749,6.623,True
37,27-07-2012,463040.25299999997,0,84.0,3.407,220.6234054,6.623,True
37,03-08-2012,469763.352,0,85.56,3.417,220.6319358,6.623,True
37,10-08-2012,450868.13100000005,0,84.41,3.494,220.6404663,6.623,True
37,17-08-2012,458670.33900000004,0,85.89,3.571,220.7199609,6.623,True
37,24-08-2012,470398.53599999996,0,81.26,3.62,220.8526787,6.623,True
37,31-08-2012,484509.69,0,84.79,3.638,220.9853964,6.623,True
37,07-09-2012,474154.326,1,84.19,3.73,221.1181142,6.623,True
37,14-09-2012,463186.566,0,78.16,3.717,221.2601207,6.623,True
37,21-09-2012,469188.882,0,75.98,3.721,221.4578604,6.623,True
37,28-09-2012,475157.826,0,79.49,3.666,221.6556,6.623,True
37,05-10-2012,491510.13300000003,0,73.57,3.617,221.8533396,6.228,True
37,12-10-2012,469629.675,0,71.28,3.601,222.0510793,6.228,True
37,19-10-2012,496772.19,0,74.06,3.594,222.0951719,6.228,True
37,26-10-2012,481264.58700000006,0,74.39,3.506,222.1136566,6.228,True
38,05-02-2010,322646.526,0,49.47,2.962,126.4420645,13.975,True
38,12-02-2010,307993.41000000003,1,47.87,2.946,126.4962581,13.975,True
38,19-02-2010,294514.12799999997,0,54.83,2.915,126.5262857,13.975,True
38,26-02-2010,300800.457,0,50.23,2.825,126.5522857,13.975,True
38,05-03-2010,335015.901,0,53.77,2.987,126.5782857,13.975,True
38,12-03-2010,307821.528,0,50.11,2.925,126.6042857,13.975,True
38,19-03-2010,299722.923,0,59.57,3.054,126.6066452,13.975,True
38,26-03-2010,302272.299,0,60.06,3.083,126.6050645,13.975,True
38,02-04-2010,332036.595,0,59.84,3.086,126.6034839,14.099,True
38,09-04-2010,307467.41400000005,0,59.25,3.09,126.6019032,14.099,True
38,16-04-2010,303951.141,0,64.95,3.109,126.5621,14.099,True
38,23-04-2010,301609.63800000004,0,64.55,3.05,126.4713333,14.099,True
38,30-04-2010,304181.68500000006,0,67.38,3.105,126.3805667,14.099,True
38,07-05-2010,345291.696,0,70.15,3.127,126.2898,14.099,True
38,14-05-2010,311556.87,0,68.44,3.145,126.2085484,14.099,True
38,21-05-2010,306447.37200000003,0,76.2,3.12,126.1843871,14.099,True
38,28-05-2010,293822.487,0,67.84,3.058,126.1602258,14.099,True
38,04-06-2010,338566.392,0,81.39,2.941,126.1360645,14.099,True
38,11-06-2010,319345.78500000003,0,90.84,2.949,126.1119032,14.099,True
38,18-06-2010,302122.665,0,81.06,3.043,126.114,14.099,True
38,25-06-2010,289842.08400000003,0,87.27,3.084,126.1266,14.099,True
38,02-07-2010,325063.332,0,91.98,3.105,126.1392,14.18,True
38,09-07-2010,309465.30600000004,0,90.37,3.1,126.1518,14.18,True
38,16-07-2010,304449.939,0,97.18,3.094,126.1498065,14.18,True
38,23-07-2010,295503.165,0,99.22,3.112,126.1283548,14.18,True
38,30-07-2010,302740.542,0,96.31,3.017,126.1069032,14.18,True
38,06-08-2010,340716.996,0,92.95,3.123,126.0854516,14.18,True
38,13-08-2010,307260.648,0,87.01,3.159,126.064,14.18,True
38,20-08-2010,296225.757,0,92.81,3.041,126.0766452,14.18,True
38,27-08-2010,290581.704,0,93.19,3.129,126.0892903,14.18,True
38,03-09-2010,339386.895,0,83.12,3.087,126.1019355,14.18,True
38,10-09-2010,302604.92100000003,1,83.63,3.044,126.1145806,14.18,True
38,17-09-2010,302627.871,0,82.45,3.028,126.1454667,14.18,True
38,24-09-2010,297544.41000000003,0,81.77,2.939,126.1900333,14.18,True
38,01-10-2010,324230.922,0,85.2,3.001,126.2346,14.313,True
38,08-10-2010,316144.224,0,71.82,3.013,126.2791667,14.313,True
38,15-10-2010,303968.934,0,75.0,2.976,126.3266774,14.313,True
38,22-10-2010,305137.962,0,68.85,3.014,126.3815484,14.313,True
38,29-10-2010,307097.667,0,61.09,3.016,126.4364194,14.313,True
38,05-11-2010,342783.081,0,65.49,3.129,126.4912903,14.313,True
38,12-11-2010,306132.48000000004,0,57.79,3.13,126.5461613,14.313,True
38,19-11-2010,313734.591,0,58.18,3.161,126.6072,14.313,True
38,26-11-2010,324772.182,1,47.66,3.162,126.6692667,14.313,True
38,03-12-2010,316732.824,0,43.33,3.041,126.7313333,14.313,True
38,10-12-2010,320368.707,0,50.01,3.203,126.7934,14.313,True
38,17-12-2010,300997.03500000003,0,52.77,3.236,126.8794839,14.313,True
38,24-12-2010,332196.048,0,52.02,3.236,126.9835806,14.313,True
38,31-12-2010,273517.929,1,45.64,3.148,127.0876774,14.313,True
38,07-01-2011,347710.086,0,37.64,3.287,127.1917742,14.021,True
38,14-01-2011,320524.91099999996,0,43.15,3.312,127.3009355,14.021,True
38,21-01-2011,306988.272,0,53.53,3.223,127.4404839,14.021,True
38,28-01-2011,321801.44399999996,0,50.74,3.342,127.5800323,14.021,True
38,04-02-2011,362107.58400000003,0,45.14,3.348,127.7195806,14.021,True
38,11-02-2011,339905.21400000004,1,51.3,3.381,127.859129,14.021,True
38,18-02-2011,328146.03,0,53.35,3.43,127.99525,14.021,True
38,25-02-2011,318809.106,0,48.45,3.53,128.13,14.021,True
38,04-03-2011,364886.487,0,51.72,3.674,128.26475,14.021,True
38,11-03-2011,322107.462,0,57.75,3.818,128.3995,14.021,True
38,18-03-2011,314513.955,0,64.21,3.692,128.5121935,14.021,True
38,25-03-2011,316387.458,0,54.4,3.909,128.6160645,14.021,True
38,01-04-2011,343888.31700000004,0,63.63,3.772,128.7199355,13.736,True
38,08-04-2011,352937.07,0,64.47,4.003,128.8238065,13.736,True
38,15-04-2011,326483.04600000003,0,57.63,3.868,128.9107333,13.736,True
38,22-04-2011,326657.106,0,72.12,4.134,128.9553,13.736,True
38,29-04-2011,309803.391,0,68.27,4.151,128.9998667,13.736,True
38,06-05-2011,379967.98500000004,0,68.4,4.193,129.0444333,13.736,True
38,13-05-2011,330280.011,0,70.93,4.202,129.089,13.736,True
38,20-05-2011,329157.684,0,66.59,4.169,129.0756774,13.736,True
38,27-05-2011,321197.49,0,76.67,4.087,129.0623548,13.736,True
38,03-06-2011,357143.454,0,71.81,4.031,129.0490323,13.736,True
38,10-06-2011,343586.71800000005,0,78.72,3.981,129.0357097,13.736,True
38,17-06-2011,321117.3,0,86.84,3.935,129.0432,13.736,True
38,24-06-2011,318671.055,0,88.95,3.898,129.0663,13.736,True
38,01-07-2011,348600.636,0,89.85,3.842,129.0894,13.503,True
38,08-07-2011,359729.25299999997,0,89.9,3.705,129.1125,13.503,True
38,15-07-2011,330463.53900000005,0,88.1,3.692,129.1338387,13.503,True
38,22-07-2011,329006.403,0,91.17,3.794,129.1507742,13.503,True
38,29-07-2011,319618.19700000004,0,93.29,3.805,129.1677097,13.503,True
38,05-08-2011,393868.29600000003,0,90.61,3.803,129.1846452,13.503,True
38,12-08-2011,349059.645,0,91.04,3.701,129.2015806,13.503,True
38,19-08-2011,326002.23000000004,0,91.74,3.743,129.2405806,13.503,True
38,26-08-2011,329105.295,0,94.61,3.74,129.2832581,13.503,True
38,02-09-2011,375258.15900000004,0,93.66,3.798,129.3259355,13.503,True
38,09-09-2011,357994.512,1,88.0,3.913,129.3686129,13.503,True
38,16-09-2011,367369.992,0,76.36,3.918,129.4306,13.503,True
38,23-09-2011,355198.75200000004,0,82.95,3.789,129.5183333,13.503,True
38,30-09-2011,330137.856,0,83.26,3.877,129.6060667,13.503,True
38,07-10-2011,404564.66099999996,0,70.44,3.827,129.6938,12.89,True
38,14-10-2011,360387.70200000005,0,67.31,3.805,129.7706452,12.89,True
38,21-10-2011,362438.25299999997,0,73.05,3.842,129.7821613,12.89,True
38,28-10-2011,340685.25299999997,0,67.41,3.727,129.7936774,12.89,True
38,04-11-2011,393273.08999999997,0,59.77,3.828,129.8051935,12.89,True
38,11-11-2011,370005.255,0,48.76,3.824,129.8167097,12.89,True
38,18-11-2011,352802.81700000004,0,54.2,3.813,129.8268333,12.89,True
38,25-11-2011,354344.139,1,53.25,3.622,129.8364,12.89,True
38,02-12-2011,370126.818,0,52.5,3.701,129.8459667,12.89,True
38,09-12-2011,391861.476,0,42.17,3.644,129.8555333,12.89,True
38,16-12-2011,363855.456,0,43.29,3.6,129.8980645,12.89,True
38,23-12-2011,377745.669,0,45.4,3.541,129.9845484,12.89,True
38,30-12-2011,308400.615,1,44.64,3.428,130.0710323,12.89,True
38,06-01-2012,430634.88,0,50.43,3.599,130.1575161,12.187,True
38,13-01-2012,380934.738,0,48.07,3.657,130.244,12.187,True
38,20-01-2012,364694.31899999996,0,46.2,3.66,130.2792258,12.187,True
38,27-01-2012,371594.079,0,50.43,3.675,130.3144516,12.187,True
38,03-02-2012,411940.512,0,50.58,3.702,130.3496774,12.187,True
38,10-02-2012,422808.642,1,52.27,3.722,130.3849032,12.187,True
38,17-02-2012,373962.573,0,51.8,3.781,130.4546207,12.187,True
38,24-02-2012,368470.449,0,53.13,3.95,130.5502069,12.187,True
38,02-03-2012,424003.842,0,52.27,4.178,130.6457931,12.187,True
38,09-03-2012,407513.27700000006,0,54.54,4.25,130.7413793,12.187,True
38,16-03-2012,385618.599,0,64.44,4.273,130.8261935,12.187,True
38,23-03-2012,371210.832,0,56.26,4.038,130.8966452,12.187,True
38,30-03-2012,367811.424,0,64.36,4.294,130.9670968,12.187,True
38,06-04-2012,449340.894,0,64.05,4.121,131.0375484,11.627,True
38,13-04-2012,392211.666,0,64.28,4.254,131.108,11.627,True
38,20-04-2012,361454.22,0,66.73,4.222,131.1173333,11.627,True
38,27-04-2012,377968.293,0,77.99,4.193,131.1266667,11.627,True
38,04-05-2012,442580.121,0,76.03,4.171,131.136,11.627,True
38,11-05-2012,386923.14,0,77.27,4.186,131.1453333,11.627,True
38,18-05-2012,371083.239,0,84.51,4.11,131.0983226,11.627,True
38,25-05-2012,380529.108,0,83.84,4.293,131.0287742,11.627,True
38,01-06-2012,392021.73000000004,0,78.11,4.277,130.9592258,11.627,True
38,08-06-2012,403299.22500000003,0,84.83,4.103,130.8896774,11.627,True
38,15-06-2012,387199.863,0,85.94,4.144,130.8295333,11.627,True
38,22-06-2012,365344.515,0,91.61,4.014,130.7929,11.627,True
38,29-06-2012,364170.924,0,90.47,3.875,130.7562667,11.627,True
38,06-07-2012,423977.598,0,89.13,3.765,130.7196333,10.926,True
38,13-07-2012,374433.075,0,95.61,3.723,130.683,10.926,True
38,20-07-2012,397515.366,0,85.53,3.726,130.7012903,10.926,True
38,27-07-2012,366467.823,0,93.47,3.769,130.7195806,10.926,True
38,03-08-2012,422380.053,0,88.16,3.76,130.737871,10.926,True
38,10-08-2012,393021.117,0,95.91,3.811,130.7561613,10.926,True
38,17-08-2012,370679.814,0,94.87,4.002,130.7909677,10.926,True
38,24-08-2012,357685.398,0,85.32,4.055,130.8381613,10.926,True
38,31-08-2012,382414.455,0,89.78,4.093,130.8853548,10.926,True
38,07-09-2012,441247.338,1,88.52,4.124,130.9325484,10.926,True
38,14-09-2012,387849.951,0,83.64,4.133,130.9776667,10.926,True
38,21-09-2012,368640.882,0,82.97,4.125,131.0103333,10.926,True
38,28-09-2012,358621.272,0,81.22,3.966,131.043,10.926,True
38,05-10-2012,412631.109,0,81.61,3.966,131.0756667,10.199,True
38,12-10-2012,393588.594,0,71.74,4.468,131.1083333,10.199,True
38,19-10-2012,385925.814,0,68.66,4.449,131.1499677,10.199,True
38,26-10-2012,375561.342,0,65.95,4.301,131.1930968,10.199,True
39,05-02-2010,1107537.12,0,44.3,2.572,209.8529663,8.554,True
39,12-02-2010,1139606.1630000002,1,44.58,2.548,209.9970208,8.554,True
39,19-02-2010,1107532.773,0,43.96,2.514,210.0451024,8.554,True
39,26-02-2010,1051723.818,0,49.79,2.561,210.0771885,8.554,True
39,05-03-2010,1139628.789,0,50.93,2.625,210.1092746,8.554,True
39,12-03-2010,1119952.647,0,61.88,2.667,210.1413607,8.554,True
39,19-03-2010,1171431.1169999999,0,58.62,2.72,209.9803208,8.554,True
39,26-03-2010,1111585.194,0,54.83,2.732,209.7870932,8.554,True
39,02-04-2010,1317548.3580000002,0,63.31,2.719,209.5938656,8.464,True
39,09-04-2010,1194331.743,0,68.15,2.77,209.400638,8.464,True
39,16-04-2010,1118587.482,0,66.33,2.808,209.2691428,8.464,True
39,23-04-2010,1152208.665,0,67.64,2.795,209.2199574,8.464,True
39,30-04-2010,1137452.931,0,70.03,2.78,209.170772,8.464,True
39,07-05-2010,1220133.789,0,74.86,2.835,209.1215867,8.464,True
39,14-05-2010,1104297.93,0,77.49,2.854,209.118536,8.464,True
39,21-05-2010,1215606.582,0,76.67,2.826,209.3922937,8.464,True
39,28-05-2010,1228987.431,0,80.22,2.759,209.6660514,8.464,True
39,04-06-2010,1360987.155,0,79.83,2.705,209.9398091,8.464,True
39,11-06-2010,1234264.797,0,81.78,2.668,210.2135668,8.464,True
39,18-06-2010,1231481.205,0,83.96,2.637,210.2108417,8.464,True
39,25-06-2010,1152373.32,0,83.24,2.653,210.0975233,8.464,True
39,02-07-2010,1217292.93,0,81.35,2.669,209.984205,8.36,True
39,09-07-2010,1197426.123,0,81.1,2.642,209.8708867,8.36,True
39,16-07-2010,1205830.5119999999,0,83.86,2.623,209.8630532,8.36,True
39,23-07-2010,1183186.647,0,82.2,2.608,209.9958663,8.36,True
39,30-07-2010,1177400.016,0,80.99,2.64,210.1286794,8.36,True
39,06-08-2010,1268990.703,0,84.92,2.627,210.2614925,8.36,True
39,13-08-2010,1234319.094,0,85.66,2.692,210.3943056,8.36,True
39,20-08-2010,1324634.868,0,85.73,2.664,210.3617581,8.36,True
39,27-08-2010,1275764.337,0,84.31,2.619,210.3292106,8.36,True
39,03-09-2010,1210650.8490000002,0,82.13,2.577,210.2966631,8.36,True
39,10-09-2010,1151699.823,1,79.94,2.565,210.2641156,8.36,True
39,17-09-2010,1127623.8869999999,0,81.83,2.582,210.2924504,8.36,True
39,24-09-2010,1079504.5860000001,0,78.5,2.624,210.3664469,8.36,True
39,01-10-2010,1097625.5189999999,0,72.74,2.603,210.4404433,8.476,True
39,08-10-2010,1157938.7310000001,0,64.8,2.633,210.5144398,8.476,True
39,15-10-2010,1114867.8,0,69.96,2.72,210.5805944,8.476,True
39,22-10-2010,1134998.109,0,71.73,2.725,210.6271444,8.476,True
39,29-10-2010,1165292.172,0,75.14,2.716,210.6736944,8.476,True
39,05-11-2010,1164336.471,0,61.62,2.689,210.7202444,8.476,True
39,12-11-2010,1162258.839,0,62.21,2.728,210.7667944,8.476,True
39,19-11-2010,1233593.5860000001,0,55.5,2.771,210.65429,8.476,True
39,26-11-2010,1934419.6800000002,1,67.75,2.735,210.5152765,8.476,True
39,03-12-2010,1288719.882,0,53.55,2.708,210.376263,8.476,True
39,10-12-2010,1467508.0320000001,0,50.81,2.843,210.2372494,8.476,True
39,17-12-2010,1657955.214,0,55.31,2.869,210.1787224,8.476,True
39,24-12-2010,2245940.325,0,58.86,2.886,210.1805602,8.476,True
39,31-12-2010,1107010.944,1,52.45,2.943,210.182398,8.476,True
39,07-01-2011,1102027.6080000002,0,52.74,2.976,210.1842358,8.395,True
39,14-01-2011,1073879.451,0,41.74,2.983,210.2379731,8.395,True
39,21-01-2011,1119033.666,0,50.25,3.016,210.6031072,8.395,True
39,28-01-2011,1042828.596,0,47.94,3.01,210.9682412,8.395,True
39,04-02-2011,1209396.546,0,45.96,2.989,211.3333753,8.395,True
39,11-02-2011,1105104.501,1,40.34,3.022,211.6985093,8.395,True
39,18-02-2011,1201710.366,0,58.2,3.045,212.0063522,8.395,True
39,25-02-2011,1116829.071,0,67.77,3.065,212.2912786,8.395,True
39,04-03-2011,1184746.8869999999,0,63.56,3.288,212.576205,8.395,True
39,11-03-2011,1155345.1290000002,0,58.35,3.459,212.8611313,8.395,True
39,18-03-2011,1213569.0450000002,0,65.28,3.488,213.1096787,8.395,True
39,25-03-2011,1155901.311,0,71.17,3.473,213.3436744,8.395,True
39,01-04-2011,1185164.424,0,66.57,3.524,213.5776701,8.3,True
39,08-04-2011,1215581.544,0,69.45,3.622,213.8116658,8.3,True
39,15-04-2011,1213228.395,0,73.19,3.743,214.026217,8.3,True
39,22-04-2011,1406826.7650000001,0,74.98,3.807,214.1921572,8.3,True
39,29-04-2011,1241686.6830000002,0,76.47,3.81,214.3580974,8.3,True
39,06-05-2011,1233828.783,0,68.75,3.906,214.5240376,8.3,True
39,13-05-2011,1192520.493,0,77.39,3.899,214.6899778,8.3,True
39,20-05-2011,1236516.489,0,73.31,3.907,214.465412,8.3,True
39,27-05-2011,1265511.726,0,82.1,3.786,214.2408462,8.3,True
39,03-06-2011,1387571.0310000002,0,83.59,3.699,214.0162805,8.3,True
39,10-06-2011,1297882.8720000002,0,82.75,3.648,213.7917147,8.3,True
39,17-06-2011,1306253.403,0,85.21,3.637,213.7481256,8.3,True
39,24-06-2011,1226851.155,0,84.06,3.594,213.8402689,8.3,True
39,01-07-2011,1286846.424,0,84.93,3.524,213.9324122,8.177,True
39,08-07-2011,1273108.077,0,84.33,3.48,214.0245556,8.177,True
39,15-07-2011,1242231.408,0,85.96,3.575,214.1083654,8.177,True
39,22-07-2011,1274405.0310000002,0,84.6,3.651,214.1713416,8.177,True
39,29-07-2011,1283776.6770000001,0,86.24,3.682,214.2343177,8.177,True
39,05-08-2011,1366911.801,0,87.73,3.684,214.2972939,8.177,True
39,12-08-2011,1362650.373,0,88.27,3.638,214.3602701,8.177,True
39,19-08-2011,1466160.21,0,87.93,3.554,214.4239935,8.177,True
39,26-08-2011,1416508.767,0,86.49,3.523,214.4878416,8.177,True
39,02-09-2011,1318580.8650000002,0,88.65,3.533,214.5516896,8.177,True
39,09-09-2011,1286411.2740000002,1,79.15,3.546,214.6155376,8.177,True
39,16-09-2011,1235250.567,0,83.11,3.526,214.7934111,8.177,True
39,23-09-2011,1204792.155,0,78.75,3.467,215.1233185,8.177,True
39,30-09-2011,1180598.2470000002,0,81.51,3.355,215.4532259,8.177,True
39,07-10-2011,1299495.951,0,71.68,3.285,215.7831333,7.716,True
39,14-10-2011,1246249.6560000002,0,73.79,3.274,216.0885258,7.716,True
39,21-10-2011,1318754.9610000001,0,67.65,3.353,216.2468287,7.716,True
39,28-10-2011,1325396.79,0,71.05,3.372,216.4051315,7.716,True
39,04-11-2011,1398266.631,0,58.04,3.332,216.5634344,7.716,True
39,11-11-2011,1311261.642,0,63.11,3.297,216.7217373,7.716,True
39,18-11-2011,1359357.543,0,66.09,3.308,216.9395861,7.716,True
39,25-11-2011,2104949.16,1,66.36,3.236,217.1812533,7.716,True
39,02-12-2011,1469605.1220000002,0,53.14,3.172,217.4229206,7.716,True
39,09-12-2011,1603375.8930000002,0,49.36,3.158,217.6645878,7.716,True
39,16-12-2011,1792641.645,0,58.58,3.159,217.8781339,7.716,True
39,23-12-2011,2299034.556,0,54.62,3.112,218.0541851,7.716,True
39,30-12-2011,1383425.604,1,47.6,3.129,218.2302364,7.716,True
39,06-01-2012,1330684.1369999999,0,55.83,3.157,218.4062876,7.244,True
39,13-01-2012,1232212.833,0,54.66,3.261,218.5823389,7.244,True
39,20-01-2012,1255356.9270000001,0,58.04,3.268,218.6755292,7.244,True
39,27-01-2012,1188271.449,0,60.65,3.29,218.7687195,7.244,True
39,03-02-2012,1256535.135,0,60.69,3.36,218.8619099,7.244,True
39,10-02-2012,1298689.596,1,52.89,3.409,218.9551002,7.244,True
39,17-02-2012,1359937.521,0,52.75,3.51,219.1148297,7.244,True
39,24-02-2012,1270858.536,0,61.1,3.555,219.3244636,7.244,True
39,02-03-2012,1307742.318,0,64.05,3.63,219.5340975,7.244,True
39,09-03-2012,1323687.915,0,61.64,3.669,219.7437314,7.244,True
39,16-03-2012,1370178.963,0,65.81,3.734,219.8956335,7.244,True
39,23-03-2012,1322634.033,0,67.91,3.787,219.9705599,7.244,True
39,30-03-2012,1349754.318,0,69.11,3.845,220.0454862,7.244,True
39,06-04-2012,1588363.146,0,73.49,3.891,220.1204125,6.989,True
39,13-04-2012,1422659.457,0,71.59,3.891,220.1953389,6.989,True
39,20-04-2012,1290051.936,0,70.04,3.877,220.2483937,6.989,True
39,27-04-2012,1311297.48,0,69.11,3.814,220.3014485,6.989,True
39,04-05-2012,1361004.6060000001,0,77.15,3.749,220.3545033,6.989,True
39,11-05-2012,1323713.169,0,75.52,3.688,220.4075581,6.989,True
39,18-05-2012,1370680.686,0,72.36,3.63,220.4252149,6.989,True
39,25-05-2012,1436432.994,0,78.31,3.561,220.4287124,6.989,True
39,01-06-2012,1476429.093,0,80.33,3.501,220.4322099,6.989,True
39,08-06-2012,1461098.016,0,81.12,3.452,220.4357073,6.989,True
39,15-06-2012,1428749.838,0,81.33,3.393,220.4494148,6.989,True
39,22-06-2012,1379085.111,0,79.84,3.346,220.4886472,6.989,True
39,29-06-2012,1343150.082,0,85.72,3.286,220.5278796,6.989,True
39,06-07-2012,1493299.791,0,81.05,3.227,220.567112,6.623,True
39,13-07-2012,1324135.584,0,78.16,3.256,220.6063444,6.623,True
39,20-07-2012,1423951.443,0,80.32,3.311,220.6148749,6.623,True
39,27-07-2012,1339017.786,0,82.89,3.407,220.6234054,6.623,True
39,03-08-2012,1447449.966,0,84.05,3.417,220.6319358,6.623,True
39,10-08-2012,1477681.128,0,83.47,3.494,220.6404663,6.623,True
39,17-08-2012,1548199.719,0,84.72,3.571,220.7199609,6.623,True
39,24-08-2012,1552202.7750000001,0,80.49,3.62,220.8526787,6.623,True
39,31-08-2012,1539831.546,0,83.72,3.638,220.9853964,6.623,True
39,07-09-2012,1448830.575,1,83.71,3.73,221.1181142,6.623,True
39,14-09-2012,1302852.672,0,76.71,3.717,221.2601207,6.623,True
39,21-09-2012,1400105.259,0,73.58,3.721,221.4578604,6.623,True
39,28-09-2012,1346046.3630000001,0,78.04,3.666,221.6556,6.623,True
39,05-10-2012,1416967.803,0,72.05,3.617,221.8533396,6.228,True
39,12-10-2012,1344975.3630000001,0,69.88,3.601,222.0510793,6.228,True
39,19-10-2012,1419737.6970000002,0,71.45,3.594,222.0951719,6.228,True
39,26-10-2012,1412551.8,0,72.9,3.506,222.1136566,6.228,True
40,05-02-2010,901749.42,0,14.48,2.788,131.5279032,5.892,True
40,12-02-2010,859804.461,1,20.84,2.771,131.5866129,5.892,True
40,19-02-2010,824660.28,0,27.84,2.747,131.637,5.892,True
40,26-02-2010,777525.669,0,33.32,2.753,131.686,5.892,True
40,05-03-2010,891137.052,0,34.78,2.766,131.735,5.892,True
40,12-03-2010,809417.16,0,35.1,2.805,131.784,5.892,True
40,19-03-2010,805378.77,0,40.54,2.834,131.8242903,5.892,True
40,26-03-2010,786019.122,0,39.51,2.831,131.863129,5.892,True
40,02-04-2010,937081.917,0,41.39,2.826,131.9019677,5.435,True
40,09-04-2010,827855.271,0,54.31,2.849,131.9408065,5.435,True
40,16-04-2010,794373.264,0,43.3,2.885,131.9809,5.435,True
40,23-04-2010,760462.6410000001,0,45.85,2.895,132.0226667,5.435,True
40,30-04-2010,735154.479,0,46.5,2.935,132.0644333,5.435,True
40,07-05-2010,908817.354,0,60.05,2.981,132.1062,5.435,True
40,14-05-2010,816536.223,0,45.5,2.983,132.152129,5.435,True
40,21-05-2010,797052.5190000001,0,56.75,2.961,132.2230323,5.435,True
40,28-05-2010,907634.7629999999,0,67.88,2.906,132.2939355,5.435,True
40,04-06-2010,947186.1270000001,0,65.7,2.857,132.3648387,5.435,True
40,11-06-2010,906817.2030000001,0,59.42,2.83,132.4357419,5.435,True
40,18-06-2010,875794.77,0,60.97,2.805,132.4733333,5.435,True
40,25-06-2010,846364.527,0,69.72,2.81,132.4976,5.435,True
40,02-07-2010,978820.902,0,65.47,2.815,132.5218667,5.326,True
40,09-07-2010,952425.8189999999,0,76.67,2.806,132.5461333,5.326,True
40,16-07-2010,863306.181,0,74.25,2.796,132.5667742,5.326,True
40,23-07-2010,830107.6379999999,0,71.79,2.784,132.5825806,5.326,True
40,30-07-2010,858053.718,0,71.35,2.792,132.5983871,5.326,True
40,06-08-2010,951566.2830000002,0,69.16,2.792,132.6141935,5.326,True
40,13-08-2010,831610.584,0,67.47,2.81,132.63,5.326,True
40,20-08-2010,839157.3,0,67.05,2.796,132.6616129,5.326,True
40,27-08-2010,830095.218,0,62.57,2.77,132.6932258,5.326,True
40,03-09-2010,878808.0059999999,0,70.66,2.735,132.7248387,5.326,True
40,10-09-2010,870579.738,1,62.75,2.717,132.7564516,5.326,True
40,17-09-2010,769542.255,0,55.34,2.716,132.7670667,5.326,True
40,24-09-2010,759935.979,0,55.63,2.718,132.7619333,5.326,True
40,01-10-2010,802037.097,0,62.01,2.717,132.7568,5.287,True
40,08-10-2010,875164.8420000001,0,52.02,2.776,132.7516667,5.287,True
40,15-10-2010,826094.853,0,44.56,2.878,132.7633548,5.287,True
40,22-10-2010,793962.819,0,41.25,2.919,132.8170968,5.287,True
40,29-10-2010,787534.956,0,47.1,2.938,132.8708387,5.287,True
40,05-11-2010,871443.594,0,36.45,2.938,132.9245806,5.287,True
40,12-11-2010,841933.188,0,38.5,2.961,132.9783226,5.287,True
40,19-11-2010,767207.6370000001,0,40.52,3.03,132.9172,5.287,True
40,26-11-2010,1049528.5650000002,1,32.94,3.07,132.8369333,5.287,True
40,03-12-2010,900523.854,0,33.6,3.065,132.7566667,5.287,True
40,10-12-2010,1000094.148,0,21.64,3.132,132.6764,5.287,True
40,17-12-2010,1061132.6700000002,0,23.01,3.139,132.6804516,5.287,True
40,24-12-2010,1483946.2619999999,0,24.18,3.15,132.7477419,5.287,True
40,31-12-2010,730186.4700000001,1,19.29,3.177,132.8150323,5.287,True
40,07-01-2011,804852.171,0,24.05,3.193,132.8823226,5.114,True
40,14-01-2011,694184.058,0,18.55,3.215,132.9510645,5.114,True
40,21-01-2011,687613.275,0,14.64,3.232,133.0285161,5.114,True
40,28-01-2011,698319.3870000001,0,9.51,3.243,133.1059677,5.114,True
40,04-02-2011,813835.485,0,13.29,3.24,133.1834194,5.114,True
40,11-02-2011,838745.5680000001,1,16.87,3.255,133.260871,5.114,True
40,18-02-2011,871825.005,0,21.82,3.263,133.3701429,5.114,True
40,25-02-2011,799982.343,0,16.5,3.281,133.4921429,5.114,True
40,04-03-2011,879363.558,0,18.49,3.437,133.6141429,5.114,True
40,11-03-2011,774230.022,0,30.53,3.6,133.7361429,5.114,True
40,18-03-2011,783921.834,0,35.76,3.634,133.8492258,5.114,True
40,25-03-2011,751159.251,0,28.89,3.624,133.9587419,5.114,True
40,01-04-2011,757700.172,0,28.6,3.638,134.0682581,4.781,True
40,08-04-2011,852977.988,0,34.77,3.72,134.1777742,4.781,True
40,15-04-2011,787001.688,0,43.69,3.823,134.2784667,4.781,True
40,22-04-2011,868550.76,0,39.32,3.919,134.3571,4.781,True
40,29-04-2011,762521.85,0,52.68,3.988,134.4357333,4.781,True
40,06-05-2011,915077.295,0,50.81,4.078,134.5143667,4.781,True
40,13-05-2011,813477.618,0,54.09,4.095,134.593,4.781,True
40,20-05-2011,816399.747,0,56.38,4.101,134.6803871,4.781,True
40,27-05-2011,875136.4290000001,0,63.11,4.034,134.7677742,4.781,True
40,03-06-2011,968118.966,0,66.16,3.973,134.8551613,4.781,True
40,10-06-2011,885902.4360000001,0,64.19,3.924,134.9425484,4.781,True
40,17-06-2011,874280.403,0,59.16,3.873,135.0837333,4.781,True
40,24-06-2011,879393.2760000001,0,62.59,3.851,135.2652667,4.781,True
40,01-07-2011,943979.67,0,65.25,3.815,135.4468,4.584,True
40,08-07-2011,996629.454,0,67.86,3.784,135.6283333,4.584,True
40,15-07-2011,857926.926,0,68.9,3.827,135.7837419,4.584,True
40,22-07-2011,882577.89,0,73.34,3.882,135.8738387,4.584,True
40,29-07-2011,836187.2100000001,0,67.45,3.898,135.9639355,4.584,True
40,05-08-2011,957436.38,0,68.1,3.903,136.0540323,4.584,True
40,12-08-2011,859956.255,0,68.3,3.88,136.144129,4.584,True
40,19-08-2011,848913.408,0,64.05,3.82,136.183129,4.584,True
40,26-08-2011,872650.17,0,65.01,3.796,136.2136129,4.584,True
40,02-09-2011,861568.434,0,63.79,3.784,136.2440968,4.584,True
40,09-09-2011,919252.791,1,64.83,3.809,136.2745806,4.584,True
40,16-09-2011,801595.611,0,58.28,3.809,136.3145,4.584,True
40,23-09-2011,788925.582,0,54.09,3.758,136.367,4.584,True
40,30-09-2011,821571.39,0,63.45,3.684,136.4195,4.584,True
40,07-10-2011,963350.982,0,50.21,3.633,136.472,4.42,True
40,14-10-2011,843076.5120000001,0,53.9,3.583,136.5150968,4.42,True
40,21-10-2011,848087.685,0,51.61,3.618,136.5017742,4.42,True
40,28-10-2011,847508.355,0,42.09,3.604,136.4884516,4.42,True
40,04-11-2011,910189.062,0,35.4,3.586,136.475129,4.42,True
40,11-11-2011,933918.363,0,40.75,3.57,136.4618065,4.42,True
40,18-11-2011,814859.991,0,41.85,3.571,136.4666667,4.42,True
40,25-11-2011,1107010.755,1,32.76,3.536,136.4788,4.42,True
40,02-12-2011,953708.9580000001,0,38.51,3.501,136.4909333,4.42,True
40,09-12-2011,1042838.082,0,34.48,3.47,136.5030667,4.42,True
40,16-12-2011,1078803.171,0,29.53,3.445,136.5335161,4.42,True
40,23-12-2011,1441427.13,0,24.46,3.413,136.5883871,4.42,True
40,30-12-2011,817967.8350000001,1,18.75,3.402,136.6432581,4.42,True
40,06-01-2012,859119.174,0,23.29,3.439,136.698129,4.261,True
40,13-01-2012,702546.768,0,25.9,3.523,136.753,4.261,True
40,20-01-2012,730228.878,0,14.02,3.542,136.8564194,4.261,True
40,27-01-2012,693141.5610000001,0,22.91,3.568,136.9598387,4.261,True
40,03-02-2012,881597.106,0,27.86,3.633,137.0632581,4.261,True
40,10-02-2012,899806.932,1,23.92,3.655,137.1666774,4.261,True
40,17-02-2012,877950.783,0,25.56,3.703,137.2583103,4.261,True
40,24-02-2012,827371.6290000001,0,29.88,3.751,137.3411034,4.261,True
40,02-03-2012,834958.8180000001,0,23.79,3.827,137.4238966,4.261,True
40,09-03-2012,858810.483,0,30.58,3.876,137.5066897,4.261,True
40,16-03-2012,802038.7620000001,0,37.13,3.867,137.5843871,4.261,True
40,23-03-2012,760041.774,0,52.27,3.889,137.6552903,4.261,True
40,30-03-2012,784751.076,0,36.25,3.921,137.7261935,4.261,True
40,06-04-2012,1018857.807,0,36.54,3.957,137.7970968,4.125,True
40,13-04-2012,772030.0530000001,0,40.65,4.025,137.868,4.125,True
40,20-04-2012,807281.937,0,55.3,4.046,137.9230667,4.125,True
40,27-04-2012,787835.6190000001,0,47.51,4.023,137.9781333,4.125,True
40,04-05-2012,893980.431,0,44.47,3.991,138.0332,4.125,True
40,11-05-2012,870956.415,0,52.06,3.947,138.0882667,4.125,True
40,18-05-2012,806665.8690000001,0,57.59,3.899,138.1065806,4.125,True
40,25-05-2012,891949.041,0,65.25,3.85,138.1101935,4.125,True
40,01-06-2012,933717.843,0,64.75,3.798,138.1138065,4.125,True
40,08-06-2012,971448.1919999999,0,55.78,3.746,138.1174194,4.125,True
40,15-06-2012,880155.2520000001,0,63.39,3.683,138.1295333,4.125,True
40,22-06-2012,930196.962,0,69.32,3.629,138.1629,4.125,True
40,29-06-2012,889888.356,0,64.42,3.577,138.1962667,4.125,True
40,06-07-2012,1064611.404,0,69.08,3.538,138.2296333,4.156,True
40,13-07-2012,881863.839,0,67.48,3.561,138.263,4.156,True
40,20-07-2012,871652.142,0,70.45,3.61,138.2331935,4.156,True
40,27-07-2012,858957.165,0,67.88,3.701,138.2033871,4.156,True
40,03-08-2012,961512.084,0,70.15,3.698,138.1735806,4.156,True
40,10-08-2012,907115.787,0,70.09,3.772,138.1437742,4.156,True
40,17-08-2012,872448.732,0,69.41,3.84,138.1857097,4.156,True
40,24-08-2012,850786.623,0,63.91,3.874,138.2814516,4.156,True
40,31-08-2012,888538.2030000001,0,66.11,3.884,138.3771935,4.156,True
40,07-09-2012,979423.5599999999,1,65.06,3.921,138.4729355,4.156,True
40,14-09-2012,811538.838,0,59.38,3.988,138.5673,4.156,True
40,21-09-2012,809791.56,0,54.12,4.056,138.6534,4.156,True
40,28-09-2012,827635.896,0,50.98,4.018,138.7395,4.156,True
40,05-10-2012,962200.8,0,57.21,4.027,138.8256,4.145,True
40,12-10-2012,884270.934,0,47.35,4.029,138.9117,4.145,True
40,19-10-2012,826353.4500000001,0,46.33,4.0,138.8336129,4.145,True
40,26-10-2012,829138.0680000001,0,49.65,3.917,138.7281613,4.145,True
41,05-02-2010,977879.862,0,30.27,2.58,189.3816974,7.541,True
41,12-02-2010,968090.7060000001,1,23.04,2.572,189.4642725,7.541,True
41,19-02-2010,946831.2660000001,0,24.13,2.55,189.5340998,7.541,True
41,26-02-2010,892747.557,0,21.84,2.586,189.6018023,7.541,True
41,05-03-2010,957201.741,0,32.49,2.62,189.6695049,7.541,True
41,12-03-2010,921597.939,0,33.4,2.684,189.7372075,7.541,True
41,19-03-2010,905937.921,0,36.7,2.692,189.734262,7.541,True
41,26-03-2010,913676.814,0,32.3,2.717,189.7195417,7.541,True
41,02-04-2010,1051943.751,0,41.31,2.725,189.7048215,7.363,True
41,09-04-2010,973942.389,0,37.3,2.75,189.6901012,7.363,True
41,16-04-2010,939049.9110000001,0,46.79,2.765,189.6628845,7.363,True
41,23-04-2010,960606.666,0,45.29,2.776,189.6190057,7.363,True
41,30-04-2010,957564.0990000002,0,40.2,2.766,189.575127,7.363,True
41,07-05-2010,1058164.398,0,41.5,2.771,189.5312483,7.363,True
41,14-05-2010,1004795.118,0,40.23,2.788,189.4904116,7.363,True
41,21-05-2010,1046910.8970000001,0,50.59,2.776,189.467827,7.363,True
41,28-05-2010,1121988.816,0,56.97,2.737,189.4452425,7.363,True
41,04-06-2010,1174561.29,0,60.13,2.7,189.422658,7.363,True
41,11-06-2010,1095479.451,0,63.36,2.684,189.4000734,7.363,True
41,18-06-2010,1082666.7540000002,0,54.9,2.674,189.4185259,7.363,True
41,25-06-2010,1056788.568,0,66.0,2.715,189.4533931,7.363,True
41,02-07-2010,1145951.811,0,69.39,2.728,189.4882603,7.335,True
41,09-07-2010,1058471.631,0,60.93,2.711,189.5231276,7.335,True
41,16-07-2010,1061809.542,0,69.06,2.699,189.6125456,7.335,True
41,23-07-2010,1072992.4830000002,0,70.77,2.691,189.774698,7.335,True
41,30-07-2010,1090022.967,0,70.07,2.69,189.9368504,7.335,True
41,06-08-2010,1204319.448,0,69.21,2.69,190.0990028,7.335,True
41,13-08-2010,1157378.877,0,70.24,2.723,190.2611552,7.335,True
41,20-08-2010,1218454.551,0,66.19,2.732,190.2948237,7.335,True
41,27-08-2010,1055818.467,0,70.59,2.731,190.3284922,7.335,True
41,03-09-2010,1101019.95,0,64.13,2.773,190.3621607,7.335,True
41,10-09-2010,1055405.043,1,63.3,2.78,190.3958293,7.335,True
41,17-09-2010,1000053.8189999999,0,62.4,2.8,190.4688287,7.335,True
41,24-09-2010,999847.6020000001,0,60.11,2.793,190.5713264,7.335,True
41,01-10-2010,998294.7150000001,0,62.67,2.759,190.6738241,7.508,True
41,08-10-2010,1045838.0160000001,0,57.1,2.745,190.7763218,7.508,True
41,15-10-2010,1020521.9970000001,0,49.91,2.762,190.8623087,7.508,True
41,22-10-2010,1040403.33,0,48.09,2.762,190.9070184,7.508,True
41,29-10-2010,1030369.104,0,42.16,2.748,190.951728,7.508,True
41,05-11-2010,1047490.6410000001,0,46.74,2.729,190.9964377,7.508,True
41,12-11-2010,1057793.607,0,38.99,2.737,191.0411474,7.508,True
41,19-11-2010,1054939.752,0,31.34,2.758,191.0312172,7.508,True
41,26-11-2010,1680013.4130000002,1,25.3,2.742,191.0121805,7.508,True
41,03-12-2010,1098104.175,0,33.0,2.712,190.9931437,7.508,True
41,10-12-2010,1291417.317,0,33.9,2.728,190.9741069,7.508,True
41,17-12-2010,1465114.212,0,31.51,2.778,191.0303376,7.508,True
41,24-12-2010,2002515.057,0,29.81,2.781,191.1430189,7.508,True
41,31-12-2010,901611.1440000001,1,25.19,2.829,191.2557002,7.508,True
41,07-01-2011,1038236.8770000001,0,23.76,2.882,191.3683815,7.241,True
41,14-01-2011,947348.244,0,22.44,2.911,191.4784939,7.241,True
41,21-01-2011,979223.2200000001,0,32.7,2.973,191.5731924,7.241,True
41,28-01-2011,923795.937,0,32.23,3.008,191.667891,7.241,True
41,04-02-2011,1061478.45,0,14.56,3.011,191.7625895,7.241,True
41,11-02-2011,1035003.0240000001,1,16.81,3.037,191.8572881,7.241,True
41,18-02-2011,1083059.676,0,39.39,3.051,191.9178331,7.241,True
41,25-02-2011,989743.4369999999,0,26.1,3.101,191.9647167,7.241,True
41,04-03-2011,1106331.93,0,34.99,3.232,192.0116004,7.241,True
41,11-03-2011,1043180.6400000001,0,31.6,3.372,192.058484,7.241,True
41,18-03-2011,1003953.834,0,40.19,3.406,192.1237981,7.241,True
41,25-03-2011,1026520.3439999999,0,41.11,3.414,192.1964844,7.241,True
41,01-04-2011,1061212.932,0,38.16,3.461,192.2691707,6.934,True
41,08-04-2011,1085626.908,0,42.87,3.532,192.3418571,6.934,True
41,15-04-2011,1073683.8630000001,0,39.94,3.611,192.4225954,6.934,True
41,22-04-2011,1174033.575,0,42.86,3.636,192.5234638,6.934,True
41,29-04-2011,1060956.945,0,39.81,3.663,192.6243322,6.934,True
41,06-05-2011,1120461.219,0,41.2,3.735,192.7252006,6.934,True
41,13-05-2011,1143023.166,0,50.29,3.767,192.826069,6.934,True
41,20-05-2011,1120088.097,0,41.11,3.828,192.831317,6.934,True
41,27-05-2011,1150473.897,0,50.56,3.795,192.8365651,6.934,True
41,03-06-2011,1167826.455,0,54.81,3.763,192.8418131,6.934,True
41,10-06-2011,1180521.0990000002,0,61.1,3.735,192.8470612,6.934,True
41,17-06-2011,1160236.6560000002,0,62.3,3.697,192.9034759,6.934,True
41,24-06-2011,1119943.7820000001,0,59.54,3.661,192.9982655,6.934,True
41,01-07-2011,1200013.002,0,67.01,3.597,193.0930552,6.901,True
41,08-07-2011,1204976.3220000002,0,68.49,3.54,193.1878448,6.901,True
41,15-07-2011,1121195.43,0,68.18,3.532,193.3125484,6.901,True
41,22-07-2011,1163547.837,0,74.11,3.545,193.5120367,6.901,True
41,29-07-2011,1123497.09,0,71.3,3.547,193.711525,6.901,True
41,05-08-2011,1262010.321,0,72.19,3.554,193.9110133,6.901,True
41,12-08-2011,1221020.892,0,67.65,3.542,194.1105017,6.901,True
41,19-08-2011,1271663.973,0,70.55,3.499,194.2500634,6.901,True
41,26-08-2011,1195866.639,0,71.61,3.485,194.3796374,6.901,True
41,02-09-2011,1155464.442,0,70.37,3.511,194.5092113,6.901,True
41,09-09-2011,1152863.073,1,58.31,3.566,194.6387853,6.901,True
41,16-09-2011,1077317.451,0,54.82,3.596,194.7419707,6.901,True
41,23-09-2011,1055753.811,0,55.06,3.581,194.8099713,6.901,True
41,30-09-2011,1044557.6490000001,0,61.77,3.538,194.8779718,6.901,True
41,07-10-2011,1150094.493,0,58.74,3.498,194.9459724,6.759,True
41,14-10-2011,1122417.198,0,47.43,3.491,195.0261012,6.759,True
41,21-10-2011,1093449.861,0,45.62,3.548,195.1789994,6.759,True
41,28-10-2011,1147016.718,0,37.02,3.55,195.3318977,6.759,True
41,04-11-2011,1184116.374,0,35.04,3.527,195.4847959,6.759,True
41,11-11-2011,1172249.307,0,32.87,3.505,195.6376941,6.759,True
41,18-11-2011,1107106.218,0,36.64,3.479,195.7184713,6.759,True
41,25-11-2011,1716042.0150000001,1,36.37,3.424,195.7704,6.759,True
41,02-12-2011,1163192.607,0,34.53,3.378,195.8223287,6.759,True
41,09-12-2011,1393795.305,0,17.05,3.331,195.8742575,6.759,True
41,16-12-2011,1514131.4880000001,0,25.01,3.266,195.9841685,6.759,True
41,23-12-2011,2037350.4120000002,0,25.59,3.173,196.1713893,6.759,True
41,30-12-2011,1137612.744,1,34.12,3.119,196.3586101,6.759,True
41,06-01-2012,1087372.449,0,37.21,3.095,196.5458309,6.589,True
41,13-01-2012,1021290.552,0,27.49,3.077,196.7330517,6.589,True
41,20-01-2012,1004665.716,0,31.56,3.055,196.7796652,6.589,True
41,27-01-2012,971458.9290000001,0,33.15,3.038,196.8262786,6.589,True
41,03-02-2012,1087943.04,0,31.65,3.031,196.8728921,6.589,True
41,10-02-2012,1114960.104,1,22.0,3.103,196.9195056,6.589,True
41,17-02-2012,1197406.314,0,22.52,3.113,196.9432711,6.589,True
41,24-02-2012,1102424.094,0,27.89,3.129,196.9499007,6.589,True
41,02-03-2012,1115831.9340000001,0,27.39,3.191,196.9565303,6.589,True
41,09-03-2012,1119433.293,0,35.3,3.286,196.9631599,6.589,True
41,16-03-2012,1081360.458,0,47.76,3.486,197.0457208,6.589,True
41,23-03-2012,1093818.942,0,44.04,3.664,197.2295234,6.589,True
41,30-03-2012,1115480.871,0,51.56,3.75,197.4133259,6.589,True
41,06-04-2012,1314210.8790000002,0,48.48,3.854,197.5971285,6.547,True
41,13-04-2012,1190704.257,0,46.84,3.901,197.780931,6.547,True
41,20-04-2012,1098733.797,0,43.57,3.936,197.7227385,6.547,True
41,27-04-2012,1124055.585,0,57.66,3.927,197.664546,6.547,True
41,04-05-2012,1223793.6570000001,0,52.86,3.903,197.6063534,6.547,True
41,11-05-2012,1217956.59,0,50.22,3.87,197.5481609,6.547,True
41,18-05-2012,1198362.996,0,55.24,3.837,197.5553137,6.547,True
41,25-05-2012,1282050.423,0,54.89,3.804,197.5886046,6.547,True
41,01-06-2012,1237402.2240000002,0,57.29,3.764,197.6218954,6.547,True
41,08-06-2012,1292745.456,0,65.11,3.741,197.6551863,6.547,True
41,15-06-2012,1246126.131,0,64.92,3.723,197.692292,6.547,True
41,22-06-2012,1247766.453,0,66.88,3.735,197.7389345,6.547,True
41,29-06-2012,1220040.009,0,76.54,3.693,197.785577,6.547,True
41,06-07-2012,1310670.801,0,74.47,3.646,197.8322195,6.432,True
41,13-07-2012,1199334.6630000002,0,67.24,3.613,197.8788621,6.432,True
41,20-07-2012,1212458.337,0,74.06,3.585,197.9290378,6.432,True
41,27-07-2012,1210251.573,0,73.31,3.57,197.9792136,6.432,True
41,03-08-2012,1295646.6150000002,0,73.16,3.528,198.0293893,6.432,True
41,10-08-2012,1354091.346,0,71.73,3.509,198.0795651,6.432,True
41,17-08-2012,1404531.0450000002,0,65.77,3.545,198.1001057,6.432,True
41,24-08-2012,1318016.5650000002,0,69.07,3.558,198.0984199,6.432,True
41,31-08-2012,1224465.7680000002,0,71.56,3.556,198.0967341,6.432,True
41,07-09-2012,1252929.438,1,67.41,3.596,198.0950484,6.432,True
41,14-09-2012,1175979.825,0,59.39,3.659,198.1267184,6.432,True
41,21-09-2012,1148948.424,0,59.81,3.765,198.358523,6.432,True
41,28-09-2012,1177135.209,0,56.08,3.789,198.5903276,6.432,True
41,05-10-2012,1260144.855,0,50.14,3.779,198.8221322,6.195,True
41,12-10-2012,1268590.473,0,39.38,3.76,199.0539368,6.195,True
41,19-10-2012,1193577.516,0,49.56,3.75,199.1481963,6.195,True
41,26-10-2012,1184888.331,0,41.8,3.686,199.2195317,6.195,True
42,05-02-2010,489045.609,0,54.34,2.962,126.4420645,9.765,True
42,12-02-2010,518138.964,1,49.96,2.828,126.4962581,9.765,True
42,19-02-2010,457915.38300000003,0,58.22,2.915,126.5262857,9.765,True
42,26-02-2010,442359.522,0,52.77,2.825,126.5522857,9.765,True
42,05-03-2010,499475.1780000001,0,55.92,2.877,126.5782857,9.765,True
42,12-03-2010,529527.258,0,52.33,3.034,126.6042857,9.765,True
42,19-03-2010,467922.69,0,61.46,3.054,126.6066452,9.765,True
42,26-03-2010,430219.512,0,60.05,2.98,126.6050645,9.765,True
42,02-04-2010,455316.669,0,63.66,3.086,126.6034839,9.524,True
42,09-04-2010,524297.034,0,65.29,3.004,126.6019032,9.524,True
42,16-04-2010,494575.34400000004,0,69.74,3.109,126.5621,9.524,True
42,23-04-2010,443128.293,0,66.42,3.05,126.4713333,9.524,True
42,30-04-2010,429854.283,0,69.76,3.105,126.3805667,9.524,True
42,07-05-2010,524561.598,0,71.06,3.127,126.2898,9.524,True
42,14-05-2010,507910.99500000005,0,73.88,3.145,126.2085484,9.524,True
42,21-05-2010,453962.844,0,78.32,3.12,126.1843871,9.524,True
42,28-05-2010,435687.32700000005,0,76.67,3.058,126.1602258,9.524,True
42,04-06-2010,500441.50800000003,0,82.82,2.941,126.1360645,9.524,True
42,11-06-2010,546496.74,0,89.67,3.057,126.1119032,9.524,True
42,18-06-2010,476476.776,0,83.49,2.935,126.114,9.524,True
42,25-06-2010,435894.804,0,90.32,3.084,126.1266,9.524,True
42,02-07-2010,456451.92,0,92.89,2.978,126.1392,9.199,True
42,09-07-2010,513062.532,0,91.03,3.1,126.1518,9.199,True
42,16-07-2010,502953.543,0,91.8,2.971,126.1498065,9.199,True
42,23-07-2010,442004.274,0,88.44,3.112,126.1283548,9.199,True
42,30-07-2010,422638.713,0,85.03,3.017,126.1069032,9.199,True
42,06-08-2010,521589.789,0,86.13,3.123,126.0854516,9.199,True
42,13-08-2010,524771.973,0,88.37,3.049,126.064,9.199,True
42,20-08-2010,450851.06700000004,0,89.88,3.041,126.0766452,9.199,True
42,27-08-2010,419394.15900000004,0,84.99,3.022,126.0892903,9.199,True
42,03-09-2010,472192.2540000001,0,83.8,3.087,126.1019355,9.199,True
42,10-09-2010,530181.9360000001,1,84.04,2.961,126.1145806,9.199,True
42,17-09-2010,483184.42199999996,0,85.52,3.028,126.1454667,9.199,True
42,24-09-2010,443036.66400000005,0,85.75,2.939,126.1900333,9.199,True
42,01-10-2010,433371.537,0,86.01,3.001,126.2346,9.003,True
42,08-10-2010,539783.505,0,77.04,2.924,126.2791667,9.003,True
42,15-10-2010,503356.815,0,75.48,3.08,126.3266774,9.003,True
42,22-10-2010,470220.759,0,68.12,3.014,126.3815484,9.003,True
42,29-10-2010,429270.885,0,68.76,3.13,126.4364194,9.003,True
42,05-11-2010,508851.36000000004,0,71.04,3.009,126.4912903,9.003,True
42,12-11-2010,529733.349,0,61.24,3.13,126.5461613,9.003,True
42,19-11-2010,471884.589,0,58.83,3.047,126.6072,9.003,True
42,26-11-2010,470067.03900000005,1,55.33,3.162,126.6692667,9.003,True
42,03-12-2010,450225.72,0,51.17,3.041,126.7313333,9.003,True
42,10-12-2010,526657.716,0,60.51,3.091,126.7934,9.003,True
42,17-12-2010,483710.085,0,59.15,3.125,126.8794839,9.003,True
42,24-12-2010,499567.743,0,57.06,3.236,126.9835806,9.003,True
42,31-12-2010,386058.24,1,49.67,3.148,127.0876774,9.003,True
42,07-01-2011,533652.975,0,43.43,3.287,127.1917742,8.744,True
42,14-01-2011,552509.235,0,49.98,3.312,127.3009355,8.744,True
42,21-01-2011,480073.158,0,56.75,3.336,127.4404839,8.744,True
42,28-01-2011,449173.611,0,53.03,3.231,127.5800323,8.744,True
42,04-02-2011,528197.544,0,44.88,3.348,127.7195806,8.744,True
42,11-02-2011,565257.492,1,51.51,3.381,127.859129,8.744,True
42,18-02-2011,500836.58999999997,0,61.77,3.43,127.99525,8.744,True
42,25-02-2011,474213.67199999996,0,53.59,3.398,128.13,8.744,True
42,04-03-2011,513791.13600000006,0,56.96,3.674,128.26475,8.744,True
42,11-03-2011,546565.104,0,64.22,3.63,128.3995,8.744,True
42,18-03-2011,502415.388,0,70.12,3.892,128.5121935,8.744,True
42,25-03-2011,470406.25800000003,0,62.53,3.716,128.6160645,8.744,True
42,01-04-2011,457588.953,0,67.64,3.772,128.7199355,8.494,True
42,08-04-2011,558078.615,0,73.03,3.818,128.8238065,8.494,True
42,15-04-2011,537879.618,0,61.05,4.089,128.9107333,8.494,True
42,22-04-2011,481137.921,0,75.93,3.917,128.9553,8.494,True
42,29-04-2011,446409.153,0,73.38,4.151,128.9998667,8.494,True
42,06-05-2011,551103.615,0,73.56,4.193,129.0444333,8.494,True
42,13-05-2011,542722.275,0,74.04,4.202,129.089,8.494,True
42,20-05-2011,472103.95499999996,0,72.62,3.99,129.0756774,8.494,True
42,27-05-2011,452965.761,0,78.62,3.933,129.0623548,8.494,True
42,03-06-2011,490598.37000000005,0,81.87,3.893,129.0490323,8.494,True
42,10-06-2011,555031.791,0,84.57,3.981,129.0357097,8.494,True
42,17-06-2011,492008.085,0,87.96,3.935,129.0432,8.494,True
42,24-06-2011,451602.594,0,90.69,3.807,129.0663,8.494,True
42,01-07-2011,455709.44700000004,0,95.36,3.842,129.0894,8.257,True
42,08-07-2011,533910.843,0,88.57,3.793,129.1125,8.257,True
42,15-07-2011,532533.438,0,86.01,3.779,129.1338387,8.257,True
42,22-07-2011,460184.66099999996,0,88.59,3.697,129.1507742,8.257,True
42,29-07-2011,431331.12,0,86.75,3.694,129.1677097,8.257,True
42,05-08-2011,515342.997,0,89.8,3.803,129.1846452,8.257,True
42,12-08-2011,542832.534,0,85.61,3.794,129.2015806,8.257,True
42,19-08-2011,473977.107,0,87.4,3.743,129.2405806,8.257,True
42,26-08-2011,453348.882,0,91.59,3.663,129.2832581,8.257,True
42,02-09-2011,483412.28400000004,0,91.61,3.798,129.3259355,8.257,True
42,09-09-2011,547551.846,1,89.06,3.771,129.3686129,8.257,True
42,16-09-2011,519153.381,0,77.49,3.784,129.4306,8.257,True
42,23-09-2011,475637.805,0,82.51,3.789,129.5183333,8.257,True
42,30-09-2011,459219.41099999996,0,82.27,3.877,129.6060667,8.257,True
42,07-10-2011,584200.107,0,75.01,3.827,129.6938,7.874,True
42,14-10-2011,552177.999,0,70.27,3.698,129.7706452,7.874,True
42,21-10-2011,483548.76900000003,0,77.91,3.842,129.7821613,7.874,True
42,28-10-2011,464039.73000000004,0,72.79,3.843,129.7936774,7.874,True
42,04-11-2011,537900.489,0,68.57,3.828,129.8051935,7.874,True
42,11-11-2011,578812.761,0,55.28,3.677,129.8167097,7.874,True
42,18-11-2011,510906.483,0,58.97,3.669,129.8268333,7.874,True
42,25-11-2011,519928.533,1,60.68,3.76,129.8364,7.874,True
42,02-12-2011,460695.024,0,57.29,3.701,129.8459667,7.874,True
42,09-12-2011,557220.132,0,42.58,3.644,129.8555333,7.874,True
42,16-12-2011,538594.182,0,50.53,3.489,129.8980645,7.874,True
42,23-12-2011,518108.517,0,48.36,3.541,129.9845484,7.874,True
42,30-12-2011,408971.052,1,48.92,3.428,130.0710323,7.874,True
42,06-01-2012,572735.133,0,59.85,3.443,130.1575161,7.545,True
42,13-01-2012,597913.38,0,51.0,3.477,130.244,7.545,True
42,20-01-2012,521549.93700000003,0,54.51,3.66,130.2792258,7.545,True
42,27-01-2012,485080.8030000001,0,53.59,3.675,130.3144516,7.545,True
42,03-02-2012,529603.389,0,56.85,3.543,130.3496774,7.545,True
42,10-02-2012,607427.505,1,55.73,3.722,130.3849032,7.545,True
42,17-02-2012,546004.35,0,54.12,3.781,130.4546207,7.545,True
42,24-02-2012,507873.73500000004,0,56.02,3.95,130.5502069,7.545,True
42,02-03-2012,527305.806,0,57.62,3.882,130.6457931,7.545,True
42,09-03-2012,593834.535,0,57.65,3.963,130.7413793,7.545,True
42,16-03-2012,556890.534,0,62.11,4.273,130.8261935,7.545,True
42,23-03-2012,505103.742,0,56.54,4.288,130.8966452,7.545,True
42,30-03-2012,489967.326,0,67.92,4.294,130.9670968,7.545,True
42,06-04-2012,587080.899,0,65.99,4.282,131.0375484,7.382,True
42,13-04-2012,575211.105,0,70.28,4.254,131.108,7.382,True
42,20-04-2012,497276.307,0,67.75,4.111,131.1173333,7.382,True
42,27-04-2012,473962.941,0,80.11,4.088,131.1266667,7.382,True
42,04-05-2012,548347.4010000001,0,77.02,4.058,131.136,7.382,True
42,11-05-2012,579243.321,0,76.03,4.186,131.1453333,7.382,True
42,18-05-2012,531572.742,0,85.19,4.308,131.0983226,7.382,True
42,25-05-2012,482188.122,0,86.03,4.127,131.0287742,7.382,True
42,01-06-2012,469758.40200000006,0,80.06,4.277,130.9592258,7.382,True
42,08-06-2012,578404.332,0,86.87,4.103,130.8896774,7.382,True
42,15-06-2012,545678.2170000001,0,88.58,4.144,130.8295333,7.382,True
42,22-06-2012,486028.161,0,89.92,4.014,130.7929,7.382,True
42,29-06-2012,456663.39300000004,0,91.36,3.875,130.7562667,7.382,True
42,06-07-2012,556831.8809999999,0,86.87,3.666,130.7196333,7.17,True
42,13-07-2012,565289.172,0,89.8,3.723,130.683,7.17,True
42,20-07-2012,477286.55100000004,0,84.45,3.589,130.7012903,7.17,True
42,27-07-2012,464716.989,0,83.98,3.769,130.7195806,7.17,True
42,03-08-2012,515776.239,0,84.76,3.595,130.737871,7.17,True
42,10-08-2012,518958.27900000004,0,90.78,3.811,130.7561613,7.17,True
42,17-08-2012,518398.00200000004,0,88.83,4.002,130.7909677,7.17,True
42,24-08-2012,481983.32700000005,0,82.5,4.055,130.8381613,7.17,True
42,31-08-2012,454284.51300000004,0,86.97,3.886,130.8853548,7.17,True
42,07-09-2012,555664.815,1,83.07,4.124,130.9325484,7.17,True
42,14-09-2012,528063.8940000001,0,78.47,3.966,130.9776667,7.17,True
42,21-09-2012,474449.12999999995,0,81.93,4.125,131.0103333,7.17,True
42,28-09-2012,455380.614,0,82.52,3.966,131.043,7.17,True
42,05-10-2012,533846.277,0,80.88,4.132,131.0756667,6.943,True
42,12-10-2012,551141.91,0,76.03,4.468,131.1083333,6.943,True
42,19-10-2012,487266.282,0,72.71,4.449,131.1499677,6.943,True
42,26-10-2012,463280.472,0,70.5,4.301,131.1930968,6.943,True
43,05-02-2010,582326.3520000001,0,47.31,2.572,203.0642742,9.521,True
43,12-02-2010,614627.091,1,47.99,2.548,203.2010968,9.521,True
43,19-02-2010,593097.795,0,48.77,2.514,203.2479796,9.521,True
43,26-02-2010,556832.511,0,48.77,2.561,203.2798724,9.521,True
43,05-03-2010,592740.045,0,52.89,2.625,203.3117653,9.521,True
43,12-03-2010,580848.2459999999,0,53.67,2.667,203.3436582,9.521,True
43,19-03-2010,601288.6410000001,0,56.0,2.72,203.195159,9.521,True
43,26-03-2010,560788.1370000001,0,54.53,2.732,203.0165945,9.521,True
43,02-04-2010,585092.52,0,62.19,2.719,202.83803,9.593,True
43,09-04-2010,623752.5059999999,0,64.37,2.77,202.6594654,9.593,True
43,16-04-2010,607753.98,0,69.46,2.808,202.5351571,9.593,True
43,23-04-2010,575061.615,0,62.71,2.795,202.4831905,9.593,True
43,30-04-2010,567666.099,0,66.91,2.78,202.4312238,9.593,True
43,07-05-2010,622348.74,0,67.16,2.835,202.3792571,9.593,True
43,14-05-2010,621766.431,0,72.14,2.854,202.3705092,9.593,True
43,21-05-2010,604855.872,0,74.74,2.826,202.6210737,9.593,True
43,28-05-2010,567284.184,0,78.59,2.759,202.8716382,9.593,True
43,04-06-2010,613811.277,0,82.76,2.705,203.1222028,9.593,True
43,11-06-2010,615621.5549999999,0,88.12,2.668,203.3727673,9.593,True
43,18-06-2010,630008.7930000001,0,84.9,2.637,203.370619,9.593,True
43,25-06-2010,562676.5260000001,0,88.48,2.653,203.2673857,9.593,True
43,02-07-2010,600618.4110000001,0,80.17,2.669,203.1641524,9.816,True
43,09-07-2010,646873.497,0,81.52,2.642,203.060919,9.816,True
43,16-07-2010,627159.924,0,84.17,2.623,203.0538548,9.816,True
43,23-07-2010,584131.9950000001,0,86.6,2.608,203.1750161,9.816,True
43,30-07-2010,559901.007,0,79.79,2.64,203.2961774,9.816,True
43,06-08-2010,628682.454,0,84.66,2.627,203.4173387,9.816,True
43,13-08-2010,642131.919,0,86.31,2.692,203.5385,9.816,True
43,20-08-2010,641582.181,0,85.26,2.664,203.5092419,9.816,True
43,27-08-2010,589756.221,0,80.32,2.619,203.4799839,9.816,True
43,03-09-2010,620394.219,0,80.43,2.577,203.4507258,9.816,True
43,10-09-2010,649908.0360000001,1,81.32,2.565,203.4214677,9.816,True
43,17-09-2010,652538.736,0,78.86,2.582,203.4499286,9.816,True
43,24-09-2010,585237.5549999999,0,77.42,2.624,203.5216786,9.816,True
43,01-10-2010,591397.893,0,77.93,2.603,203.5934286,10.21,True
43,08-10-2010,641999.2860000001,0,72.81,2.633,203.6651786,10.21,True
43,15-10-2010,629867.412,0,68.78,2.72,203.7299032,10.21,True
43,22-10-2010,612848.7270000001,0,69.46,2.725,203.7770645,10.21,True
43,29-10-2010,549068.688,0,65.88,2.716,203.8242258,10.21,True
43,05-11-2010,545364.1799999999,0,62.52,2.689,203.8713871,10.21,True
43,12-11-2010,535879.107,0,59.98,2.728,203.9185484,10.21,True
43,19-11-2010,530520.615,0,54.96,2.771,203.8191286,10.21,True
43,26-11-2010,570168.306,1,54.76,2.735,203.6952786,10.21,True
43,03-12-2010,501789.25800000003,0,44.56,2.708,203.5714286,10.21,True
43,10-12-2010,538811.118,0,52.52,2.843,203.4475786,10.21,True
43,17-12-2010,554185.593,0,56.51,2.869,203.3996521,10.21,True
43,24-12-2010,590973.867,0,57.15,2.886,203.4086682,10.21,True
43,31-12-2010,481266.2700000001,1,48.61,2.943,203.4176843,10.21,True
43,07-01-2011,550616.949,0,40.47,2.976,203.4267005,10.398,True
43,14-01-2011,553446.063,0,43.45,2.983,203.4840645,10.398,True
43,21-01-2011,540904.3110000001,0,53.05,3.016,203.8315161,10.398,True
43,28-01-2011,506302.443,0,44.98,3.01,204.1789677,10.398,True
43,04-02-2011,586369.593,0,33.21,2.989,204.5264194,10.398,True
43,11-02-2011,572085.882,1,40.65,3.022,204.873871,10.398,True
43,18-02-2011,563964.993,0,59.15,3.045,205.1683214,10.398,True
43,25-02-2011,533106.0090000001,0,58.37,3.065,205.4415714,10.398,True
43,04-03-2011,554710.725,0,60.26,3.288,205.7148214,10.398,True
43,11-03-2011,566124.0750000001,0,60.24,3.459,205.9880714,10.398,True
43,18-03-2011,571653.9450000001,0,68.98,3.488,206.225924,10.398,True
43,25-03-2011,527390.19,0,65.53,3.473,206.4496175,10.398,True
43,01-04-2011,550426.986,0,67.79,3.524,206.6733111,10.581,True
43,08-04-2011,585376.875,0,70.35,3.622,206.8970046,10.581,True
43,15-04-2011,572182.2270000001,0,65.01,3.743,207.1015429,10.581,True
43,22-04-2011,574452.603,0,74.49,3.807,207.2581929,10.581,True
43,29-04-2011,550317.789,0,71.34,3.81,207.4148429,10.581,True
43,06-05-2011,584233.866,0,66.77,3.906,207.5714929,10.581,True
43,13-05-2011,616190.319,0,76.03,3.899,207.7281429,10.581,True
43,20-05-2011,583497.162,0,74.21,3.907,207.5200622,10.581,True
43,27-05-2011,520388.667,0,80.89,3.786,207.3119816,10.581,True
43,03-06-2011,567874.935,0,83.49,3.699,207.1039009,10.581,True
43,10-06-2011,578737.539,0,85.81,3.648,206.8958203,10.581,True
43,17-06-2011,599203.566,0,88.49,3.637,206.8560238,10.581,True
43,24-06-2011,544432.5719999999,0,88.3,3.594,206.9424405,10.581,True
43,01-07-2011,528103.6020000001,0,91.36,3.524,207.0288571,10.641,True
43,08-07-2011,586033.047,0,87.02,3.48,207.1152738,10.641,True
43,15-07-2011,568644.642,0,84.67,3.575,207.1940691,10.641,True
43,22-07-2011,537618.951,0,88.58,3.651,207.2538111,10.641,True
43,29-07-2011,480525.76800000004,0,83.43,3.682,207.313553,10.641,True
43,05-08-2011,545360.931,0,87.47,3.684,207.3732949,10.641,True
43,12-08-2011,536063.9040000001,0,86.64,3.638,207.4330369,10.641,True
43,19-08-2011,597056.688,0,82.08,3.554,207.4953088,10.641,True
43,26-08-2011,505415.772,0,87.43,3.523,207.5580023,10.641,True
43,02-09-2011,534802.41,0,87.84,3.533,207.6206959,10.641,True
43,09-09-2011,584215.407,1,79.29,3.546,207.6833894,10.641,True
43,16-09-2011,556989.417,0,77.17,3.526,207.8527143,10.641,True
43,23-09-2011,527497.317,0,78.98,3.467,208.1642143,10.641,True
43,30-09-2011,499665.348,0,78.97,3.355,208.4757143,10.641,True
43,07-10-2011,578545.758,0,74.17,3.285,208.7872143,10.148,True
43,14-10-2011,531886.104,0,68.09,3.274,209.0752166,10.148,True
43,21-10-2011,535163.364,0,70.3,3.353,209.2222327,10.148,True
43,28-10-2011,515264.91299999994,0,66.82,3.372,209.3692488,10.148,True
43,04-11-2011,577714.833,0,59.08,3.332,209.516265,10.148,True
43,11-11-2011,554377.9500000001,0,51.26,3.297,209.6632811,10.148,True
43,18-11-2011,565304.049,0,57.75,3.308,209.8651071,10.148,True
43,25-11-2011,602968.698,1,55.7,3.236,210.0888571,10.148,True
43,02-12-2011,526525.434,0,47.49,3.172,210.3126071,10.148,True
43,09-12-2011,556108.2629999999,0,34.23,3.158,210.5363571,10.148,True
43,16-12-2011,598506.372,0,43.78,3.159,210.7365392,10.148,True
43,23-12-2011,608661.414,0,42.63,3.112,210.9052972,10.148,True
43,30-12-2011,454865.265,1,41.83,3.129,211.0740553,10.148,True
43,06-01-2012,603893.709,0,47.59,3.157,211.2428134,9.653,True
43,13-01-2012,597176.676,0,43.68,3.261,211.4115714,9.653,True
43,20-01-2012,557303.0850000001,0,52.72,3.268,211.4997811,9.653,True
43,27-01-2012,528916.8420000001,0,52.1,3.29,211.5879908,9.653,True
43,03-02-2012,566259.039,0,51.92,3.36,211.6762005,9.653,True
43,10-02-2012,595978.785,1,46.54,3.409,211.7644101,9.653,True
43,17-02-2012,594568.8450000001,0,49.38,3.51,211.916835,9.653,True
43,24-02-2012,551738.673,0,53.53,3.555,212.1174212,9.653,True
43,02-03-2012,623924.982,0,56.43,3.63,212.3180074,9.653,True
43,09-03-2012,573009.903,0,54.52,3.669,212.5185936,9.653,True
43,16-03-2012,595536.3180000001,0,57.88,3.734,212.6651567,9.653,True
43,23-03-2012,549846.846,0,56.28,3.787,212.7396889,9.653,True
43,30-03-2012,560932.56,0,69.88,3.845,212.8142212,9.653,True
43,06-04-2012,592621.4430000001,0,64.7,3.891,212.8887535,9.575,True
43,13-04-2012,599119.128,0,70.18,3.891,212.9632857,9.575,True
43,20-04-2012,574330.482,0,67.28,3.877,213.0130524,9.575,True
43,27-04-2012,533824.731,0,78.27,3.814,213.062819,9.575,True
43,04-05-2012,574167.78,0,77.47,3.749,213.1125857,9.575,True
43,11-05-2012,576143.136,0,67.59,3.688,213.1623524,9.575,True
43,18-05-2012,583687.6290000001,0,72.06,3.63,213.1753618,9.575,True
43,25-05-2012,537665.751,0,82.41,3.561,213.1736682,9.575,True
43,01-06-2012,544570.758,0,80.89,3.501,213.1719747,9.575,True
43,08-06-2012,578729.2590000001,0,85.73,3.452,213.1702811,9.575,True
43,15-06-2012,571333.59,0,87.75,3.393,213.1786952,9.575,True
43,22-06-2012,551943.711,0,87.51,3.346,213.2123786,9.575,True
43,29-06-2012,533815.317,0,89.85,3.286,213.2460619,9.575,True
43,06-07-2012,581056.731,0,82.68,3.227,213.2797452,9.285,True
43,13-07-2012,564870.636,0,78.82,3.256,213.3134286,9.285,True
43,20-07-2012,536898.645,0,83.83,3.311,213.3219124,9.285,True
43,27-07-2012,515202.76800000004,0,82.01,3.407,213.3303963,9.285,True
43,03-08-2012,552941.046,0,85.06,3.417,213.3388802,9.285,True
43,10-08-2012,579202.902,0,86.36,3.494,213.3473641,9.285,True
43,17-08-2012,576189.765,0,85.66,3.571,213.4226959,9.285,True
43,24-08-2012,538411.176,0,81.65,3.62,213.5481636,9.285,True
43,31-08-2012,533827.1610000001,0,81.12,3.638,213.6736313,9.285,True
43,07-09-2012,597432.7620000001,1,84.99,3.73,213.7990991,9.285,True
43,14-09-2012,562677.2459999999,0,73.03,3.717,213.9332167,9.285,True
43,21-09-2012,541791.018,0,75.87,3.721,214.1192333,9.285,True
43,28-09-2012,520013.088,0,77.55,3.666,214.30525,9.285,True
43,05-10-2012,578353.4010000001,0,74.09,3.617,214.4912667,8.839,True
43,12-10-2012,557432.748,0,71.14,3.601,214.6772833,8.839,True
43,19-10-2012,561527.307,0,71.25,3.594,214.7212488,8.839,True
43,26-10-2012,528843.1950000001,0,69.17,3.506,214.7415392,8.839,True
44,05-02-2010,252981.855,0,31.53,2.666,126.4420645,8.119,True
44,12-02-2010,258171.41700000002,1,33.16,2.671,126.4962581,8.119,True
44,19-02-2010,241160.66999999998,0,35.7,2.654,126.5262857,8.119,True
44,26-02-2010,245771.163,0,29.98,2.667,126.5522857,8.119,True
44,05-03-2010,256155.54300000003,0,40.65,2.681,126.5782857,8.119,True
44,12-03-2010,244971.74700000003,0,37.62,2.733,126.6042857,8.119,True
44,19-03-2010,242661.78000000003,0,42.49,2.782,126.6066452,8.119,True
44,26-03-2010,248651.541,0,41.48,2.819,126.6050645,8.119,True
44,02-04-2010,257577.75,0,42.15,2.842,126.6034839,7.972,True
44,09-04-2010,231625.16999999998,0,38.97,2.877,126.6019032,7.972,True
44,16-04-2010,252043.866,0,50.39,2.915,126.5621,7.972,True
44,23-04-2010,250458.33599999998,0,55.66,2.936,126.4713333,7.972,True
44,30-04-2010,245697.88500000004,0,48.33,2.941,126.3805667,7.972,True
44,07-05-2010,256841.87399999998,0,44.42,2.948,126.2898,7.972,True
44,14-05-2010,257864.32799999998,0,50.15,2.962,126.2085484,7.972,True
44,21-05-2010,240358.81499999997,0,57.71,2.95,126.1843871,7.972,True
44,28-05-2010,262701.90900000004,0,53.11,2.908,126.1602258,7.972,True
44,04-06-2010,254116.638,0,59.85,2.871,126.1360645,7.972,True
44,11-06-2010,267136.38,0,65.24,2.841,126.1119032,7.972,True
44,18-06-2010,264133.224,0,58.41,2.819,126.114,7.972,True
44,25-06-2010,259422.516,0,71.83,2.82,126.1266,7.972,True
44,02-07-2010,270565.371,0,78.82,2.814,126.1392,7.804,True
44,09-07-2010,252425.50200000004,0,71.33,2.802,126.1518,7.804,True
44,16-07-2010,267389.955,0,77.79,2.791,126.1498065,7.804,True
44,23-07-2010,263412.144,0,82.27,2.797,126.1283548,7.804,True
44,30-07-2010,247518.86400000003,0,78.94,2.797,126.1069032,7.804,True
44,06-08-2010,267124.041,0,81.24,2.802,126.0854516,7.804,True
44,13-08-2010,261925.28100000002,0,74.93,2.837,126.064,7.804,True
44,20-08-2010,256266.45,0,76.34,2.85,126.0766452,7.804,True
44,27-08-2010,263839.57200000004,0,75.31,2.854,126.0892903,7.804,True
44,03-09-2010,266292.108,0,65.71,2.868,126.1019355,7.804,True
44,10-09-2010,255109.617,1,65.74,2.87,126.1145806,7.804,True
44,17-09-2010,251427.717,0,66.84,2.875,126.1454667,7.804,True
44,24-09-2010,253182.40200000003,0,68.22,2.872,126.1900333,7.804,True
44,01-10-2010,270137.205,0,68.74,2.853,126.2346,7.61,True
44,08-10-2010,251571.996,0,63.03,2.841,126.2791667,7.61,True
44,15-10-2010,241837.587,0,54.12,2.845,126.3266774,7.61,True
44,22-10-2010,243099.27,0,56.89,2.849,126.3815484,7.61,True
44,29-10-2010,257847.741,0,45.12,2.841,126.4364194,7.61,True
44,05-11-2010,243465.15600000002,0,49.96,2.831,126.4912903,7.61,True
44,12-11-2010,253718.811,0,42.55,2.831,126.5461613,7.61,True
44,19-11-2010,255890.268,0,42.0,2.842,126.6072,7.61,True
44,26-11-2010,276881.85000000003,1,28.22,2.83,126.6692667,7.61,True
44,03-12-2010,237792.708,0,25.8,2.812,126.7313333,7.61,True
44,10-12-2010,250427.95200000002,0,36.78,2.817,126.7934,7.61,True
44,17-12-2010,250781.715,0,35.21,2.842,126.8794839,7.61,True
44,24-12-2010,328588.416,0,34.9,2.846,126.9835806,7.61,True
44,31-12-2010,217743.399,1,26.79,2.868,127.0876774,7.61,True
44,07-01-2011,259488.342,0,16.94,2.891,127.1917742,7.224,True
44,14-01-2011,263573.424,0,20.6,2.903,127.3009355,7.224,True
44,21-01-2011,248542.02,0,34.8,2.934,127.4404839,7.224,True
44,28-01-2011,248410.26000000004,0,31.64,2.96,127.5800323,7.224,True
44,04-02-2011,264557.772,0,23.35,2.974,127.7195806,7.224,True
44,11-02-2011,276738.057,1,30.83,3.034,127.859129,7.224,True
44,18-02-2011,252707.184,0,40.85,3.062,127.99525,7.224,True
44,25-02-2011,251485.137,0,33.17,3.12,128.13,7.224,True
44,04-03-2011,264586.086,0,34.23,3.23,128.26475,7.224,True
44,11-03-2011,256046.526,0,41.28,3.346,128.3995,7.224,True
44,18-03-2011,253529.712,0,44.69,3.407,128.5121935,7.224,True
44,25-03-2011,256528.62900000002,0,42.38,3.435,128.6160645,7.224,True
44,01-04-2011,253362.834,0,42.49,3.487,128.7199355,6.906,True
44,08-04-2011,263248.749,0,42.75,3.547,128.8238065,6.906,True
44,15-04-2011,260700.79499999998,0,41.72,3.616,128.9107333,6.906,True
44,22-04-2011,252321.57,0,47.55,3.655,128.9553,6.906,True
44,29-04-2011,253123.17299999998,0,43.85,3.683,128.9998667,6.906,True
44,06-05-2011,269419.203,0,47.75,3.744,129.0444333,6.906,True
44,13-05-2011,276385.779,0,52.4,3.77,129.089,6.906,True
44,20-05-2011,273203.307,0,52.12,3.802,129.0756774,6.906,True
44,27-05-2011,277598.241,0,54.62,3.778,129.0623548,6.906,True
44,03-06-2011,278055.03599999996,0,52.76,3.752,129.0490323,6.906,True
44,10-06-2011,277893.37799999997,0,61.39,3.732,129.0357097,6.906,True
44,17-06-2011,270230.283,0,63.35,3.704,129.0432,6.906,True
44,24-06-2011,267089.031,0,66.38,3.668,129.0663,6.906,True
44,01-07-2011,283745.772,0,74.29,3.613,129.0894,6.56,True
44,08-07-2011,265805.109,0,77.3,3.563,129.1125,6.56,True
44,15-07-2011,260281.08900000004,0,75.59,3.553,129.1338387,6.56,True
44,22-07-2011,272797.929,0,78.5,3.563,129.1507742,6.56,True
44,29-07-2011,251709.30000000002,0,77.62,3.574,129.1677097,6.56,True
44,05-08-2011,268272.405,0,75.56,3.595,129.1846452,6.56,True
44,12-08-2011,261359.694,0,75.95,3.606,129.2015806,6.56,True
44,19-08-2011,261818.72100000002,0,76.68,3.578,129.2405806,6.56,True
44,26-08-2011,291757.311,0,81.53,3.57,129.2832581,6.56,True
44,02-09-2011,278589.168,0,77.0,3.58,129.3259355,6.56,True
44,09-09-2011,266230.125,1,70.19,3.619,129.3686129,6.56,True
44,16-09-2011,273576.852,0,67.54,3.641,129.4306,6.56,True
44,23-09-2011,276668.217,0,63.6,3.648,129.5183333,6.56,True
44,30-09-2011,269781.97500000003,0,68.28,3.623,129.6060667,6.56,True
44,07-10-2011,281319.624,0,60.62,3.592,129.6938,6.078,True
44,14-10-2011,263728.602,0,51.74,3.567,129.7706452,6.078,True
44,21-10-2011,275372.829,0,54.66,3.579,129.7821613,6.078,True
44,28-10-2011,275702.463,0,47.41,3.567,129.7936774,6.078,True
44,04-11-2011,276413.706,0,43.51,3.538,129.8051935,6.078,True
44,11-11-2011,281010.204,0,33.8,3.513,129.8167097,6.078,True
44,18-11-2011,279477.936,0,40.65,3.489,129.8268333,6.078,True
44,25-11-2011,278216.109,1,38.89,3.445,129.8364,6.078,True
44,02-12-2011,255878.40600000002,0,33.94,3.389,129.8459667,6.078,True
44,09-12-2011,273870.81899999996,0,24.82,3.341,129.8555333,6.078,True
44,16-12-2011,280029.744,0,27.85,3.282,129.8980645,6.078,True
44,23-12-2011,338610.50100000005,0,24.76,3.186,129.9845484,6.078,True
44,30-12-2011,237526.06499999997,1,31.53,3.119,130.0710323,6.078,True
44,06-01-2012,292795.137,0,33.8,3.08,130.1575161,5.774,True
44,13-01-2012,281125.69200000004,0,25.61,3.056,130.244,5.774,True
44,20-01-2012,285253.55100000004,0,32.71,3.047,130.2792258,5.774,True
44,27-01-2012,277465.842,0,34.32,3.058,130.3144516,5.774,True
44,03-02-2012,293387.445,0,31.39,3.077,130.3496774,5.774,True
44,10-02-2012,292840.173,1,33.73,3.116,130.3849032,5.774,True
44,17-02-2012,288622.08900000004,0,36.57,3.119,130.4546207,5.774,True
44,24-02-2012,284077.62,0,35.38,3.145,130.5502069,5.774,True
44,02-03-2012,285018.49799999996,0,32.36,3.242,130.6457931,5.774,True
44,09-03-2012,273094.416,0,38.24,3.38,130.7413793,5.774,True
44,16-03-2012,298769.35500000004,0,52.5,3.529,130.8261935,5.774,True
44,23-03-2012,267252.354,0,47.83,3.671,130.8966452,5.774,True
44,30-03-2012,279024.561,0,53.2,3.734,130.9670968,5.774,True
44,06-04-2012,288018.99,0,48.85,3.793,131.0375484,5.621,True
44,13-04-2012,280251.198,0,51.7,3.833,131.108,5.621,True
44,20-04-2012,290910.42,0,50.24,3.845,131.1173333,5.621,True
44,27-04-2012,297304.524,0,64.8,3.842,131.1266667,5.621,True
44,04-05-2012,293447.95200000005,0,54.41,3.831,131.136,5.621,True
44,11-05-2012,307242.972,0,56.47,3.809,131.1453333,5.621,True
44,18-05-2012,300638.187,0,65.17,3.808,131.0983226,5.621,True
44,25-05-2012,308941.461,0,62.39,3.801,131.0287742,5.621,True
44,01-06-2012,291069.846,0,61.11,3.788,130.9592258,5.621,True
44,08-06-2012,306214.542,0,68.4,3.776,130.8896774,5.621,True
44,15-06-2012,304560.738,0,65.97,3.756,130.8295333,5.621,True
44,22-06-2012,302616.9,0,72.89,3.737,130.7929,5.621,True
44,29-06-2012,304547.472,0,82.0,3.681,130.7562667,5.621,True
44,06-07-2012,322615.422,0,79.23,3.63,130.7196333,5.407,True
44,13-07-2012,302831.541,0,83.68,3.595,130.683,5.407,True
44,20-07-2012,304037.244,0,75.69,3.556,130.7012903,5.407,True
44,27-07-2012,287869.734,0,80.42,3.537,130.7195806,5.407,True
44,03-08-2012,308146.842,0,81.99,3.512,130.737871,5.407,True
44,10-08-2012,300235.329,0,81.69,3.509,130.7561613,5.407,True
44,17-08-2012,294650.559,0,79.4,3.545,130.7909677,5.407,True
44,24-08-2012,304187.166,0,77.37,3.582,130.8381613,5.407,True
44,31-08-2012,305541.621,0,79.18,3.624,130.8853548,5.407,True
44,07-09-2012,304863.597,1,70.65,3.689,130.9325484,5.407,True
44,14-09-2012,312954.00299999997,0,68.55,3.749,130.9776667,5.407,True
44,21-09-2012,302415.83999999997,0,67.96,3.821,131.0103333,5.407,True
44,28-09-2012,319777.146,0,64.8,3.821,131.043,5.407,True
44,05-10-2012,303651.396,0,61.79,3.815,131.0756667,5.217,True
44,12-10-2012,304016.517,0,55.1,3.797,131.1083333,5.217,True
44,19-10-2012,291390.09300000005,0,52.06,3.781,131.1499677,5.217,True
44,26-10-2012,324960.363,0,46.97,3.755,131.1930968,5.217,True
45,05-02-2010,801620.559,0,27.31,2.784,181.8711898,8.992,True
45,12-02-2010,591289.7760000001,1,27.73,2.773,181.982317,8.992,True
45,19-02-2010,757137.636,0,31.27,2.745,182.0347816,8.992,True
45,26-02-2010,667702.485,0,34.89,2.754,182.0774691,8.992,True
45,05-03-2010,700156.098,0,37.13,2.777,182.1201566,8.992,True
45,12-03-2010,689118.6780000001,0,45.8,2.818,182.1628441,8.992,True
45,19-03-2010,696437.541,0,48.79,2.844,182.0779857,8.992,True
45,26-03-2010,704307.042,0,54.36,2.854,181.9718697,8.992,True
45,02-04-2010,789512.364,0,47.74,2.85,181.8657537,8.899,True
45,09-04-2010,750404.4299999999,0,65.45,2.869,181.7596377,8.899,True
45,16-04-2010,703999.764,0,54.28,2.899,181.6924769,8.899,True
45,23-04-2010,674801.19,0,53.47,2.902,181.6772564,8.899,True
45,30-04-2010,663539.0129999999,0,53.15,2.921,181.6620359,8.899,True
45,07-05-2010,730971.684,0,70.75,2.966,181.6468154,8.899,True
45,14-05-2010,682363.98,0,54.26,2.982,181.6612792,8.899,True
45,21-05-2010,673099.425,0,62.62,2.958,181.8538486,8.899,True
45,28-05-2010,720988.587,0,69.27,2.899,182.0464181,8.899,True
45,04-06-2010,753793.758,0,75.93,2.847,182.2389876,8.899,True
45,11-06-2010,715228.893,0,69.71,2.809,182.4315571,8.899,True
45,18-06-2010,733617.4500000001,0,72.62,2.78,182.4424199,8.899,True
45,25-06-2010,713069.235,0,79.32,2.808,182.3806,8.899,True
45,02-07-2010,720133.056,0,76.61,2.815,182.3187801,8.743,True
45,09-07-2010,708355.8,0,82.45,2.793,182.2569603,8.743,True
45,16-07-2010,651338.091,0,77.84,2.783,182.2604411,8.743,True
45,23-07-2010,643140.999,0,81.46,2.771,182.3509895,8.743,True
45,30-07-2010,645173.343,0,79.78,2.781,182.4415378,8.743,True
45,06-08-2010,671865.588,0,77.17,2.784,182.5320862,8.743,True
45,13-08-2010,650035.989,0,78.44,2.805,182.6226346,8.743,True
45,20-08-2010,637711.461,0,76.01,2.779,182.6165205,8.743,True
45,27-08-2010,649569.897,0,71.36,2.755,182.6104063,8.743,True
45,03-09-2010,711130.23,0,78.37,2.715,182.6042922,8.743,True
45,10-09-2010,649314.198,1,70.87,2.699,182.598178,8.743,True
45,17-09-2010,645288.8219999999,0,66.55,2.706,182.622509,8.743,True
45,24-09-2010,610405.722,0,68.59,2.713,182.6696737,8.743,True
45,01-10-2010,621006.984,0,70.58,2.707,182.7168385,8.724,True
45,08-10-2010,671203.89,0,56.49,2.764,182.7640032,8.724,True
45,15-10-2010,643736.9700000001,0,58.61,2.868,182.8106203,8.724,True
45,22-10-2010,657809.433,0,53.15,2.917,182.8558685,8.724,True
45,29-10-2010,659573.784,0,61.3,2.921,182.9011166,8.724,True
45,05-11-2010,687612.6540000001,0,45.65,2.917,182.9463648,8.724,True
45,12-11-2010,689084.037,0,46.14,2.931,182.9916129,8.724,True
45,19-11-2010,651589.065,0,50.02,3.0,182.8989385,8.724,True
45,26-11-2010,1064250.1439999999,1,46.15,3.039,182.7832769,8.724,True
45,03-12-2010,791320.41,0,40.93,3.046,182.6676154,8.724,True
45,10-12-2010,902127.906,0,30.54,3.109,182.5519538,8.724,True
45,17-12-2010,1010954.5650000001,0,30.51,3.14,182.517732,8.724,True
45,24-12-2010,1514575.827,0,30.59,3.141,182.54459,8.724,True
45,31-12-2010,611240.58,1,29.67,3.179,182.5714479,8.724,True
45,07-01-2011,612228.915,0,34.32,3.193,182.5983058,8.549,True
45,14-01-2011,588617.0549999999,0,24.78,3.205,182.6585782,8.549,True
45,21-01-2011,579856.797,0,30.55,3.229,182.9193368,8.549,True
45,28-01-2011,555486.8219999999,0,24.05,3.237,183.1800955,8.549,True
45,04-02-2011,683498.097,0,28.73,3.231,183.4408542,8.549,True
45,11-02-2011,689810.4,1,30.3,3.239,183.7016129,8.549,True
45,18-02-2011,722028.069,0,40.7,3.245,183.9371353,8.549,True
45,25-02-2011,660345.1020000001,0,35.78,3.274,184.1625632,8.549,True
45,04-03-2011,685692.324,0,38.65,3.433,184.3879911,8.549,True
45,11-03-2011,642613.257,0,45.01,3.582,184.613419,8.549,True
45,18-03-2011,660208.2930000001,0,46.66,3.631,184.809719,8.549,True
45,25-03-2011,647763.525,0,41.76,3.625,184.9943679,8.549,True
45,01-04-2011,641183.184,0,37.27,3.638,185.1790167,8.521,True
45,08-04-2011,675164.439,0,48.71,3.72,185.3636656,8.521,True
45,15-04-2011,688743.018,0,53.69,3.821,185.5339821,8.521,True
45,22-04-2011,732267.396,0,53.04,3.892,185.6684673,8.521,True
45,29-04-2011,707905.449,0,66.18,3.962,185.8029526,8.521,True
45,06-05-2011,729135.576,0,58.21,4.046,185.9374378,8.521,True
45,13-05-2011,714500.19,0,60.38,4.066,186.0719231,8.521,True
45,20-05-2011,654447.3030000001,0,62.28,4.062,185.9661154,8.521,True
45,27-05-2011,735887.925,0,69.7,3.985,185.8603077,8.521,True
45,03-06-2011,789681.105,0,76.38,3.922,185.7545,8.521,True
45,10-06-2011,732955.653,0,73.88,3.881,185.6486923,8.521,True
45,17-06-2011,730038.3030000001,0,69.32,3.842,185.6719333,8.521,True
45,24-06-2011,686575.6020000001,0,74.85,3.804,185.7919609,8.521,True
45,01-07-2011,712345.725,0,74.04,3.748,185.9119885,8.625,True
45,08-07-2011,691846.299,0,77.49,3.711,186.032016,8.625,True
45,15-07-2011,673591.6799999999,0,78.47,3.76,186.1399808,8.625,True
45,22-07-2011,667462.725,0,82.33,3.811,186.2177885,8.625,True
45,29-07-2011,634212.873,0,81.31,3.829,186.2955962,8.625,True
45,05-08-2011,689397.228,0,78.22,3.842,186.3734038,8.625,True
45,12-08-2011,651762.801,0,77.0,3.812,186.4512115,8.625,True
45,19-08-2011,641126.448,0,72.98,3.747,186.5093071,8.625,True
45,26-08-2011,750581.109,0,72.55,3.704,186.5641172,8.625,True
45,02-09-2011,653834.1510000001,0,70.63,3.703,186.6189274,8.625,True
45,09-09-2011,671516.604,1,71.48,3.738,186.6737376,8.625,True
45,16-09-2011,640230.8040000001,0,69.17,3.742,186.8024,8.625,True
45,23-09-2011,642695.778,0,63.75,3.711,187.0295321,8.625,True
45,30-09-2011,629087.706,0,70.66,3.645,187.2566641,8.625,True
45,07-10-2011,678102.3450000001,0,55.82,3.583,187.4837962,8.523,True
45,14-10-2011,648852.291,0,63.82,3.541,187.6917481,8.523,True
45,21-10-2011,694517.76,0,59.6,3.57,187.7846197,8.523,True
45,28-10-2011,703525.113,0,51.78,3.569,187.8774913,8.523,True
45,04-11-2011,750086.298,0,43.92,3.551,187.9703629,8.523,True
45,11-11-2011,727762.338,0,47.65,3.53,188.0632345,8.523,True
45,18-11-2011,696243.393,0,51.34,3.53,188.1983654,8.523,True
45,25-11-2011,1053605.646,1,48.71,3.492,188.3504,8.523,True
45,02-12-2011,788129.829,0,50.19,3.452,188.5024346,8.523,True
45,09-12-2011,861439.7790000001,0,46.57,3.415,188.6544692,8.523,True
45,16-12-2011,971015.112,0,39.93,3.413,188.7979349,8.523,True
45,23-12-2011,1369762.191,0,42.27,3.389,188.9299752,8.523,True
45,30-12-2011,782463.267,1,37.79,3.389,189.0620155,8.523,True
45,06-01-2012,642672.9450000001,0,35.88,3.422,189.1940558,8.424,True
45,13-01-2012,608953.9770000001,0,41.18,3.513,189.3260962,8.424,True
45,20-01-2012,630352.989,0,31.85,3.533,189.4214733,8.424,True
45,27-01-2012,561673.476,0,37.93,3.567,189.5168505,8.424,True
45,03-02-2012,681597.855,0,42.96,3.617,189.6122277,8.424,True
45,10-02-2012,723291.408,1,37.0,3.64,189.7076048,8.424,True
45,17-02-2012,772968.375,0,36.85,3.695,189.8424834,8.424,True
45,24-02-2012,677754.702,0,42.86,3.739,190.0069881,8.424,True
45,02-03-2012,704516.409,0,41.55,3.816,190.1714927,8.424,True
45,09-03-2012,699271.983,0,45.52,3.848,190.3359973,8.424,True
45,16-03-2012,709506.207,0,50.56,3.862,190.4618964,8.424,True
45,23-03-2012,712651.833,0,59.45,3.9,190.5363213,8.424,True
45,30-03-2012,699528.6540000001,0,50.04,3.953,190.6107463,8.424,True
45,06-04-2012,809531.4870000001,0,49.73,3.996,190.6851712,8.567,True
45,13-04-2012,703773.54,0,51.83,4.044,190.7595962,8.567,True
45,20-04-2012,698995.566,0,63.13,4.027,190.8138013,8.567,True
45,27-04-2012,640414.692,0,53.2,4.004,190.8680064,8.567,True
45,04-05-2012,704070.6120000001,0,55.21,3.951,190.9222115,8.567,True
45,11-05-2012,693438.633,0,61.24,3.889,190.9764167,8.567,True
45,18-05-2012,720758.052,0,66.3,3.848,190.9964479,8.567,True
45,25-05-2012,735967.0530000001,0,67.21,3.798,191.0028096,8.567,True
45,01-06-2012,753430.167,0,74.48,3.742,191.0091712,8.567,True
45,08-06-2012,715619.7000000001,0,64.3,3.689,191.0155329,8.567,True
45,15-06-2012,739348.3620000001,0,71.93,3.62,191.0299731,8.567,True
45,22-06-2012,740312.2440000001,0,74.22,3.564,191.0646096,8.567,True
45,29-06-2012,696030.939,0,75.22,3.506,191.0992462,8.567,True
45,06-07-2012,759024.99,0,82.99,3.475,191.1338827,8.684,True
45,13-07-2012,674835.372,0,79.97,3.523,191.1685192,8.684,True
45,20-07-2012,663852.285,0,78.89,3.567,191.1670428,8.684,True
45,27-07-2012,640504.422,0,77.2,3.647,191.1655664,8.684,True
45,03-08-2012,653156.559,0,76.58,3.654,191.16409,8.684,True
45,10-08-2012,659733.588,0,78.65,3.722,191.1626135,8.684,True
45,17-08-2012,650247.2370000001,0,75.71,3.807,191.2284919,8.684,True
45,24-08-2012,646409.034,0,72.62,3.834,191.3448865,8.684,True
45,31-08-2012,660868.083,0,75.09,3.867,191.461281,8.684,True
45,07-09-2012,689861.3940000001,1,75.7,3.911,191.5776756,8.684,True
45,14-09-2012,632014.4430000001,0,67.87,3.948,191.69985,8.684,True
45,21-09-2012,650777.58,0,65.32,4.038,191.8567038,8.684,True
45,28-09-2012,641856.5549999999,0,64.88,3.997,192.0135577,8.684,True
45,05-10-2012,660109.563,0,64.89,3.985,192.1704115,8.667,True
45,12-10-2012,661017.924,0,54.47,4.0,192.3272654,8.667,True
45,19-10-2012,646312.9770000001,0,56.47,3.969,192.3308542,8.667,True
45,26-10-2012,684253.287,0,58.85,3.882,192.3088989,8.667,True
